Classificazione;Livello;Codice_IRI;Codice_Padre_IRI;codice;Nome;Descrizione
CP-2021;1;1;;1;LEGISLATORI, IMPRENDITORI E ALTA DIRIGENZA;"Il primo grande gruppo comprende le professioni che richiedono un livello di conoscenza necessario a definire e implementare strategie di indirizzo e regolazione in ambito politico, istituzionale ed economico, anche avvalendosi di contributi specialistici. I loro compiti consistono nel definire e formulare le politiche di governo, le leggi e le norme a livello centrale e locale; sovrintendere alla loro interpretazione ed applicazione; rappresentare lo Stato ed il governo ed agire per loro conto; pianificare, dirigere, coordinare e valutare le politiche e gli obiettivi; orientare le attività generali di imprese, organizzazioni o unità organizzative complesse, pubbliche e private. Il livello di conoscenza richiesta dalle professioni comprese in questo grande gruppo non è sempre individuabile in un particolare livello di istruzione formale."
CP-2021;1;2;;2;PROFESSIONI INTELLETTUALI, SCIENTIFICHE E DI ELEVATA SPECIALIZZAZIONE;"Il secondo grande gruppo comprende le professioni che richiedono un elevato livello di conoscenza teorica per analizzare e rappresentare, in ambiti disciplinari specifici, situazioni e problemi complessi, definire le possibili soluzioni e assumere le relative decisioni. I loro compiti consistono nell’arricchire le conoscenze esistenti, promuovendo e conducendo la ricerca scientifica; nell'applicare le conoscenze e i metodi per la prevenzione, la diagnosi e la cura delle malattie e delle disfunzioni; nell’interpretare criticamente e sviluppare concetti, teorie scientifiche e norme; nell’insegnarli e trasmetterli in modo sistematico; nell’applicarli alla soluzione di problemi concreti; nell’eseguire performance artistiche. Il livello di conoscenza richiesta dalle professioni comprese in questo grande gruppo è acquisito attraverso il completamento di percorsi di istruzione universitaria di II livello o post-universitaria o percorsi di apprendimento, anche non formale, di pari complessità."
CP-2021;1;3;;3;PROFESSIONI TECNICHE;"Il terzo grande gruppo comprende le professioni che richiedono conoscenze tecnico-disciplinari per selezionare e applicare operativamente protocolli e procedure – definiti e predeterminati – in attività di produzione o servizio. I loro compiti consistono nel coadiuvare gli specialisti in ambito scientifico, sanitario, umanistico, economico e sociale, afferenti alle scienze quantitative fisiche, chimiche, ingegneristiche e naturali, alle scienze della vita e della salute, alle scienze gestionali e amministrative; nel supervisionare, controllare, pianificare e garantire il corretto funzionamento dei processi di produzione e nell'organizzare i relativi fattori produttivi; nel fornire servizi sociali, pubblici e di intrattenimento; nell’eseguire e supportare performance sportive. Il livello di conoscenza richiesto dalle professioni comprese in questo grande gruppo è acquisito generalmente attraverso il completamento di percorsi di istruzione secondaria, post-secondaria o universitaria di I livello, o percorsi di apprendimento, anche non formale, di pari complessità."
CP-2021;1;4;;4;PROFESSIONI ESECUTIVE NEL LAVORO D'UFFICIO;"Il quarto grande gruppo comprende le professioni che svolgono il lavoro d'ufficio con funzioni non direttive. I loro compiti consistono nell'acquisire, trattare, archiviare e trasmettere informazioni secondo quanto disposto da norme o da regolamenti e nella verifica e corretta applicazione di procedure. Amministrano il personale, applicano procedure che comportano la circolazione di denaro; trascrivono e correggono documenti; effettuano calcoli e semplici rendicontazioni statistiche; forniscono al pubblico informazioni e servizi connessi alle attività dell’organizzazione o dell’impresa per cui operano. Tali attività richiedono in genere conoscenze di base assimilabili a quelle acquisite completando l'obbligo scolastico o un ciclo breve di istruzione secondaria superiore o, ancora, una qualifica professionale o esperienza lavorativa."
CP-2021;1;5;;5;PROFESSIONI QUALIFICATE NELLE ATTIVITA’ COMMERCIALI E NEI SERVIZI;"Il quinto grande gruppo classifica le professioni che assistono i clienti negli esercizi commerciali, forniscono servizi di ricezione e di ristorazione, servizi ricreativi e di supporto alle famiglie, di cura della persona; di mantenimento dell’ordine pubblico, di protezione delle persone e della proprietà. I loro compiti consistono nel gestire piccoli esercizi commerciali, ricettivi e di ristorazione e le relative attività; nell’assistere clienti e consumatori; nel trasmettere cognizioni pratiche per l’esercizio di hobby; nell’addestrare e custodire animali domestici; nel fornire servizi sociali e sanitari di base; nel gestire piccole palestre, cinema ed altri servizi ricreativi; nel fornire ausili nelle attività del tempo libero; servizi di igiene personale e di governo della casa, di compagnia e di assistenza della persona; supporto nello svolgimento di pratiche e di altri servizi legati al menage familiare; nel garantire l’ordine pubblico, la sicurezza delle persone e la tutela della proprietà. Tali attività richiedono in genere conoscenze di base assimilabili a quelle acquisite completando l'obbligo scolastico, o un ciclo breve di istruzione secondaria superiore o, ancora, una qualifica professionale o esperienza lavorativa."
CP-2021;1;6;;6;ARTIGIANI, OPERAI SPECIALIZZATI E AGRICOLTORI;"Il sesto grande gruppo comprende le professioni che utilizzano l'esperienza e applicano la conoscenza tecnico-pratica dei materiali, degli utensili e dei processi per estrarre o lavorare minerali; per costruire, riparare o manutenere manufatti, oggetti e macchine; per la produzione agricola, venatoria e della pesca; per lavorare e trasformare prodotti alimentari e agricoli destinati al consumo. I loro compiti consistono nell’estrarre materie prime; nel costruire edifici ed altre strutture; nel realizzare, riparare e manutenere vari prodotti anche di artigianato; nel coltivare piante, nell’allevare e nel cacciare animali; nel conservare e nel mettere a produzione le foreste, il mare e le acque interne; nel realizzare prodotti alimentari ed anche nel vendere i beni prodotti ai clienti o nel collocarli sui mercati. Tali attività richiedono in genere conoscenze di base assimilabili a quelle acquisite completando l'obbligo scolastico, o un ciclo breve di istruzione secondaria superiore o, ancora, una qualifica professionale o esperienza lavorativa. Le professioni classificate in questo grande gruppo, esercitate in forma autonoma, possono saltuariamente richiedere la definizione delle scelte relative alla produzione e commercializzazione dei beni o servizi e il coordinamento delle attività di lavoro."
CP-2021;1;7;;7;CONDUTTORI DI IMPIANTI, OPERAI DI MACCHINARI FISSI E MOBILI E CONDUCENTI DI VEICOLI;"Il settimo grande gruppo comprende le professioni che conducono e controllano il corretto funzionamento di macchine industriali e di impianti automatizzati o robotizzati di lavorazione; alimentano impianti di assemblaggio e di lavorazione in serie di prodotti; guidano veicoli, macchinari mobili o di sollevamento. I loro compiti consistono nel far funzionare e nel controllare impianti e macchinari industriali fissi per l’estrazione di materie prime, per la loro trasformazione e per la produzione di beni; nell’assemblare parti e componenti di prodotti; nella guida di veicoli e di macchinari mobili. Tali attività richiedono in genere conoscenze di base assimilabili a quelle acquisite completando l'obbligo scolastico, o una qualifica professionale o esperienza lavorativa."
CP-2021;1;8;;8;PROFESSIONI NON QUALIFICATE;"L'ottavo grande gruppo comprende le professioni che richiedono lo svolgimento di attività semplici e ripetitive, per le quali non è necessario il completamento di un particolare percorso di istruzione e che possono comportare l’impiego di utensili manuali, l’uso della forza fisica e una limitata autonomia di giudizio e di iniziativa nell’esecuzione dei compiti. Tali professioni svolgono lavori di manovalanza e di supporto esecutivo nelle attività di ufficio, nei servizi alla produzione, nei servizi di istruzione e sanitari; compiti di portierato, di pulizia degli ambienti; svolgono attività ambulanti e lavori manuali non qualificati nell'agricoltura, nell’edilizia e nella produzione industriale."
CP-2021;1;9;;9;FORZE ARMATE;Il nono grande gruppo comprende le professioni svolte nell'ambito delle Forze armate (Esercito, Marina, Aeronautica e Carabinieri). Garantiscono l'integrità territoriale e politica della nazione e la sua sicurezza in tempo di pace e di guerra.
CP-2021;2;11;1;1.1;Membri dei corpi legislativi e di governo, dirigenti ed equiparati dell'amministrazione pubblica, nella magistratura, nei servizi di sanità, istruzione e ricerca e nelle organizzazioni di interesse nazionale e sovranazionale;"Le professioni raccolte in questo gruppo svolgono attività legate alla produzione legislativa e regolamentare, al governo, alla formulazione delle politiche a livello nazionale e locale; rappresentano lo Stato e il governo e agiscono per loro conto; dirigono e organizzano settori dell’amministrazione pubblica, della magistratura, della sanità, dell'istruzione e della ricerca. Sono incluse in questo gruppo anche le professioni che organizzano, dirigono e rappresentano associazioni, a carattere nazionale e sovranazionale che tutelano e raccolgono interessi collettivi, umanitari, culturali e scientifici."
CP-2021;2;12;1;1.2;Imprenditori, amministratori e direttori di grandi aziende;"Le professioni classificate in questo gruppo pianificano, dirigono e coordinano unitariamente le attività di grandi imprese o delle strutture in cui queste sono organizzate; individuano e attuano strategie e politiche relative alla produzione e commercializzazione dei beni e dei servizi prodotti, tenendo in conto le caratteristiche del sistema competitivo, del posizionamento di mercato e delle risorse disponibili. Tali attività sono esercitate in ambienti organizzativi complessi che richiedono la presenza di un apparato gestionale al quale è affidato il compito di dirigere unitariamente l’impresa o l’organizzazione, anche a scopo non lucrativo. La presenza di tale apparato, che prevede almeno un livello intermedio di coordinamento (uno o più direttori, che coordinano strutture dirigenziali), costituisce il carattere distintivo delle professioni classificate in questo gruppo."
CP-2021;2;13;1;1.3;Imprenditori e responsabili di piccole aziende;"Le professioni classificate in questo gruppo pianificano, dirigono e coordinano le attività di piccole imprese; individuano e attuano strategie e politiche relative alla produzione e commercializzazione dei beni o dei servizi prodotti. Tali attività sono esercitate in imprese che dispongono di un apparato organizzativo semplice, che non prevede livelli intermedi di coordinamento (nessun direttore che coordina strutture dirigenziali) a supporto dell’imprenditore o responsabile nella sua attività. L’assenza di tale apparato costituisce il carattere distintivo delle professioni classificate in questo gruppo. Possono essere saltuariamente impegnati nel processo di produzione di beni o di fornitura di servizi."
CP-2021;2;21;2;2.1;Specialisti in scienze matematiche, chimiche, fisiche e naturali;Le professioni classificate in questo gruppo approfondiscono e perfezionano concetti, teorie e metodi di indagine in ambito matematico, fisico, chimico, geologico e meteorologico, ovvero applicano la conoscenza scientifica acquisita in tali ambiti scientifici nei processi di produzione di beni o di servizi.
CP-2021;2;22;2;2.2;Ingegneri, architetti e professioni assimilate;"Le professioni classificate in questo gruppo conducono ricerche ovvero applicano le conoscenze esistenti nel campo del design, della progettazione e della realizzazione di costruzioni civili ed industriali, della pianificazione e del recupero urbano; del design, della progettazione e della realizzazione di macchine, di beni, di mezzi di trasporto nonch&egrave; dei sistemi di produzione di tali beni; dei sistemi di estrazione e di trasformazione di minerali, gas, petrolio e acqua. Sovrintendono e dirigono tali attività; studiano le proprietà tecnologiche dei materiali; eseguono indagini sulle caratteristiche e la conformazione del territorio producendo elaborazioni e rappresentazioni grafiche dello stesso."
CP-2021;2;23;2;2.3;Specialisti nelle scienze della vita;Le professioni classificate in questo gruppo conducono ricerche, approfondiscono e perfezionano concetti, teorie e metodi di indagine nel campo della biologia, della zoologia, della botanica, della farmacologia, dell'agronomia ovvero applicano la conoscenza scientifica acquisita in tali ambiti nella produzione di beni o di servizi.
CP-2021;2;24;2;2.4;Specialisti della salute;Le professioni classificate in questo gruppo contribuiscono ad ampliare e migliorare la conoscenza scientifica ovvero applicano le conoscenze disponibili nel campo della prevenzione, diagnosi, prognosi, cura delle malattie e del mantenimento della salute umana.
CP-2021;2;25;2;2.5;Specialisti in scienze umane, sociali, artistiche e gestionali;"Le professioni classificate in questo gruppo conducono ricerche su concetti e teorie fondamentali e incrementano la conoscenza scientifica, ovvero applicano le conoscenze esistenti in materia di gestione e di organizzazione dei sistemi sociali e produttivi; di applicazione della legge e dei principi giuridici; studiano i fenomeni sociali, psicosociali, economici e politici; il linguaggio, la letteratura, la storia, la filosofia; informano sugli avvenimenti; conservano il patrimonio artistico e documentale; ricercano nuove forme di conoscenza estetica attraverso le discipline artistiche; si occupano di ricerca teologica e di organizzazione e proselitismo religioso."
CP-2021;2;26;2;2.6;Specialisti della formazione e della ricerca;"Le professioni classificate in questo gruppo conducono ricerche su concetti e teorie; incrementano la conoscenza in ambito scientifico; insegnano la teoria e la pratica di una o più; discipline nei diversi livelli di istruzione; progettano i relativi curricula formativi; introducono, ricercano, adottano ed applicano metodi didattici; partecipano alla programmazione e all'organizzazione didattica e alla definizione dell'offerta formativa delle scuole e delle università."
CP-2021;2;27;2;2.7;Specialisti nelle tecnologie dell'informazione e della comunicazione (ICT);"Le professioni classificate in questo gruppo conducono ricerche, pianificano, progettano, eseguono test e contribuiscono al miglioraramento dei sistemi informatici, dell'hardware, del software e dei relativi aspetti concettuali;  progettano, sviluppano, controllano, ed effettuano manutenzione ai sistemi informativi e ai database per garantire prestazioni ottimali, integrità e sicurezza dei dati."
CP-2021;2;31;3;3.1;Professioni tecniche in campo scientifico, ingegneristico e della produzione;"Le professioni classificate in questo gruppo svolgono compiti connessi all'applicazione ed esecuzione di protocolli scientifici in attività e processi produttivi o di ricerca basati su metodi e concetti delle scienze quantitative, chimiche, ingegneristiche ed informatiche. Eseguono, eventualmente con la supervisione e il coordinamento di specialisti, le procedure di laboratorio, di elaborazione e di acquisizione di dati nelle attività di ricerca nel campo della fisica, della chimica, della geologia e della statistica; sviluppano applicativi informatici attraverso uso di linguaggi di programmazione, installano e riparano reti telematiche; eseguono disegni tecnici; sovrintendono ad attività produttive in ambito ingegneristico; guidano aeromobili e navi; operano con apparecchiature e macchine elettroniche ed ottiche, verificano l’applicazione delle misure di sicurezza degli ambienti, applicano procedure di controllo qualitativo della produzione."
CP-2021;2;32;3;3.2;Professioni tecniche nelle scienze della salute e della vita;Le professioni classificate in questo gruppo, svolgono attività connesse alla applicazione ed all'esecuzione di protocolli terapeutici e scientifici relativi alla cura della salute umana ed alla produzione animale e vegetale. Pianificano, gestiscono e valutano gli interventi assistenziali infermieristici, garantiscono la corretta applicazione delle prescrizioni diagnostico-terapeutiche, assistono le partorienti e i neonati, eseguono procedure diagnostiche, preparano protesi, orientano a regimi sanitariamente corretti, verificano e controllano l’applicazione delle norme in materia di sicurezza sanitaria negli ambienti pubblici e di lavoro. Assistono i veterinari e gli agronomi nella cura e nella produzione animale e vegetale, applicano ed eseguono protocolli scientifici nei laboratori di analisi mediche e nei laboratori agronomici e veterinari.
CP-2021;2;33;3;3.3;Professioni tecniche nell’organizzazione, amministrazione e nelle attività finanziarie e commerciali;"Le professioni classificate in questo gruppo svolgono attività connesse all'applicazione di conoscenze in materia di gestione, amministrazione e organizzazione aziendale, di fornitura di servizi finanziari, bancari ed assicurativi; di acquisizione, vendita, commercializzazione e distribuzione di prodotti e servizi sul mercato. Curano gli aspetti organizzativo-gestionali delle imprese, tengono libri e scritture contabili e sociali."
CP-2021;2;34;3;3.4;Professioni tecniche nei servizi pubblici e alle persone;"Le professioni classificate in questo gruppo organizzano flussi e attività turistiche e ricettive; addestrano ed esercitano discipline sportive, allenano atleti; forniscono servizi in campo artistico e ricreativo; trasferiscono in percorsi di formazione o di addestramento (non professionale) cognizioni pratiche per svolgere, nel tempo libero o per la produzione familiare, attività artigianali o espressive; erogano servizi sociali, di assistenza, di cura e di sicurezza alle persone e servizi pubblici su base amministrativa."
CP-2021;2;41;4;4.1;Addetti alle funzioni di segreteria e alle macchine da ufficio;"Le professioni classificate in questo gruppo, seguendo le procedure stabilite, eseguono una serie di compiti amministrativi e d'ufficio. Registrano, elaborano, selezionano, classificano e archiviano le informazioni; eseguono fotocopie e fax di documenti; preparano lettere e documenti di natura ordinaria; rispondono alle richieste telefoniche o telematiche direttamente o inoltrandole alla persona interessata; trascrivono dati su computer, correggono bozze e controllano dati."
CP-2021;2;42;4;4.2;Addetti ai movimenti di denaro e all'assistenza clienti;"Le professioni classificate in questo gruppo trattano con la clientela per eseguire operazioni di movimentazione di denaro e di titoli di diversa natura in banche, uffici postali, assicurazioni o agenzie di pegno; per fornire informazioni, assistenza e accoglienza."
CP-2021;2;43;4;4.3;Addetti alla gestione amministrativa, contabile e finanziaria;"Le professioni classificate in questo gruppo supportano, raccogliendo, compilando ed elaborando la documentazione necessaria, le attività amministrative per l'approvvigionamento, lo stoccaggio e il trasporto di merci e materiali; le attività di gestione contabile, finanziaria e di programmazione di un'impresa o di un'organizzazione."
CP-2021;2;44;4;4.4;Addetti alla raccolta, controllo, conservazione e recapito della documentazione;"Le professioni classificate in questo gruppo svolgono operazioni di controllo e verifica di conformità di documenti, atti o operazioni; provvedono, presso gli uffici postali, all'accusa, smistamento e recapito della posta; raccolgono, archiviano, conservano e diffondono, secondo criteri e procedure prestabilite, materiali documentari e libri."
CP-2021;2;51;5;5.1;Professioni qualificate nelle attività commerciali;"Le professioni comprese in questo gruppo gestiscono, nei mercati, a distanza, a domicilio o nei negozi, attività di vendita al pubblico, all’ingrosso o al minuto, di prodotti di vario genere; assistono e consigliano i clienti negli acquisti; forniscono informazioni e dimostrazioni sulle caratteristiche e sulle funzionalità dei prodotti venduti; smistano merci, incassano i corrispettivi dei prodotti venduti; allestiscono vetrine ed espositori, indossano capi, accessori di abbigliamento o merci di altra natura per sfilate di moda, campagne pubblicitarie o altri tipi di manifestazioni e attività pubblicitarie."
CP-2021;2;52;5;5.2;Professioni qualificate nelle attività ricettive e della ristorazione;"Le professioni comprese in questo gruppo gestiscono piccole attività ricettive e di ristorazione; accolgono, assistono, consigliano e informano gli avventori di alberghi, ristoranti e bar; cucinano e preparano cibi e bevande in questi e in altri esercizi pubblici simili e per la grande ristorazione; ricevono e assistono i clienti nei viaggi aerei, marittimi e terrestri e nelle manifestazioni congressuali e fieristiche."
CP-2021;2;53;5;5.3;Professioni qualificate nei servizi sanitari e sociali;Le professioni comprese in questo gruppo svolgono attività di supporto nell’assistenza sanitaria alle persone e nelle attività di sorveglianza e tutela dell’igiene pubblica.
CP-2021;2;54;5;5.4;Professioni qualificate nei servizi culturali;Le professioni comprese in questo gruppo erogano servizi culturali, sportivi e ludici per il tempo libero. 
CP-2021;2;55;5;5.5;Professioni qualificate nei servizi alla persona;"Le professioni comprese in questo gruppo erogano servizi per il tempo libero, la pulizia, l’igiene e la cura; addestrano e custodiscono animali."
CP-2021;2;56;5;5.6;Professioni qualificate nei servizi di sicurezza ;Le professioni comprese in questo gruppo erogano servizi per la sicurezza delle persone e per la custodia e la vigilanza sulla proprietà.
CP-2021;2;61;6;6.1;Artigiani e operai specializzati dell’ industria estrattiva, dell’edilizia e della manutenzione degli edifici;Le professioni comprese in questo gruppo si occupano, utilizzando strumenti, macchine e tecniche diverse, dell’estrazione e della lavorazione di pietre e minerali, della costruzione, della rifinitura e della manutenzione di edifici e di opere pubbliche, nonché del mantenimento del decoro architettonico, della pulizia e dell’igiene delle stesse.
CP-2021;2;62;6;6.2;Artigiani ed operai metalmeccanici specializzati e installatori e manutentori di attrezzature elettriche ed elettroniche;Le professioni comprese in questo gruppo si occupano della lavorazione del metallo, della fusione, della trasformazione in lingotti e lamiere, delle successive lavorazioni nelle parti che costituiranno il prodotto finito, costruiscono, riparano e manutengono macchine o parti di macchine meccaniche, elettriche ed elettroniche.
CP-2021;2;63;6;6.3;Artigiani ed operai specializzati della meccanica di precisione, dell'artigianato artistico, della stampa ed assimilati;"Le professioni comprese in questo gruppo costruiscono, riparano e tarano strumenti o manufatti di elevata precisione; modellano, realizzano e decorano oggetti in terracotta, vetro, ceramica, legno, tessuto, cuoio e materiali simili; riproducono a stampa su supporti o con tecniche diversi scritti, disegni, od altro materiale documentario."
CP-2021;2;64;6;6.4;Agricoltori e operai specializzati dell’agricoltura, delle foreste, della zootecnia, della pesca e della caccia;Le professioni comprese in questo gruppo coltivano piante e allevano animali pianificando ed eseguendo le operazioni necessarie a rendere produttivi campi, orti, serre e gli stessi allevamenti, curano manutengono e rendono produttivi boschi e foreste, pescano in alto mare, nelle zone costiere e nelle acque interne, allevano pesci e cacciano selvaggina.
CP-2021;2;65;6;6.5;Artigiani e operai specializzati delle lavorazioni alimentari, del legno, del tessile, dell'abbigliamento, delle pelli, del cuoio e dell'industria dello spettacolo;"Le professioni comprese in questo gruppo lavorano e trasformano prodotti alimentari e agricoli destinati al consumo, lavorano il legno e costruiscono mobili ed altri manufatti dello stesso materiale; filano e tessono fibre, realizzano capi di abbigliamento in tessuto, pelle e pelliccia, conciano pelli e cuoio e realizzano calzature, complementi di abbigliamento, accessori e altri oggetti in questi e in materiali simili; si occupano della realizzazione e della costruzione delle scene e delle ambientazioni di spettacoli teatrali, di riprese cinematografiche e spettacoli simili."
CP-2021;2;71;7;7.1;Conduttori di impianti industriali;Le professioni comprese in questo gruppo comportano la conduzione di impianti o macchinari industriali automatizzati che operano lungo l’intero processo produttivo o su singole fasi dello stesso nelle attività di estrazione e di trattamento dei minerali, di trasformazione e lavorazione dei metalli, del vetro, della ceramica, del legno e della carta e di produzione di derivati della chimica e del petrolio.
CP-2021;2;72;7;7.2;Operai semiqualificati di macchinari fissi per la lavorazione in serie e operai addetti al montaggio;Le professioni comprese in questo gruppo conducono macchine automatiche e semiautomatiche per la produzione in serie di semilavorati o prodotti finiti, selezionano le operazioni da eseguire, caricano in macchina o nell’impianto le materie prime da lavorare e sorvegliano il processo di lavorazione in serie di metalli e prodotti minerali, di prodotti fotografici, di articoli in gomma e plastica, di articoli in legno e carta e di articoli dell'industria tessile e delle confezioni, assemblano parti per realizzare prodotti finiti, conducono macchine per il confezionamento della produzione.
CP-2021;2;73;7;7.3;Operatori di macchinari fissi in agricoltura e nella industria alimentare;Le professioni comprese in questo gruppo conducono impianti automatici e semiautomatici e macchinari fissi per la prima trasformazione dei prodotti agricoli e per la produzione alimentare.
CP-2021;2;74;7;7.4;Conduttori di veicoli, di macchinari mobili e di sollevamento;Le professioni comprese in questo gruppo guidano mezzi di trasporto terrestri e supportano le attività connesse comprese quelle relative al trasporto marino, guidano locomotive e manovrano i dispositivi dei veicoli su rotaia, veicoli a motore e a trazione animale, macchine per la movimentazione e il sollevamento di materiali.
CP-2021;2;81;8;8.1;Professioni non qualificate nel commercio e nei servizi;"Le professioni comprese in questo gruppo esercitano il commercio ambulante; svolgono attività manuali non qualificate nei servizi alla produzione, supportando con attività manuale il lavoro d'ufficio, svolgendo attività di facchinaggio, di pulizia di alberghi, ristoranti e aree pubbliche, eseguendo compiti non qualificati in strutture scolastiche e sanitarie e servizi di custodia di edifici, attrezzature e beni."
CP-2021;2;82;8;8.2;Professioni non qualificate nelle attività domestiche, ricreative e culturali;Le professioni comprese in questo gruppo svolgono attività non qualificate nei servizi ricreativi e culturali e nei servizi domestici.
CP-2021;2;83;8;8.3;Professioni non qualificate nell'agricoltura, nella manutenzione del verde, nell'allevamento, nella silvicoltura e nella pesca;Le professioni classificate in questo gruppo svolgono compiti semplici e routinari per la coltivazione agricola, la manutenzione del verde, l'allevamento, la silvicoltura e la pesca.
CP-2021;2;84;8;8.4;Professioni non qualificate nella manifattura, nell'estrazione di minerali e nelle costruzioni;Le professioni classificate in questo gruppo svolgono compiti semplici e routinari di supporto alle attività manufatturiere, all'estrazione di minerali e alle costruzioni.
CP-2021;2;91;9;9.1;Ufficiali delle forze armate;Le professioni classificate in questo gruppo garantiscono l'integrità territoriale e politica della nazione e la sua sicurezza in tempo di pace e di guerra. Sono compresi in questo gruppo i membri delle Forze Armate con il grado uguale o superiore a quello di Sottotenente (o guardiamarina nel caso della marina militare).
CP-2021;2;92;9;9.2;Sergenti, sovraintendenti e marescialli delle forze armate;Le professioni classificate in questo gruppo garantiscono l'integrità territoriale e politica della nazione e la sua sicurezza in tempo di pace e di guerra. Sono compresi in questo gruppo i membri delle Forze Armate con il grado compreso fra Sergente (o Vicebrigadiere nel caso dell'arma dei carabinieri) e Primo Maresciallo Luogotenente ( o M.A.s. UPS Luogotenente nel caso dell'arma dei carabinieri).
CP-2021;2;93;9;9.3;Truppa delle forze armate;Le professioni classificate in questo gruppo garantiscono l'integrità territoriale e politica della nazione e la sua sicurezza in tempo di pace e di guerra. Sono compresi in questo gruppo i membri delle Forze Armate con grado uguale o inferiore a Caporalmaggiore Capo Scelto (nel caso dell'esercito), Sottocapo di 1° Classe Scelto ( per la marina militare), 1° Aviere Capo Scelto (nel caso dell'Aeronautica Militare) e Appuntato Scelto (per l'arma dei carabinieri).
CP-2021;3;111;11;1.1.1;Membri di organismi di governo e di assemblee con potestà legislativa e regolamentare;Le professioni comprese in questa classe esercitano attività e compiti legati alla produzione di leggi, statuti e regolamenti validi sul territorio nazionale e locale, alla definizione e alla realizzazione di politiche e alla relativa allocazione di risorse nei vari livelli territoriali in cui è organizzato il governo del paese. L’esercizio di tali professioni comporta, in genere, l’aver ottenuto un mandato in elezioni politiche o amministrative. Tale mandato, tuttavia, non risulta necessario qualora si tratti di componenti del governo nazionale e delle giunte delle amministrazioni locali.
CP-2021;3;112;11;1.1.2;Direttori, dirigenti ed equiparati dell’amministrazione pubblica e nei servizi di sanità, istruzione e ricerca;Le professioni comprese in questa classe supportano il governo nazionale e locale nella definizione e nella formulazione delle leggi e delle politiche, pianificano, organizzano e dirigono le operazioni di grandi strutture dell’amministrazione pubblica, dell'Istruzione, dell'Università e della Sanità pubblica e privata, rappresentano lo Stato e il governo del paese e garantiscono, avvalendosi di altre professioni dirigenziali, la realizzazione delle politiche e l’applicazione delle leggi sul territorio nazionale.
CP-2021;3;113;11;1.1.3;Dirigenti della magistratura;Le professioni comprese in questa classe dirigono e organizzano gli uffici giudiziari e le corti delle giurisdizioni speciali, ne coordinano le attività, distribuiscono il lavoro fra i giudici, vigilano sulla loro attività e su quelle dei servizi ausiliari, curano e garantiscono lo scambio di informazioni giurisprudenziali.
CP-2021;3;114;11;1.1.4;Dirigenti di organizzazioni di interesse nazionale e sovranazionale;Le professioni comprese in questa classe definiscono, promuovono, attuano e dirigono le politiche e le strategie di organizzazioni rivolte alla rappresentanza di interessi collettivi quali i partiti politici e le organizzazioni sindacali ovvero di organizzazioni umanitarie, sportive, culturali e simili, rappresentandole e agendo per loro conto. In genere tali attività sono esercitate seguendo le direttive di un organo collegiale.
CP-2021;3;121;12;1.2.1;Imprenditori e amministratori di grandi aziende;Le professioni comprese in questa classe guidano imprese o organizzazioni, direttamente come proprietari o per conto della proprietà, le rappresentano nei confronti di terze parti e, con il supporto di una struttura che prevede almeno un livello intermedio di coordinamento (uno o più direttori, che coordinano strutture dirigenziali) ne definiscono, pianificano, dirigono e coordinano le politiche, le strategie produttive e le attività, generalmente seguendo le direttive di un consiglio di amministrazione o di direzione a cui rispondono per le decisioni prese e i risultati ottenuti.
CP-2021;3;122;12;1.2.2;Direttori e dirigenti generali di aziende;Le professioni comprese in questa classe programmano, dirigono e coordinano le attività inerenti la produzione di beni e di servizi dell’impresa o dell’organizzazione in cui operano e assicurano l’utilizzazione efficiente delle risorse a disposizione e il raggiungimento degli obiettivi produttivi prefissati. Generalmente tali attività vengono esercitate in ottemperanza delle direttive degli organi decisionali dell’impresa o dell’organizzazione a cui rispondono per le decisioni prese e i risultati ottenuti e in collaborazione con le altre direzioni in cui l’impresa o l’organizzazione è strutturata. L'autonomia decisionale in merito al bilancio, alla direzione strategica e operativa e all'assunzione o licenziamento costituisce il carattere distintivo delle professioni classificate in questa classe.
CP-2021;3;123;12;1.2.3;Direttori e dirigenti dipartimentali di aziende;Le professioni comprese in questa classe programmano, dirigono e coordinano le attività di dipartimenti e settori gestionali diversi da quelli direttamente coinvolti nella produzione dei beni e dei servizi prodotti dalle imprese o dalle organizzazioni in cui operano. Generalmente tali attività vengono esercitate in ottemperanza delle direttive degli organi decisionali dell’impresa o dell’organizzazione, a cui rispondono per le decisioni prese e i risultati ottenuti, e in collaborazione con le altre direzioni in cui l’impresa o l’organizzazione è strutturata. L'autonomia decisionale in merito al bilancio, alla direzione strategia e operativa e all'assunzione o licenziamento costituisce il carattere distintivo delle professioni classificate in questa classe.
CP-2021;3;131;13;1.3.1;Imprenditori e responsabili di piccole aziende;"Le professioni comprese in questa classe sono a capo di piccole imprese di cui definiscono, pianificano, implementano e gestiscono le politiche e le strategie di produzione e ne valutano i risultati; negoziano con i fornitori e i clienti, programmano e controllano l’uso efficiente delle risorse; reclutano personale e definiscono i processi di innovazione organizzativa e produttiva. Tali attività sono esercitate in imprese che dispongono di un apparato organizzativo semplice, che non prevede livelli intermedi di coordinamento (nessun direttore che coordina strutture dirigenziali) a supporto dell’imprenditore o del responsabile nella sua attività. Le professioni comprese in questa classe possono essere saltuariamente impegnate nel processo di produzione di beni o di fornitura di servizi."
CP-2021;3;211;21;2.1.1;Specialisti in scienze matematiche, chimiche, fisiche e naturali;"Le professioni comprese in questa classe contribuiscono ad ampliare la conoscenza scientifica conducendo ricerche e sperimentazioni nei campi della fisica meccanica e della materia, della termodinamica, dell'ottica, dell'acustica, dell'elettricità e dell'elettronica, del magnetismo, della fisica nucleare e delle particelle; della matematica e delle sue applicazioni; nei diversi settori della chimica; dell'astronomia; della meteorologia; della geologia e della geofisica. Applicano e rendono disponibili tali conoscenze per la produzione di beni e servizi, la ricerca scientifica, la navigazione e l'esplorazione dello spazio, le telecomunicazioni."
CP-2021;3;221;22;2.2.1;Ingegneri e professioni assimilate;"Le professioni comprese in questa classe conducono ricerche ovvero applicano le conoscenze esistenti nel campo della pianificazione urbana; della progettazione, della realizzazione, della gestione e della manutenzione di costruzioni e di impianti civili ed industriali; di macchine, di apparati e di sistemi meccanici, elettrici ed elettronici, di mezzi di trasporto, di tecnologie rivolte al trattamento dell'informazione, degli impianti per la produzione di beni di consumo e per quella di prodotti chimici, farmaceutici ed alimentari, intermedi e finali; dei sistemi di estrazione e di trasformazione di minerali, di gas, di petrolio e di acqua. Sovrintendono e dirigono tali attivit&agrave;, conducono ricerche, studiano le propriet&agrave; tecnologiche dei materiali; eseguono indagini sulle caratteristiche e la conformazione del territorio, producendo elaborazioni e rappresentazioni grafiche dello stesso. L'esercizio della professione di Ingegnere &egrave; regolato dalle leggi dello Stato."
CP-2021;3;222;22;2.2.2;Architetti, pianificatori, paesaggisti e specialisti del recupero e della conservazione del territorio;"Le professioni comprese in questa classe conducono ricerche ovvero applicano le conoscenze esistenti in materia di pianificazione, conservazione e recupero urbano e territoriale, di design, di progettazione, di realizzazione, di manutenzione di costruzioni civili, siti industriali e beni di consumo. Sovrintendono e dirigono tali attivit&agrave;."
CP-2021;3;231;23;2.3.1;Specialisti nelle scienze della vita;"Le professioni comprese in questa classe contribuiscono ad ampliare la conoscenza scientifica del mondo vivente conducendo ricerche sistematiche e sperimentazioni nei diversi settori della biologia, della zoologia, della botanica, della fisiologia, della cura e dell'allevamento delle piante e degli animali, della lavorazione degli alimenti e dei prodotti biologici correlati, della ricerca farmacologia e delle sue applicazioni. Studiano le forme della vita, gli organi, i tessuti, le cellule, i microrganismi e gli effetti su di loro dei fattori ambientali, dei farmaci e di altre sostanze; i sistemi ecologici, le biodiversit&agrave; e le relazioni e gli equilibri sottostanti. Applicano e rendono disponibili tali conoscenze nella produzione di beni e servizi; in agricoltura e nell'allevamento degli animali, nella produzione di farmaci per la cura della salute umana e animale; nella medicina."
CP-2021;3;241;24;2.4.1;Medici;"Le professioni comprese in questa classe conducono ricerche finalizzate allo studio delle disfunzioni e delle malattie e al miglioramento della salute umana ovvero applicano le conoscenze scientifiche esistenti nel campo della prevenzione e della cura della salute umana; conducono e prescrivono esami clinici, curano lesioni; prescrivono e somministrano cure farmacologiche, chirurgiche e terapie non invasive; applicano metodi e trattamenti per la prevenzione. L'esercizio delle professioni di Medico Chirurgo e di Odontoiatra &egrave; regolato dalle leggi dello Stato."
CP-2021;3;251;25;2.5.1;Specialisti delle scienze gestionali, commerciali e bancarie;"Le professioni comprese in questa classe conducono ricerche ovvero applicano le conoscenze esistenti in materia di gestione e controllo delle attivit&agrave; organizzative delle imprese e della pubblica amministrazione; di organizzazione del lavoro e gestione del personale; di gestione finanziaria e contabile delle imprese pubbliche e private; di approvvigionamento e commercializzazione dei beni e dei servizi; di comunicazione e rappresentazione esterna ed interna dell'immagine di imprese o organizzazioni."
CP-2021;3;252;25;2.5.2;Specialisti in scienze giuridiche;"Le professioni comprese in questa classe conducono ricerche e approfondiscono questioni legali, normative e regolamentari; forniscono consulenze in materia legale a persone ed organizzazioni; tutelano e garantiscono la pubblicit&agrave;, la liceit&agrave; e l'autenticit&agrave; degli atti tra vivi; esercitano l'azione penale a tutela dei cittadini; giudicano e applicano la legge nel processo penale, civile e amministrativo."
CP-2021;3;253;25;2.5.3;Specialisti in scienze sociali;Le professioni comprese in questa classe conducono ricerche su concetti e teorie fondamentali e incrementano la conoscenza scientifica, ovvero applicano le conoscenze esistenti in materia di economia, scienza politica, sociologia, antropologia, psicologia, filosofia, storia ed altre scienze sociali per individuare soluzioni a problemi economici, sociali e politici, analizzare gli eventi del passato remoto o recente per ricostruire la storia delle nazioni e dei popoli, capirne la cultura materiale e simbolica, ricostruire e individuare i processi mentali di individui e gruppi e le loro patologie, fornire servizi ai cittadini.
CP-2021;3;254;25;2.5.4;Specialisti in discipline linguistiche, letterarie e documentali;"Le professioni comprese in questa classe concepiscono e creano opere di scrittura letteraria e professionale; comunicano fatti di cronaca e informazioni di pubblica utilit&agrave; e di settore; traducono e interpretano testi scritti, segni o discorsi da un'altra lingua; conducono ricerche sul linguaggio, sulle relazioni fra lingue antiche e moderne, sulle variet&agrave; linguistiche e sulla comparazione delle lingue, sulle interazioni fra linguistica e ICT; conservano documenti, libri, contenuti digitali, beni archeologici, storici, artistici e culturali."
CP-2021;3;255;25;2.5.5;Specialisti in discipline artistico-espressive;"Le professioni comprese nella classe concepiscono, creano ed eseguono performance artistiche nel campo del disegno, della pittura, della scultura, della rappresentazione teatrale, cinematografica, radiotelevisiva o di altro tipo, della coreutica, della musica o del canto, ovvero applicano conoscenze e capacit&agrave; artistiche per fornire servizi, restaurare opere d'arte, eseguire composizioni musicali vocali e strumentali."
CP-2021;3;256;25;2.5.6;Specialisti in discipline religiose e teologiche;Le professioni comprese in questa classe conservano, tramandano e diffondono tradizioni, pratiche e credenze religiose, celebrano e amministrano riti, cerimonie ed eventi sacri.
CP-2021;3;261;26;2.6.1;Docenti universitari (ordinari e associati);"Le professioni comprese in questa classe progettano, dirigono e conducono ricerche finalizzate a migliorare e ad innovare la conoscenza scientifica o la sua applicazione in ambito produttivo; insegnano la teoria e la pratica di una o pi&ugrave; discipline di cui sono esperti, ne definiscono i curricula, preparano i corsi di studio, i materiali didattici e le attivit&agrave; di laboratorio, stimolano la discussione e la partecipazione degli studenti alle lezioni, somministrano prove ed esami, assegnano tesi e ne danno valutazioni; dirigono le attivit&agrave; di ricerca degli studenti dei corsi di specializzazione e di dottorato; partecipano alle decisioni sulle politiche dell'Universit&agrave;; pubblicano articoli e saggi scientifici, partecipano a convegni e conferenze."
CP-2021;3;262;26;2.6.2;"Ricercatori e tecnici laureati nell'universit&agrave;";"Le professioni comprese nella classe supportano i docenti universitari nelle attivit&agrave; didattiche e conducono ricerche in ambito scientifico; sono responsabili dei laboratori e curano l'applicazione dei protocolli scientifici nelle attivit&agrave; di ricerca."
CP-2021;3;263;26;2.6.3;Docenti di scuola secondaria, post-secondaria e professioni assimilate;"Le professioni classificate in questa classe insegnano la teoria e la pratica di una o pi&ugrave; discipline nei cicli di istruzione post-primaria, esclusa l'istruzione universitaria, definiscono i curricula, gestiscono corsi e danno lezioni in una o pi&ugrave; classi, organizzano corsi per gli adulti, somministrano prove ed esami e valutano l'apprendimento degli allievi, partecipano alle decisioni sull'organizzazione scolastica, la didattica e l'offerta educativa e formativa, gestiscono le relazioni con le famiglie e gli altri soggetti rilevanti, coadiuvano il personale specializzato nell'accompagnamento e nel supporto a singoli allievi in situazione di difficolt&agrave; cognitiva."
CP-2021;3;264;26;2.6.4;Docenti di scuola primaria, pre-primaria e professioni assimilate;"Le professioni comprese in questa classe svolgono e somministrano un'ampia serie di attivit&agrave; didattiche orientate a fornire livelli di alfabetizzazione degli allievi, in grado di assicurare i processi di inclusione richiesti dal sistema sociale ed il raccordo con i cicli di istruzione successivi. Progettano e programmano dette attivit&agrave;, somministrano prove ed esami e valutano l'apprendimento degli allievi, partecipano alle decisioni sull'organizzazione scolastica sulla didattica e sull'offerta educativa; gestiscono le relazioni con le famiglie e gli altri soggetti rilevanti, coadiuvano il personale specializzato nell'accompagnamento e nel supporto a singoli allievi in situazione di difficolt&agrave; cognitiva."
CP-2021;3;265;26;2.6.5;Altri specialisti dell'educazione e della formazione;"Le professioni raccolte nella classe si occupano, a diversi livelli, della formazione e dell'istruzione di soggetti con disabilit&agrave; fisiche, psichiche o con gravi difficolt&agrave; di apprendimento; della progettazione curricolare e didattica, della formazione professionale e dell'insegnamento di varie discipline in quei percorsi formativi; orientano giovani ed adulti nella scelta dei percorsi di istruzione, di collocamento sul mercato del lavoro e nell'inserimento sociale. Forniscono consulenza, assistenza e sostegno al personale docente e direttivo in materia di didattica e di programmi. Insegnano, con lezioni individuali o per piccoli gruppi, la teoria e la tecnica delle discipline artistico-figurative, della danza, del canto, della musica e della lingua italiana o straniera."
CP-2021;3;271;27;2.7.1;Analisiti e specialisti nella progettazione di applicazioni ;Le professioni comprese nella classe conducono ricerche, pianificano, progettano, scrivono, eseguono test e contribuiscono al miglioramento dei sistemi informativi, di hardware, software e applicazioni.
CP-2021;3;272;27;2.7.2;Specialisti di reti e di database;Le professioni comprese in questa classe progettano, sviluppano, controllano, manutengono e contribuiscono all'ottimizzazione delle prestazioni, sicurezza dei sistemi e delle infrastrutture informatiche, compresi i database, l'hardware, il  software, le reti e i sistemi operativi.
CP-2021;3;311;31;3.1.1;Tecnici delle scienze quantitative, fisiche e chimiche;"Le professioni classificate in questa classe eseguono ed applicano procedure e metodi connessi alla ricerca nell’ambito delle scienze fisiche, geologiche, chimiche e statistiche, ovvero all’esercizio di attività produttive che richiedono la conoscenza di tali metodi e procedure; eseguono ed applicano protocolli nei processi di acquisizione del dato statistico e della sua elaborazione."
CP-2021;3;312;31;3.1.2;Tecnici informatici, telematici e delle telecomunicazioni;"Le professioni classificate in questa classe assistono i progettisti di software e di sistemi ovvero sviluppano e scrivono programmi informatici; installano, configurano e gestiscono applicazioni software; controllano e assicurano il funzionamento ottimale di siti internet; gestiscono, controllano e manutengono basi di dati; installano, configurano, gestiscono e manutengono sistemi telematici; curano l'installazione, il montaggio, la messa in servizio e la manutenzione di reti informatiche, telefoniche, di impianti radiotelevisivi e satellitari; installano, tarano e utilizzano apparecchiature e sistemi elettronici per trasmettere programmi radio-televisivi."
CP-2021;3;313;31;3.1.3;Tecnici in campo ingegneristico;"Le professioni classificate in questa classe assistono gli specialisti ovvero eseguono ed applicano procedure e metodi connessi alla ricerca, alla progettazione esecutiva e alla risoluzione operativa di problemi tecnici nel campo della meccanica, dell’estrazione dei minerali, dell’elettrotecnica, dell’elettronica, delle costruzioni civili; sono di supporto nella progettazione dei relativi sistemi tecnici, apparati ed impianti."
CP-2021;3;314;31;3.1.4;Tecnici della conduzione di impianti produttivi in continuo e dell'esercizio di reti idriche ed energetiche;Le professioni classificate in questa classe applicano procedure, regolamenti e tecnologie proprie per controllare, attraverso sistemi altamente automatizzati, organizzare e gestire il funzionamento e la sicurezza delle catene di montaggio automatiche, dei processi e dell'impiantistica di flusso per la produzione chimica, dei metalli, della carta, dell'energia termica ed elettrica, per il trattamento delle acque, per la distribuzione di energia elettrica, acqua e altri fluidi.
CP-2021;3;315;31;3.1.5;Tecnici della gestione dei processi produttivi di beni e servizi;Le professioni classificate in questa classe applicano procedure, regolamenti e tecnologie proprie per gestire, organizzare, controllare, garantire l'efficienza, il corretto funzionamento e la sicurezza dei processi di produzione nelle miniere e cave, nei cantieri edili, nella manifattura, nell'industria alimentare e nei servizi.
CP-2021;3;316;31;3.1.6;Tecnici del trasporto aereo, navale e ferroviario;Le professioni comprese in questa classe comandano, pilotano e garantiscono la sicurezza del volo e della navigazione di aeromobili e di imbarcazioni, controllano il funzionamento delle apparecchiature meccaniche, elettriche ed elettroniche di bordo.
CP-2021;3;317;31;3.1.7;Tecnici di apparecchiature ottiche e audio-video;Le professioni comprese in questa classe operano con fotocamere, strumenti di ripresa e di produzione video e sonora, con sistemi e apparecchiature per le comunicazioni radio e radiotelevisive, nonché su sistemi elettronici per la diagnostica e il trattamento terapeutico in medicina.
CP-2021;3;318;31;3.1.8;Tecnici della sicurezza e della protezione ambientale;Le professioni comprese in questa classe assistono gli specialisti nella progettazione di sistemi ovvero applicano i regolamenti, le procedure e le tecnologie in materia di sicurezza degli impianti e di prevenzione degli incidenti sul lavoro, di controllo, sicurezza e qualità dei prodotti industriali, di controllo delle immissioni di sostanze inquinanti nell’ambiente, di raccolta e smaltimento dei rifiuti e bonifica dalle sostanze inquinanti.
CP-2021;3;321;32;3.2.1;Tecnici della salute;Le professioni comprese in questa classe pianificano, gestiscono e valutano gli interventi assistenziali infermieristici, garantiscono la corretta applicazione delle prescrizioni diagnostico-terapeutiche, assistono le partorienti e i neonati, eseguono procedure diagnostiche, preparano protesi, orientano a regimi sanitariamente corretti, verificano e controllano l’applicazione delle norme in materia di sicurezza sanitaria negli ambienti pubblici e di lavoro, praticano cure derivate dalla medicina popolare e tradizionale.
CP-2021;3;322;32;3.2.2;Tecnici nelle scienze della vita;Le professioni comprese in questa classe assistono gli specialisti nelle attività di ricerca in materia ovvero applicano ed eseguono procedure e tecniche proprie nella cura e nella produzione di piante, di animali e nelle ricerche e nelle analisi biologiche e biochimiche.
CP-2021;3;331;33;3.3.1;Tecnici dell’organizzazione e dell’amministrazione delle attività produttive;"Le professioni comprese in questa classe assistono i responsabili degli uffici di imprese ed organizzazioni implementando e supportando le attività di comunicazione, documentazione e di coordinamento di una o più unità organizzative; analizzano il funzionamento dell'organizzazione in termini di efficacia ed efficienza dell'uso delle risorse, curano gli aspetti organizzativi e gestionali delle imprese; tengono i libri e le scritture contabili e sociali; implementano sistemi di controllo amministrativo delle attività di produzione; rilevano e trasferiscono informazioni; curano le attività di corrispondenza con partner e clienti esteri."
CP-2021;3;332;33;3.3.2;Tecnici delle attività finanziarie ed assicurative;"Le professioni comprese in questa classe assistono gli specialisti nella gestione finanziaria di imprese, organizzazioni, banche ed assicurazioni; nell’erogazione al pubblico di servizi bancari e assicurativi; le famiglie nei loro investimenti finanziari; stimano e liquidano danni e calcolano rischi per le imprese assicurative e le banche; intermediano titoli e contratti."
CP-2021;3;333;33;3.3.3;Tecnici dei rapporti con i mercati;"Le professioni comprese in questa classe assistono gli specialisti negli acquisti di merci, materie prime e attrezzature e nelle relazioni col mercato, ovvero applicano procedure per approvvigionare imprese ed organizzazioni di quanto necessario alla loro attività e per gestire i relativi magazzini e la distribuzione interna. Stimano e valutano beni, li vendono al pubblico incanto; seguono le strategie di vendita delle imprese, l’efficienza della rete distributiva e commerciale; controllano le vendite dei beni e dei servizi commercializzati; assistono gli esperti nelle ricerche sul gradimento presso i consumatori, sulle condizioni di mercato e nel definire presso il pubblico un’immagine positiva e favorevole dell’impresa o dell’organizzazione per cui operano."
CP-2021;3;334;33;3.3.4;Tecnici della distribuzione commerciale e professioni assimilate;"Le professioni comprese in questa classe organizzano e gestiscono spedizioni di merci da esportare, da importare o per la distribuzione interna; controllano e seguono l’organizzazione commerciale delle imprese; agiscono in loro conto e le rappresentano presso i distributori all’ingrosso e al dettaglio; vendono pubblicità; valutano immobili e li vendono per conto terzi; agiscono in veste di acquirente-rivenditore; rappresentano artisti ed atleti."
CP-2021;3;341;34;3.4.1;Professioni tecniche delle attività turistiche, ricettive ed assimilate;"Le professioni comprese in questa classe si occupano della ricettività dei flussi turistici, dell’organizzazione di fiere e convegni; vendono viaggi e soggiorni organizzati; intrattengono i turisti con manifestazioni e performance ricreative; li accompagnano nei viaggi garantendo la fornitura e il funzionamento dei servizi acquistati; li guidano in escursioni turistiche, naturalistiche e sportive."
CP-2021;3;342;34;3.4.2;Insegnanti nella formazione professionale, istruttori, allenatori, atleti e professioni assimilate;"Le professioni comprese in questa classe si occupano della didattica nei percorsi di formazione professionale, somministrano lezioni e addestrano alla guida di automobili, aerei e barche, insegnano, con lezioni individuali o per piccoli gruppi, a praticare discipline artistico-figurative; traferiscono in percorsi di addestramento non professionale cognizioni pratiche per svolgere attività artigianali; organizzano eventi e strutture sportive, allenano atleti, fungono da arbitri e giudici in gare ed esercitano professionalmente attività sportive."
CP-2021;3;343;34;3.4.3;Tecnici dei servizi ricreativi;"Le professioni comprese nella classe presentano, alla radio o alla televisione, informazioni, spettacoli e performance; presentano performance artistiche e ricreative in teatri e luoghi pubblici e manifestazioni di altro tipo; si occupano dell’implementazione dei palinsesti e dei programmi radiotelevisivi; intrattengono e divertono il pubblico."
CP-2021;3;344;34;3.4.4;Tecnici dei servizi culturali;"Le professioni comprese in questa classe realizzano, utilizzando varie tecniche di disegno artistico, bozzetti, disegni di dettaglio, elaborati multimediali e animazioni finalizzati alla comunicazione e all'illustrazione pubblicitaria; realizzano scene per manifestazioni teatrali, produzioni cinematografiche e televisive, spettacoli musicali e altro; curano le esposizioni dei musei e le attività delle biblioteche; valutano oggetti d’arte, monete e francobolli; esaminano e valutano calligrafie; collaborano alle attività di prevenzione, manutenzione e restauro di beni culturali mobili e architettonici."
CP-2021;3;345;34;3.4.5;Tecnici dei servizi sociali;"Le professioni comprese in questa classe guidano persone e famiglie nella ricerca di soluzioni alle difficoltà sociali ed ai problemi di inserimento; curano in forma privata la sicurezza delle persone e delle imprese; si occupano del benessere e della cura estetica del corpo; si dedicano alla preghiera e alla diffusione degli insegnamenti della religione che professano."
CP-2021;3;346;34;3.4.6;Tecnici dei servizi pubblici e di sicurezza;"Le professioni comprese in questa classe organizzano amministrativamente e curano l’applicazione delle decisioni della magistratura; collaborano con la magistratura e conducono indagini sulle attività criminali di persone o organizzazioni, organizzano i servizi di controllo del traffico e dei regolamenti urbani, organizzano le attività di controllo e di prevenzione degli incendi e di tutela del patrimonio ambientale, organizzano indagini e controlli sul rispetto della legislazione fiscale e tributaria, le attività delle dogane, verificano e valutano le richieste di concessioni di licenze, di certificazione e di rilascio di documenti pubblici e personali di fonte pubblica."
CP-2021;3;411;41;4.1.1;Addetti alla segreteria e agli affari generali;"Le professioni classificate in questa classe eseguono una vasta gamma di compiti d'ufficio e di supporto amministrativo secondo le procedure stabilite. Preparano lettere e documenti di natura ordinaria seguendo indicazioni predefinite; gestiscono la posta in entrata e in uscita, gli appuntamenti dei superiori; rispondono alle richieste telefoniche o telematiche direttamente o inoltrandole alla persona interessata."
CP-2021;3;412;41;4.1.2;Addetti alle macchine d'ufficio;"Le professioni classificate in questa classe, utilizzando computer o altre apparecchiature elettroniche ed elettromeccaniche, inseriscono e registrano dati o codici, eseguono operazioni di calcolo e di elaborazione; preparano, modificano, riproducono e trasmettono documenti; trascrivono manoscritti, minute, documenti o processi verbali; redigono verbali utilizzando appropriate tecniche di scrittura e macchine per stenografia-scrittura; trascrivono le informazioni registrate in stenografia e sui mezzi di registrazione del suono."
CP-2021;3;421;42;4.2.1;Addetti agli sportelli e ai movimenti di denaro;"Le professioni classificate in questa classe incassano e movimentano presso sportelli il denaro dovuto per pagamenti di servizi e per il riscatto di titoli di credito; incassano e riscattano polizze assicurative, titoli finanziari, fatture, crediti e tasse; prestano somme di denaro su pegno."
CP-2021;3;422;42;4.2.2;Addetti all'accoglienza e all'informazione della clientela;"Le professioni classificate in questa classe ricevono il pubblico nel momento del contatto con l’impresa o l'organizzazione o in attività ricettive, assistendolo rispetto alle sue esigenze o richieste; forniscono informazioni direttamente o per telefono e indirizzano il pubblico agli uffici e al personale competente."
CP-2021;3;431;43;4.3.1;Addetti alla gestione amministrativa della logistica;"Le professioni classificate in questa classe supportano le attività amministrative per l’approvvigionamento, lo stoccaggio e il trasporto di merci e materiali; tengono nota dei beni prodotti e dei materiali necessari alla produzione; controllano e rilasciano la documentazione di viaggio per il trasporto delle merci ."
CP-2021;3;432;43;4.3.2;Addetti alla gestione economica, contabile e finanziaria;"Le professioni classificate in questa classe svolgono attività di supporto alla tenuta della contabilità, alla gestione amministrativa del personale, alla programmazione e verifica di un’impresa o di un’organizzazione; raccolgono, organizzano e provvedono ad elaborazioni elementari di dati; incassano, tenendo scrittura delle operazioni effettuate, i corrispettivi in denaro per le forniture o i servizi resi dall’impresa o dall’organizzazione."
CP-2021;3;441;44;4.4.1;Addetti al controllo di documenti e allo smistamento e recapito della posta;"Le professioni classificate in questa classe svolgono operazioni di controllo e verifica di conformità rispetto a procedure stabilite di atti, operazioni o documenti; provvedono allo smistamento e al recapito della posta."
CP-2021;3;442;44;4.4.2;Addetti all'archiviazione e conservazione della documentazione;Le professioni classificate in questa classe classificano, schedano, archiviano e conservano, seguendo criteri e procedure predefiniti, documenti, libri e materiali e li rendono disponibili al pubblico in archivi o biblioteche.
CP-2021;3;511;51;5.1.1;Esercenti delle vendite;"Le professioni comprese in questa classe definiscono, pianificano, implementano e gestiscono le strategie e le politiche di vendita di esercizi di vendita e di distribuzione di prodotti commerciali per il consumo o necessari alla produzione di altri beni; sono direttamente impegnati nelle attività di vendita assistendo, informando e consigliando i clienti sugli acquisti."
CP-2021;3;512;51;5.1.2;Addetti alle vendite;"Le professioni comprese in questa classe assistono, consigliano e informano i clienti sugli acquisti relativamente agli aspetti merceologici, di prezzo e legati al servizio reso; attendono all’organizzazione di base dell’attività come smistare merci, prender nota di quelle in entrata e in uscita dal negozio, incassare i corrispettivi delle vendite e mansioni organizzative simili."
CP-2021;3;513;51;5.1.3;Altre professioni qualificate nelle attività commerciali;Le professioni comprese in questa classe promuovono e pubblicizzano merci, servizi e beni, in genere destinate al consumo finale, indossandole, allestendo vetrine e spazi espositivi, dimostrando o propagandando le loro caratteristiche e il loro funzionamento.
CP-2021;3;521;52;5.2.1;Esercenti nelle attività ricettive;"Le professioni comprese in questa classe definiscono, pianificano, implementano e gestiscono le strategie e le politiche di vendita di esercizi di piccole dimensioni impiegati in attività ricettive; sono direttamente impegnati nell’accogliere, assistere, informare e consigliare gli avventori."
CP-2021;3;522;52;5.2.2;Esercenti ed addetti nelle attività di ristorazione;"Le professioni comprese in questa classe definiscono, pianificano, implementano e gestiscono le strategie e le politiche di vendita di ristoranti, bar, fast food, pizzerie ed altre attività di ristorazione di piccole dimensioni; accolgono, assistono, consigliano, informano e servono gli avventori; cucinano e preparano cibi e bevande su ordinazione diretta del cliente e per la grande ristorazione."
CP-2021;3;523;52;5.2.3;Assistenti di viaggio e professioni assimilate;"Le professioni comprese in questa classe ricevono e assistono i clienti nei viaggi aerei, marittimi e terrestri e nelle manifestazioni congressuali e fieristiche; accompagnano i visitatori e i turisti nei giri panoramici e nelle visite nelle città."
CP-2021;3;531;53;5.3.1;Professioni qualificate nei servizi sanitari e sociali;"Le professioni comprese in questa classe supportano il personale sanitario nella somministrazione di terapie e nella sorveglianza e nella tutela dell’igiene e della sicurezza sanitaria pubblica; effettuano assistenza fisico manuale svolgendo, nell'ambito delle proprie competenze, la prevenzione, la cura, la riabilitazione e il recupero funzionale mediante massoterapia, balneoterapia e idroterapia; svolgono interventi di assistenza finalizzati a soddisfare i bisogni primari dei pazienti; si occupano dello sviluppo psicologico, motorio, ludico e sanitario dei bambini."
CP-2021;3;541;54;5.4.1;Professioni qualificate nei servizi ricreativi, culturali ed assimilati;"Le professioni comprese in questa classe definiscono, pianificano, implementano e gestiscono le strategie e le politiche di vendita di esercizi che offrono servizi ricreativi, culturali e sportivi per il tempo libero alle persone; sono direttamente impegnati nell’accogliere, assistere, informare e consigliare gli avventori; assecondano le credenze delle persone sull’astrologia, sulla chiromanzia e sulla preveggenza in genere; accettano denaro su scommesse, puntate e giochi."
CP-2021;3;551;55;5.5.1;Operatori della cura estetica;"Le professioni comprese in questa classe forniscono servizi di cura estetica e cosmetica della persona; eseguono trattamenti termali e massaggi per tonificare il corpo e migliorare il benessere."
CP-2021;3;552;55;5.5.2 ;Professioni qualificate nei servizi personali ed assimilati;Le professioni comprese in questa classe erogano servizi di cura della persona, di compagnia e di aiuto domestico alle famiglie, di assistenza a domicilio e nelle istituzioni alle persone che necessitano di aiuto.
CP-2021;3;553;55;5.5.3;Addestratori e custodi di animali;"Le professioni comprese in questa classe domano e addestrano animali; allevano e custodiscono animali domestici non da produzione."
CP-2021;3;554;55;5.5.4 ;Esercenti e addetti di agenzie per il disbrigo di pratiche e professioni assimilate;"Le professioni comprese in questa classe definiscono, pianificano, implementano e gestiscono le strategie e le politiche di vendita di esercizi che erogano servizi di supporto per il disbrigo di pratiche amministrative; sono direttamente impegnati nell’attività lavorativa propria dell’esercizio."
CP-2021;3;555;55;5.5.5.;Esercenti e addetti di agenzie di pompe funebri;"Le professioni comprese in questa classe definiscono, pianificano, implementano e gestiscono le strategie e le politiche di vendita di esercizi che erogano servizi funebri per le famiglie; sono direttamente impegnati nell’attività lavorativa propria dell’esercizio."
CP-2021;3;561;56;5.6.1;Professioni qualificate nei servizi di sicurezza, vigilanza e custodia;"Le professioni comprese in questa classe assicurano il rispetto delle norme e dei regolamenti cittadini e vigilano sul demanio comunale; fanno rispettare le leggi, proteggono le persone e la proprietà e prevengono e reprimono reati; controllano e prevengono incendi; sorvegliano i detenuti negli istituti di pena e di riabilitazione; offrono servizi privati di sicurezza; curano la sicurezza dei bagnanti in piscina e su spiaggia; offrono servizi di custodia e di parcheggio per autovetture."
CP-2021;3;611;61;6.1.1;Brillatori, tagliatori di pietre, coltivatori di saline e professioni assimilate;Le professioni comprese in questa classe utilizzano esplosivi per estrarre minerali e pietre in cave e miniere, eseguono lavorazioni sui prodotti estratti, si occupano delle diverse operazioni connesse alla coltivazione delle saline, mettono in sicurezza e attrezzano i siti.
CP-2021;3;612;61;6.1.2;Artigiani ed operai specializzati addetti alle costruzioni e al mantenimento di strutture edili;Le professioni comprese in questa classe si occupano dell’edificazione in muratura o in cemento armato di manufatti edili di vario genere e dimensione, della messa in sicurezza delle strutture e dei cantieri, della costruzione di forme di colata, provvedono ad attrezzare i cantieri, ad armare gallerie, a pavimentare strade, a montare strutture prefabbricate.
CP-2021;3;613;61;6.1.3;Artigiani ed operai specializzati addetti alle rifiniture delle costruzioni;Le professioni comprese in questa classe si occupano della rifinitura delle costruzioni dopo la loro edificazione, posano tetti, pavimenti, intonaci, sistemi di coibentazione, installano impianti idraulici ed elettrici, infissi, vetri e serramenta.
CP-2021;3;614;61;6.1.4;Artigiani ed operai specializzati addetti alla pitturazione ed alla pulizia degli esterni degli edifici ed assimilati;Le professioni comprese in questa classe provvedono alla finitura delle costruzioni dopo le opere di edificazione e rifinitura, provvedono a dipingere e a decorare le pareti, alla loro manutenzione, a dipingere insegne, cartelli, pannelli ed oggetti simili, a mantenere pulite le facciate degli edifici.
CP-2021;3;615;61;6.1.5;Artigiani ed operai specializzati addetti alla pulizia ed all’igiene degli edifici;Le professioni comprese in questa classe provvedono alle operazioni di pulizia e igenizzazione degli edifici, eseguono interventi di disinfestazione e operazioni di costruzione, riparazione e manutenzione degli impianti fognari.
CP-2021;3;621;62;6.2.1;Fonditori, saldatori, lattonieri, calderai, montatori di carpenteria metallica e professioni assimilate;"Le professioni comprese in questa classe si occupano della lavorazione di base dei metalli, li fondono e realizzano le forme per la colata; tagliano e saldano parti in metallo, costruiscono, formano e riparano oggetti e parti in lamiera, montano carpenteria e cavi metallici, costruiscono, manutengono e riparano manufatti metallici subacquei."
CP-2021;3;622;62;6.2.2;Fabbri ferrai costruttori di utensili ed assimilati;Le professioni comprese in questa classe costruiscono manufatti, utensili, ed eseguono lavori di precisione utilizzando blocchi e profilati grezzi di metallo che lavorano a caldo o a freddo manualmente o con l’ausilio di macchine non automatiche o semi-automatiche.
CP-2021;3;623;62;6.2.3;Meccanici artigianali, montatori, riparatori e manutentori di macchine fisse e mobili (esclusi gli addetti alle linee di montaggio industriale);Le professioni comprese in questa classe costruiscono artigianalmente, riparano, montano, manutengono e collaudano veicoli e i loro motori, macchinari industriali, macchine frigorifere e apparecchi termici e idraulici.
CP-2021;3;624;62;6.2.4;Artigiani e operai specializzati dell’installazione e della manutenzione di attrezzature elettriche ed elettroniche;Le professioni comprese in questa classe svolgono attività connesse alla installazione, manutenzione, montaggio e riparazione di apparati e apparecchiature elettriche, elettromeccaniche ed elettroniche, di elettrodotti e altre grandi linee elettriche, di apparecchiature informatiche.
CP-2021;3;631;63;6.3.1;Artigiani ed operai specializzati della meccanica di precisione su metalli e materiali assimilati;"Le professioni comprese in questa classe costruiscono, riparano e tarano strumenti di precisione; protesi per ripristinare funzioni e ridurre disabilità fisiche nell’uomo; strumenti musicali; strumenti ottici, orologi e gioielli."
CP-2021;3;632;63;6.3.2;Vasai, soffiatori e formatori di vetrerie e professioni assimilate;Le professioni comprese in questa classe lavorano e decorano la terracotta, la ceramica e il vetro per realizzare oggetti e manufatti artigianali.
CP-2021;3;633;63;6.3.3;Artigiani delle lavorazioni artistiche del legno, del tessuto e del cuoio e dei materiali assimilati;Le professioni comprese in questa classe realizzano manualmente o con macchine semiautomatiche oggetti di artigianato artistico in legno e paste derivate, in tessuto e in cuoio.
CP-2021;3;634;63;6.3.4;Artigiani ed operai specializzati delle attività poligrafiche;"Le professioni comprese in questa classe riproducono a stampa su supporti diversi scritti, disegni o immagini, compongono le pagine e le stampano per impressione con macchine manuali o automatiche per grandi tirature; eseguono riproduzioni per incisione fisica o chimica di lastre metalliche, tessuti, pietre; affastellano, piegano, rilegano e rifilano il materiale stampato, utilizzano tecniche fotografiche e fitochimiche per realizzare le matrici di stampa."
CP-2021;3;641;64;6.4.1;Agricoltori e operai agricoli specializzati;Le professioni comprese in questa classe pianificano ed eseguono tutte le operazioni necessarie a coltivare prodotti agricoli destinate al consumo alimentare e non, rendendo produttive colture in pieno campo, coltivazioni legnose, vivai, serre ed orti stabili.
CP-2021;3;642;64;6.4.2;Allevatori e operai specializzati della zootecnia;Le professioni comprese in questa classe si occupano della cura, della alimentazione e della custodia di animali da allevamento per produrre carne o altri prodotti destinati al consumo alimentare o alla trasformazione e produzione industriale.
CP-2021;3;643;64;6.4.3;Allevatori e agricoltori;Le professioni comprese in questa classe curano e mettono a produzione in modo non specialistico o univoco una o più tipologie di coltura e di allevamento.
CP-2021;3;644;64;6.4.4;Operai forestali specializzati;Le professioni comprese in questa classe curano, manutengono, conservano e rendono produttivi macchie, boschi e foreste.
CP-2021;3;645;64;6.4.5;Pescatori e cacciatori;"Le professioni comprese in questa classe allevano specie ittiche, le cacciano e le pescano in alto mare, nelle zone costiere e nelle acque interne; cacciano, catturano o abbattono selvaggina da carne e da pelliccia."
CP-2021;3;651;65;6.5.1;Artigiani ed operai specializzati delle lavorazioni alimentari;"Le professioni comprese in questa classe lavorano artigianalmente carni, pesce, prodotti agricoli e loro derivati per produrre alimenti e bevande destinati al consumo; abbattono animali, tagliano e confezionano carne e pesce freschi e conservati, producono pane e paste, dolciumi, latte, prodotti caseari, li classificano secondo parametri definiti, lavorano e preparano il tabacco."
CP-2021;3;652;65;6.5.2;Attrezzisti, operai e artigiani del trattamento del legno ed assimilati;Le professioni comprese in questa classe si occupano della stagionatura e della prima lavorazione del legno, della realizzazione di mobili e manufatti in questo materiale e della lavorazione e produzione di oggetti in paglia, rafia, vimini, saggina e materiali simili.
CP-2021;3;653;65;6.5.3;Artigiani ed operai specializzati del tessile e dell'abbigliamento;"Le professioni comprese in questa classe preparano e tessono fibre di vario genere, confezionano artigianalmente capi e complementi di abbigliamento in tessuti, in pelle e pelliccia, biancheria intima e per la casa; realizzano tende, drappeggi, divani, poltrone e materassi; lavano e puliscono a secco articoli di abbigliamento e di arredamento per le famiglie."
CP-2021;3;654;65;6.5.4;Artigiani ed operai specializzati della lavorazione del cuoio, delle pelli e delle calzature ed assimilati;Le professioni comprese in questa classe si occupano della prima lavorazione del cuoio, delle pelli e delle pellicce, producono artigianalmente calzature e altri oggetti in pelle, pelliccia e cuoio.
CP-2021;3;655;65;6.5.5;Artigiani ed operai specializzati dell’industria dello spettacolo;Le professioni comprese in questa classe realizzano e predispongono le scene, le ambientazioni, i meccanismi che le supportano e le fanno funzionare, di spettacoli teatrali, di riprese cinematografiche e spettacoli simili.
CP-2021;3;711;71;7.1.1;Conduttori di impianti e macchinari per l'estrazione e il primo trattamento dei minerali;Le professioni comprese in questa classe conducono impianti per l’estrazione e la prima lavorazione di minerali ed altri prodotti del sottosuolo, quali petrolio e gas naturali.
CP-2021;3;712;71;7.1.2;Operatori di impianti per la trasformazione e lavorazione a caldo dei metalli;"Le professioni comprese in questa classe conducono impianti e macchinari per la produzione e la lavorazione dei metalli; conducono altiforni e forni di prima e seconda fusione, laminatoi, impianti di trafilazione, estrusione e trattamento termico dei metalli ferrosi e non."
CP-2021;3;713;71;7.1.3;Conduttori di forni ed altri impianti per la lavorazione del vetro, della ceramica e di materiali assimilati;Le professioni comprese in questa classe conducono impianti e macchinari per la lavorazione di materiali inerti a base di sabbie terre ed argille, impianti e forni per la produzione e la lavorazione del vetro, della ceramica e di materiali simili e di laterizi.
CP-2021;3;714;71;7.1.4;Conduttori di impianti per la trasformazione del legno e la fabbricazione della carta;Le professioni comprese in questa classe conducono impianti e macchinari per la produzione di semilavorati in legno e materiali derivati, per la preparazione di paste di cellulosa o derivati dal legno ad uso delle cartiere e per la produzione della carta.
CP-2021;3;715;71;7.1.5;Operatori di macchinari e di impianti per la raffinazione del gas e dei prodotti petroliferi, per la chimica di base e la chimica fine e per la fabbricazione di prodotti derivati dalla chimica;"Le professioni comprese in questa classe conducono impianti e macchinari per la lavorazione dei prodotti petroliferi, per la loro stazzatura e per l’imbottigliamento dei gas derivati dal processo di raffinazione; conducono impianti e macchinari per le fasi di lavorazioni della chimica di base e della chimica fine; conducono e controllano impianti e macchinari per la fabbricazione di prodotti derivati dalla chimica; conducono reattori ed altri impianti e macchinari per la produzione di materie intermedie derivate dalla produzione chimica primaria e secondaria; operano nel rispetto delle disposizioni atte a garantire la sicurezza e la qualità del prodotto e del ciclo produttivo."
CP-2021;3;716;71;7.1.6;Conduttori di impianti per la produzione di energia termica e di vapore, per il recupero dei rifiuti e per il trattamento e la distribuzione delle acque;Le professioni comprese in questa classe conducono impianti e macchinari per la produzione di energia termica e di vapore, impianti di trattamento dei rifiuti e per il recupero e il riciclaggio degli stessi e impianti per il trattamento e la distribuzione delle acque.
CP-2021;3;717;71;7.1.7;Operatori di catene di montaggio automatizzate e di robot industriali;"Le professioni comprese in questa classe conducono catene di montaggio automatizzate, impianti composti da più stazioni in sequenza, in ognuna delle quali viene eseguita una singola lavorazione su un pezzo che passa poi automaticamente alla stazione successiva, robot industriali che eseguono una o più operazioni complesse dopo opportuna programmazione; sorvegliano la regolarità del processo e intervengono in caso di malfunzionamento."
CP-2021;3;718;71;7.1.8;Conduttori di impianti per la trasformazione dei minerali;Le professioni comprese in questa classe conducono impianti e macchinari per separare, impastare e trattare termicamente minerali o sostanze chimiche, per trasformarli o decomporli in materie prime per successive lavorazioni e produzioni.
CP-2021;3;721;72;7.2.1;Operai addetti a macchine automatiche e semiautomatiche per lavorazioni metalliche e per prodotti minerali;Le professioni comprese in questa classe conducono e controllano, intervenendo in caso di malfunzionamento, l’attività di macchine utensili automatiche e semiautomatiche per la lavorazione per asportazione e deformazione dei metalli, nonché di macchine e impianti per la produzione di manufatti in cemento a base di altri prodotti minerali.
CP-2021;3;722;72;7.2.2;Operai dei rivestimenti metallici, della galvanoplastica e per la fabbricazione di prodotti fotografici;Le professioni comprese in questa classe provvedono alla conduzione di impianti e macchinari per la rifinitura elettrochimica dei prodotti in metallo e per la fabbricazione di emulsioni e prodotti fotografici.
CP-2021;3;723;72;7.2.3;Conduttori di macchinari per la fabbricazione di articoli in gomma e materie plastiche;Le professioni comprese in questa classe conducono e controllano impianti e macchinari per la fabbricazione in serie di pneumatici e articoli in gomma e in plastica, sorvegliano la regolarità dei processi di lavorazione e intervengono nei casi di malfunzionamento.
CP-2021;3;724;72;7.2.4;Operai addetti a macchinari in impianti per la produzione in serie di articoli in legno;Le professioni comprese in questa classe conducono e controllano impianti e macchinari per la fabbricazione in serie di mobili e articoli in legno, sorvegliano la regolarità dei processi di lavorazione e intervengono in caso di malfunzionamento degli impianti e dei macchinari.
CP-2021;3;725;72;7.2.5;Conduttori di macchinari per tipografia e stampa su carta e cartone;Le professioni comprese in questa classe conducono e controllano impianti e macchinari per la stampa e fabbricazione in serie di articoli in carta e cartone e per la rilegatura di libri e articoli simili, sorvegliano la regolarità dei processi di lavorazione e intervengono in caso di malfunzionamento.
CP-2021;3;726;72;7.2.6;Operai addetti a macchinari dell'industria tessile, delle confezioni ed assimilati;"Le professioni comprese in questa classe conducono impianti e macchinari automatici per la filatura e la bobinatura di fibre naturali e sintetiche, per la fabbricazione in serie di tessuti, maglie, capi di abbigliamento, per il trattamento chimico e fisico dei tessuti, la stampa e la produzione di altri articoli in filato, tessuto e simili; sorvegliano la regolarità dei processo di produzione e intervengono nei casi di malfunzionamento."
CP-2021;3;727;72;7.2.7;Operai addetti all'assemblaggio di prodotti industriali;Le professioni comprese in questa classe montano, con l’ausilio di utensili manuali o semiautomatici e lungo una catena di assemblaggio, componenti di macchine, di apparati elettrici elettronici e per le telecomunicazioni, di articoli in metallo, legno, cartone, tessuto o in altri materiali o di loro parti.
CP-2021;3;728;72;7.2.8;Operai addetti a macchine confezionatrici di prodotti industriali;Le professioni comprese in questa classe conducono impianti e macchine per il confezionamento automatico di prodotti industriali di varia natura e dimensione.
CP-2021;3;731;73;7.3.1;Operai addetti a macchinari fissi nell'agricoltura e nella prima trasformazione dei prodotti agricoli;Le professioni comprese in questa classe conducono impianti e macchinari per la prima trasformazione dei prodotti agricoli e di allevamento, di impianti e macchinari di frantoio e per la refrigerazione, igienizzazione e primo trattamento del latte.
CP-2021;3;732;73;7.3.2;Operai addetti a macchinari fissi per l'industria alimentare;Le professioni comprese in questa classe conducono impianti e macchinari fissi per la produzione, la lavorazione e la conservazione dei prodotti alimentari, della carne e del pesce, di prodotti lattiero-caseari, dei cereali e delle spezie, della frutta e delle verdure, dello zucchero, del the, del caffé, del cacao e della cioccolata, del tabacco, di liquori, vini e bevande, di pasticceria e prodotti da forno.
CP-2021;3;741;74;7.4.1;Conduttori di convogli ferroviari e altri manovratori di veicoli su rotaie e di impianti a fune;"Le professioni comprese in questa classe conducono locomotori ferroviari; controllano e azionano i dispositivi di frenatura e i dispositivi di segnalazione ferroviaria; manovrano e conducono altri mezzi rotabili di supporto alle attività di sorveglianza, di mantenimento in sicurezza del traffico ferroviario e di manutenzione del materiale rotabile; controllano e azionano i dispositivi di movimentazione e frenatura dei convogli funiviari e teleferici."
CP-2021;3;742;74;7.4.2;Conduttori di veicoli a motore e a trazione animale;"Le professioni comprese in questa classe conducono veicoli per trasporto su gomma o su rotaia cittdina di persone e merci; guidano motocicli, autoveicoli, furgoni, autobus, tram, filobus, autotreni e mezzi pesanti per il trasporto merci, veicoli a trazione animale."
CP-2021;3;743;74;7.4.3;Conduttori di macchine agricole;Le professioni comprese in questa classe conducono macchine mobili utilizzate nelle diverse fasi della produzione agricola e delle lavorazioni forestali.
CP-2021;3;744;74;7.4.4;Conduttori di macchine per movimento terra, di macchine di sollevamento e di maneggio dei materiali;Le professioni comprese in questa classe conducono macchine per il movimento terra e simili, per la perforazione nelle costruzioni e di macchinari fissi e semoventi per il sollevamento e la movimentazione di materiali.
CP-2021;3;745;74;7.4.5;Marinai di coperta e operai assimilati;"Le professioni comprese in questa classe conducono macchine e motori navali, barche e battelli; supportano le operazioni di trasporto marittimo."
CP-2021;3;811;81;8.1.1;Venditori ambulanti;Le professioni classificate in questa classe svolgono attività ambulanti di vendita di prodotti alimentari, di manufatti e di servizi.
CP-2021;3;812;81;8.1.2;Personale non qualificato di ufficio;Le professioni classificate in questa classe supportano, con attività manuali e compiti esecutivi, il lavoro di ufficio, assicurano le procedure di accoglienza e di accompagnamento di clienti e visitatori, ricevono e distribuiscono documenti e materiali dentro e fuori l’organizzazione, provvedono ad effettuare letture di contatori e a raccogliere denaro e monete da distributori automatici o da altri ricevitori.
CP-2021;3;813;81;8.1.3;Personale non qualificato addetto allo spostamento e alla consegna merci;Le professioni classificate nella classe svolgono attività manuali di facchinaggio e di spostamento delle merci di ausilio nelle attività dei magazzini e nelle attività di consegna delle merci e materiali.
CP-2021;3;814;81;8.1.4;Personale non qualificato nei servizi di pulizia di uffici, alberghi, navi, ristoranti, aree pubbliche e veicoli;"Le professioni classificate in questa classe curano la pulizia e l'ordine negli esercizi di alloggio e ristorazione, nelle navi, negli uffici, nei negozi e nelle strade; lavano automobili o altri veicoli."
CP-2021;3;815;81;8.1.5;Personale non qualificato nei servizi di istruzione e sanitari;Le professioni classificate in questa classe svolgono compiti e attività manuali non qualificate in strutture scolastiche o sanitarie, sorvegliano e puliscono gli ambienti, eseguono piccole commissioni, trasportano e accudiscono gli ammalati.
CP-2021;3;816;81;8.1.6;Personale non qualificato addetto ai servizi di custodia di edifici, attrezzature e beni;"Le professioni classificate in questa classe custodiscono edifici, impianti, attrezzature, merci e beni; vigilano sugli accessi e prevengono l’ingresso di persone indesiderate, svolgono attività di portierato presso condomini privati; sorvegliano gli oggetti lasciati in custodia."
CP-2021;3;821;82;8.2.1;Personale non qualificato nei servizi ricreativi e culturali;Le professioni classificate in questa classe svolgono attività non qualificate di accoglienza, accompagnamento e assistenza dei clienti nella fruizione di servizi ricreativi e culturali.
CP-2021;3;822;82;8.2.2;Personale non qualificato addetto ai servizi domestici;"Le professioni classificate in questa classe mantengono in ordine e puliti gli ambienti domestici, svolgono piccoli lavori di manutenzione della casa; puliscono, smacchiano, lavano e stirano a mano presso le famiglie capi di abbigliamento, di biancheria, tende, materassi, lane e oggetti e materiali simili; fanno la spesa giornaliera, cucinano e servono i pasti."
CP-2021;3;831;83;8.3.1;Personale non qualificato nell'agricoltura e nella manutenzione del verde;Le professioni classificate in questa classe svolgono compiti semplici e routinari per la coltivazione agricola e per la manutenzione parchi, giardini e delle aree verdi.
CP-2021;3;832;83;8.3.2;Personale non qualificato addetto alle foreste, alla cura degli animali, alla pesca e alla caccia;Le professioni classificate in questa classe svolgono compiti semplici e routinari per la cura e l'accompagnamento degli animali, per il mantenimento delle foreste e per la pesca e la caccia.
CP-2021;3;841;84;8.4.1;Personale non qualificato delle miniere e delle cave;Le professioni classificate in questa classe svolgono compiti semplici e routinari di supporto alle attività di miniere e cave
CP-2021;3;842;84;8.4.2;Personale non qualificato delle costruzioni e professioni assimilate;Le professioni classificate in questa classe svolgono compiti semplici e routinari di supporto alle attività di edilizia civile per la costruzione di edifici, strade, dighe e di altre opere pubbliche.
CP-2021;3;843;84;8.4.3;Personale non qualificato nella manifattura;Le professioni classificate in questa classe svolgono compiti semplici e di routine di supporto alle attività manifatturiere.
CP-2021;3;911;91;9.1.1;Ufficiali delle forze armate;Le professioni di questa classe garantiscono l'integrità territoriale e politica della nazione e la sua sicurezza in tempo di pace e di guerra. Sono compresi in questa classe i membri delle Forze Armate con il grado uguale o superiore a quello di Sottotenente (o guardiamarina nel caso della marina militare)
CP-2021;3;921;92;9.2.1;Sergenti, sovraintendenti e marescialli delle forze armate;Le professioni di questa classe garantiscono l'integrità territoriale e politica della nazione e la sua sicurezza in tempo di pace e di guerra. Sono compresi in questa classe i membri delle Forze Armate con il grado compreso fra Sergente (o Vicebrigadiere nel caso dell'arma dei carabinieri) e Primo Maresciallo Luogotenente ( o M.A.s. UPS Luogotenente nel caso dell'arma dei carabinieri).
CP-2021;3;931;93;9.3.1;Truppa delle forze armate;Le professioni di questa classe garantiscono l'integrità territoriale e politica della nazione e la sua sicurezza in tempo di pace e di guerra. Sono compresi in questa classe i membri delle Forze Armate con grado uguale o inferiore a Caporalmaggiore Capo Scelto (nel caso dell'esercito), Sottocapo di 1° Classe Scelto ( per la marina militare), 1° Aviere Capo Scelto (nel caso dell'Aeronautica Militare) e Appuntato Scelto (per l'arma dei carabinieri).
CP-2021;4;1111;111;1.1.1.1;Membri di organismi di governo e di assemblee con potestà legislativa e regolamentare a livello nazionale;Le professioni classificate in questa categoria definiscono, discutono e approvano leggi, regolamenti e statuti validi sull’intero territorio nazionale, definiscono le politiche di governo individuando e allocando le risorse necessarie alla loro realizzazione.
CP-2021;4;1112;111;1.1.1.2;Membri di organismi di governo e di assemblee con potestà legislativa e regolamentare a livello regionale e di Province autonome;Le professioni classificate in questa categoria applicano sul territorio leggi nazionali e, negli ambiti previsti dall’organizzazione dello Stato, definiscono, discutono e approvano leggi, regolamenti e statuti validi sul territorio regionale e delle Province autonome, definiscono le politiche di governo locale individuando e allocando le risorse necessarie alla loro realizzazione.
CP-2021;4;1113;111;1.1.1.3;Membri di organismi di governo e di assemblee con potestà regolamentare a livello provinciale o di città metropolitana;Le professioni classificate in questa categoria applicano sul territorio leggi nazionali e locali e, negli ambiti previsti dall’organizzazione dello Stato e della Regione di appartenenza, definiscono, discutono e approvano regolamenti e statuti validi sul territorio provinciale, definiscono le politiche di governo locale individuando e allocando le risorse necessarie alla loro realizzazione.
CP-2021;4;1114;111;1.1.1.4;Membri di organismi di governo e di assemblee con potestà regolamentare a livello comunale e sub-provinciale;Le professioni classificate in questa categoria applicano sul territorio leggi nazionali e locali e, negli ambiti previsti dall’organizzazione dello Stato, della Regione e della Provincia di appartenenza, definiscono, discutono e approvano regolamenti e statuti validi sul territorio comunale o sub-provinciale, definiscono le politiche di governo locale individuando e allocando le risorse necessarie alla loro realizzazione.
CP-2021;4;1121;112;1.1.2.1;Ambasciatori, ministri plenipotenziari ed alti dirigenti della carriera diplomatica;Le professioni classificate in questa categoria agiscono per conto e rappresentano lo Stato e il governo presso altri Stati e presso le Organizzazioni Internazionali, tutelano gli interessi nazionali e i diritti dei concittadini all’estero e, nei casi previsti dalla legge, garantiscono la vigilanza sulle attività di organismi nazionali operanti all’estero e le funzioni amministrative sussidiarie.
CP-2021;4;1122;112;1.1.2.2;Prefetti e vice prefetti, alti funzionari della carriera prefettizia e alti responsabili della sicurezza pubblica;"Le professioni classificate in questa categoria assicurano e garantiscono sul territorio l’unitarietà e l’efficacia delle politiche di governo e dell’azione delle amministrazioni periferiche dello Stato coordinando attività e funzioni di queste ultime con quelle delle amministrazioni locali; rappresentano il governo sul territorio, sovrintendono alle attività degli organi di pubblica sicurezza e di protezione civile e adottano misure volte a garantire la sicurezza dei cittadini."
CP-2021;4;1123;112;1.1.2.3;Direttori generali, dipartimentali ed equiparati delle amministrazioni dello Stato, degli enti pubblici non economici, degli enti locali, delle università, degli enti di ricerca e nella sanità;Le professioni classificate in questa categoria dirigono grandi strutture dell’amministrazione statale e locale, delle università, degli enti di ricerca e del Servizio Sanitario Nazionale, formulano proposte e pareri agli organi cui fanno riferimento, curano l’attuazione dei programmi e delle politiche adottando e definendo le modalità organizzative e le risorse necessarie alla loro realizzazione, esercitando poteri di spesa e attribuendo ai dirigenti subordinati le responsabilità di progetti nonché le risorse necessarie a realizzarli, verificandone e controllandone le attività rispetto agli obiettivi fissati e mantenendo la responsabilità della gestione e dei risultati raggiunti.
CP-2021;4;1124;112;1.1.2.4;Dirigenti ed equiparati delle amministrazioni dello Stato, degli enti pubblici non economici, degli enti locali, della scuola, delle università, degli enti di ricerca e nella sanità;Le professioni classificate in questa categoria dirigono uffici apicali dell'amministrazione statale e locale delle università, della scuola, degli enti di ricerca e del Servizio Sanitario Nazionale, formulano proposte e pareri ai direttori generali o dipartimentali da cui dipendono funzionalmente, curano l'attuazione dei progetti loro affidati adottando e definendo, nei limiti di competenza, le modalità organizzative e le risorse necessarie alla loro realizzazione, esercitando i poteri di spesa loro attribuiti, coordinando le attività degli uffici loro subordinati, individuando i responsabili delle procedure affidate al proprio ufficio e verificando e controllando le attività complessive dell'ufficio rispetto agli obiettivi fissati. Sono responsabili della gestione e dei risultati raggiunti.
CP-2021;4;1131;113;1.1.3.1;Magistrati con funzioni direttive superiori, di indirizzo e di coordinamento;Le professioni comprese in questa categoria presiedono, dirigono e organizzano gli uffici giudiziari e le loro articolazioni interne, ne coordinano le attività, distribuiscono il lavoro fra i giudici, vigilano sulla loro attività e su quelle dei servizi ausiliari, curano e garantiscono lo scambio di informazioni giurisprudenziali.
CP-2021;4;1141;114;1.1.4.1;Dirigenti di organizzazioni di interesse nazionale e sovranazionale per la rappresentanza di interessi collettivi (partiti e movimenti politici, sindacati delle imprese e dei lavoratori, associazioni per la tutela dell'ambiente e dei consumatori);"Le professioni comprese in questa categoria definiscono, promuovono, attuano e dirigono le politiche e le strategie di organizzazioni quali i partiti politici, le organizzazioni sindacali ovvero di altre associazioni che tutelano gli interessi economici dei cittadini, di categorie economiche o sociali; le rappresentano nei confronti di parti terze e agiscono per loro conto; organizzano campagne elettorali e di promozione delle finalità associative nonché il reclutamento e la formazione degli associati."
CP-2021;4;1142;114;1.1.4.2;Dirigenti di associazioni umanitarie, culturali, scientifiche e sportive di interesse nazionale o sovranazionale;"Le professioni comprese in questa categoria definiscono, promuovono, dirigono e attuano le politiche e le strategie delle organizzazioni di cui fanno parte; le rappresentano nei confronti di parti terze e agiscono per loro conto; organizzano campagne di promozione delle finalità associative nonché il reclutamento e la formazione degli associati."
CP-2021;4;1211;121;1.2.1.1;Imprenditori e amministratori di grandi aziende che operano nell'agricoltura, nell'allevamento, nella silvicoltura, nella caccia e nella pesca;Le professioni classificate in questa categoria guidano imprese o organizzazioni che operano nei settori economici dell’agricoltura, silvicoltura e pesca, classificati sotto la Sezione A della Classificazione delle attività economiche, direttamente come proprietari o per conto della proprietà, le rappresentano nei confronti di terze parti e, con il supporto di uno o più direttori che coordinano strutture dirigenziali, ne definiscono, pianificano, dirigono e coordinano le politiche, le strategie produttive e le attività, generalmente seguendo le direttive di un consiglio di amministrazione o di direzione a cui rispondono per le decisioni prese e i risultati ottenuti.
CP-2021;4;1212;121;1.2.1.2;Imprenditori e amministratori di grandi aziende che operano nell'estrazione dei minerali, nella manifattura, nella produzione e distribuzione di energia elettrica, gas, acqua e nelle attività di gestione dei rifiuti;Le professioni classificate in questa categoria guidano imprese o organizzazioni che operano nei settori economici delle attività estrattive, manifatturiere, della fornitura di energia elettrica, gas, vapore e aria condizionata, della fornitura di acqua delle reti fognarie e delle attività di trattamento dei rifiuti e risanamento, classificati rispettivamente sotto le Sezioni B, C, D ed E della Classificazione delle attività economiche, direttamente come proprietari o per conto della proprietà, le rappresentano nei confronti di terze parti e, con il supporto di uno o più direttori che coordinano strutture dirigenziali, ne definiscono, pianificano, dirigono e coordinano le politiche, le strategie produttive e le attività, generalmente seguendo le direttive di un consiglio di amministrazione o di direzione a cui rispondono per le decisioni prese e i risultati ottenuti.
CP-2021;4;1213;121;1.2.1.3;Imprenditori e amministratori di grandi aziende di costruzioni;Le professioni classificate in questa categoria guidano imprese o organizzazioni che operano nel settore economico delle costruzioni, classificato sotto la Sezione F della Classificazione delle attività economiche, direttamente come proprietari o per conto della proprietà, le rappresentano nei confronti di terze parti e, con il supporto di uno o più direttori che coordinano strutture dirigenziali, ne definiscono, pianificano, dirigono e coordinano le politiche, le strategie produttive e le attività, generalmente seguendo le direttive di un consiglio di amministrazione o di direzione a cui rispondono per le decisioni prese e i risultati ottenuti.
CP-2021;4;1214;121;1.2.1.4;Imprenditori e amministratori di grandi aziende nel commercio;Le professioni classificate in questa categoria guidano imprese o organizzazioni che operano nei settori economici del commercio all’ingrosso e al dettaglio e della riparazione di autoveicoli e motocicli, classificati sotto la Sezione G della Classificazione delle attività economiche, direttamente come proprietari o per conto della proprietà, le rappresentano nei confronti di terze parti e, con il supporto di uno o più direttori che coordinano strutture dirigenziali, ne definiscono, pianificano, dirigono e coordinano le politiche, le strategie produttive e le attività, generalmente seguendo le direttive di un consiglio di amministrazione o di direzione a cui rispondono per le decisioni prese e i risultati ottenuti.
CP-2021;4;1215;121;1.2.1.5;Imprenditori e amministratori di grandi aziende nei servizi di alloggio e ristorazione;Le professioni classificate in questa categoria guidano imprese o organizzazioni che operano nel settore economico delle attività dei servizi di alloggio e ristorazione, classificato sotto la Sezione I della Classificazione delle attività economiche, direttamente come proprietari o per conto della proprietà, le rappresentano nei confronti di terze parti e, con il supporto di uno o più direttori che coordinano strutture dirigenziali, ne definiscono, pianificano, dirigono e coordinano le politiche, le strategie produttive e le attività, generalmente seguendo le direttive di un consiglio di amministrazione o di direzione a cui rispondono per le decisioni prese e i risultati ottenuti.
CP-2021;4;1216;121;1.2.1.6;Imprenditori e amministratori di grandi aziende nel settore dei trasporti e magazzinaggio e nei servizi di informazione e comunicazione;Le professioni classificate in questa categoria guidano imprese o organizzazioni che operano nei settori economici del trasporto e magazzinaggio e dei servizi di informazione e comunicazione, classificati rispettivamente nelle Sezioni H e J della Classificazione delle attività economiche, direttamente come proprietari o per conto della proprietà, le rappresentano nei confronti di terze parti e, con il supporto di uno o più direttori che coordinano strutture dirigenziali, ne definiscono, pianificano, dirigono e coordinano le politiche, le strategie produttive e le attività, generalmente seguendo le direttive di un consiglio di amministrazione o di direzione a cui rispondono per le decisioni prese e i risultati ottenuti.
CP-2021;4;1217;121;1.2.1.7;Imprenditori e amministratori di grandi banche, assicurazioni, agenzie immobiliari e di intermediazione finanziaria;Le professioni classificate in questa categoria guidano imprese o organizzazioni che operano nei settori economici delle attività finanziarie, assicurative e immobiliari, classificati rispettivamente sotto le Sezioni K e L della Classificazione delle attività economiche, direttamente come proprietari o per conto della proprietà, le rappresentano nei confronti di terze parti e, con il supporto di uno o più direttori che coordinano strutture dirigenziali, ne definiscono, pianificano, dirigono e coordinano le politiche, le strategie produttive e le attività, generalmente seguendo le direttive di un consiglio di amministrazione o di direzione a cui rispondono per le decisioni prese e i risultati ottenuti.
CP-2021;4;1218;121;1.2.1.8;Imprenditori e amministratori di grandi aziende nei servizi alle imprese e alle persone;Le professioni classificate in questa categoria guidano imprese o organizzazioni che operano nei settori economici delle attività professionali, scientifiche e tecniche, delle attività amministrative e di servizi di supporto e delle altre attività di servizi, classificati rispettivamente sotto le Sezioni M, N e S della Classificazione delle attività economiche, direttamente come proprietari o per conto della proprietà, le rappresentano nei confronti di terze parti e, con il supporto di uno o più direttori che coordinano strutture dirigenziali, ne definiscono, pianificano, dirigono e coordinano le politiche, le strategie produttive e le attività, generalmente seguendo le direttive di un consiglio di amministrazione o di direzione a cui rispondono per le decisioni prese e i risultati ottenuti.
CP-2021;4;1219;121;1.2.1.9;Imprenditori e amministratori di grandi aziende private nei servizi di istruzione, sanità, assistenza sociale e nelle attività artistiche, sportive, di intrattenimento e divertimento;Le professioni classificate in questa categoria guidano imprese o organizzazioni private che operano nei settori economici dell’istruzione, della sanità e dell’assistenza sociale, delle attività artistiche, sportive, di intrattenimento e divertimento, classificati rispettivamente sotto le Sezioni P, Q e R della Classificazione delle attività economiche, direttamente come proprietari o per conto della proprietà, le rappresentano nei confronti di terze parti e, con il supporto di uno o più direttori che coordinano strutture dirigenziali, ne definiscono, pianificano, dirigono e coordinano le politiche, le strategie produttive e le attività, generalmente seguendo le direttive di un consiglio di amministrazione o di direzione a cui rispondono per le decisioni prese e i risultati ottenuti.
CP-2021;4;1221;122;1.2.2.1;Direttori e dirigenti generali di aziende che operano nell'agricoltura, nell'allevamento, nella silvicoltura, nella caccia e nella pesca;Le professioni classificate in questa categoria, nell'ambito delle imprese o organizzazioni che operano nei settori economici dell’agricoltura, silvicoltura e pesca, classificati sotto la Sezione A della Classificazione delle attività economiche, programmano, dirigono e coordinano le attività inerenti la produzione di beni e di servizi dell’impresa o dell’organizzazione in cui operano e assicurano l’utilizzazione efficiente delle risorse a disposizione e il raggiungimento degli obiettivi produttivi prefissati.
CP-2021;4;1222;122;1.2.2.2;Direttori e dirigenti generali di aziende che operano nell'estrazione dei minerali, nella manifattura, nella produzione e distribuzione di energia elettrica, gas, acqua e nelle attività di gestione dei rifiuti;Le professioni classificate in questa categoria, nell'ambito delle imprese o organizzazioni che operano nei settori economici delle attività estrattive, manifatturiere, della fornitura di energia elettrica, gas, vapore e aria condizionata, della fornitura di acqua delle reti fognarie e delle attività di trattamento dei rifiuti e risanamento, classificati rispettivamente sotto le Sezioni B, C, D ed E della Classificazione delle attività economiche, programmano, dirigono e coordinano le attività inerenti la produzione di beni e di servizi dell’impresa o dell’organizzazione in cui operano e assicurano l’utilizzazione efficiente delle risorse a disposizione e il raggiungimento degli obiettivi produttivi prefissati.
CP-2021;4;1223;122;1.2.2.3;Direttori e dirigenti generali di aziende nelle costruzioni;Le professioni classificate in questa categoria, nell'ambito delle imprese o organizzazioni che operano nel settore economico delle costruzioni, classificato sotto la Sezione F della Classificazione delle attività economiche, programmano, dirigono e coordinano le attività inerenti la produzione di beni e di servizi dell’impresa o dell’organizzazione in cui operano e assicurano l’utilizzazione efficiente delle risorse a disposizione e il raggiungimento degli obiettivi produttivi prefissati.
CP-2021;4;1224;122;1.2.2.4;Direttori e dirigenti generali di aziende nel commercio;Le professioni classificate in questa categoria, nell'ambito delle imprese o organizzazioni che operano nei settori economici del commercio all’ingrosso e al dettaglio e della riparazione di autoveicoli e motocicli, classificati sotto la Sezione G della Classificazione delle attività economiche, programmano, dirigono e coordinano le attività inerenti la produzione di servizi dell’impresa o dell’organizzazione in cui operano e assicurano l’utilizzazione efficiente delle risorse a disposizione e il raggiungimento degli obiettivi produttivi prefissati.
CP-2021;4;1225;122;1.2.2.5;Direttori e dirigenti generali di aziende nel settore dei servizi di alloggio e ristorazione;Le professioni classificate in questa categoria, nell'ambito delle imprese o organizzazioni che operano nel settore economico delle attività dei servizi di alloggio e ristorazione, classificato sotto la Sezione I della Classificazione delle attività economiche, programmano, dirigono e coordinano le attività inerenti la produzione di beni e di servizi dell’impresa o dell’organizzazione in cui operano e assicurano l’utilizzazione efficiente delle risorse a disposizione e il raggiungimento degli obiettivi produttivi prefissati.
CP-2021;4;1226;122;1.2.2.6;Direttori e dirigenti generali di aziende nel settore dei trasporti e magazzinaggio e nei servizi di informazione e comunicazione;Le professioni classificate in questa categoria, nell'ambito delle imprese o organizzazioni che operano nei settori economici del trasporto e magazzinaggio e dei servizi di informazione e comunicazione, classificati rispettivamente nelle Sezioni H e J della Classificazione delle attività economiche, programmano, dirigono e coordinano le attività inerenti la produzione di beni e di servizi dell’impresa o dell’organizzazione in cui operano e assicurano l’utilizzazione efficiente delle risorse a disposizione e il raggiungimento degli obiettivi produttivi prefissati.
CP-2021;4;1227;122;1.2.2.7;Direttori e dirigenti generali di banche, assicurazioni, agenzie immobiliari e di intermediazione finanziaria;Le professioni classificate in questa categoria, nell'ambito delle imprese o organizzazioni che operano nei settori economici delle attività finanziarie, assicurative e immobiliari, classificati rispettivamente sotto le Sezioni K e L della Classificazione delle attività economiche, programmano, dirigono e coordinano le attività inerenti la produzione di servizi dell’impresa o dell’organizzazione in cui operano e assicurano l’utilizzazione efficiente delle risorse a disposizione e il raggiungimento degli obiettivi produttivi prefissati.
CP-2021;4;1228;122;1.2.2.8;Direttori e dirigenti generali di aziende di servizi alle imprese e alle persone;Le professioni classificate in questa categoria, nell'ambito delle imprese o organizzazioni che operano nei settori economici delle attività professionali, scientifiche e tecniche, delle attività amministrative e di servizi di supporto e delle altre attività di servizi, classificati rispettivamente sotto le Sezioni M, N e S della Classificazione delle attività economiche, programmano, dirigono e coordinano le attività inerenti la produzione di beni e di servizi dell’impresa o dell’organizzazione in cui operano e assicurano l’utilizzazione efficiente delle risorse a disposizione e il raggiungimento degli obiettivi produttivi prefissati.
CP-2021;4;1229;122;1.2.2.9;Direttori e dirigenti generali di aziende nel settore delle attività artistiche, sportive, di intrattenimento e di divertimento;Le professioni classificate in questa categoria, nell'ambito delle imprese o organizzazioni che operano nel settore economico delle attività artistiche, di intrattenimento e di divertimento classificati sotto la Sezione R della Classificazione delle attività economiche, programmano, dirigono e coordinano le attività inerenti la produzione di beni e di servizi dell’impresa o dell’organizzazione in cui operano e assicurano l’utilizzazione efficiente delle risorse a disposizione e il raggiungimento degli obiettivi produttivi prefissati.
CP-2021;4;1231;123;1.2.3.1;Direttori e dirigenti della finanza ed amministrazione;Le professioni classificate in questa categoria programmano, dirigono e coordinano l’amministrazione interna e/o le operazioni finanziarie, definiscono le procedure amministrative, verificano e controllano la spesa e l’uso adeguato delle risorse.
CP-2021;4;1232;123;1.2.3.2;Direttori e dirigenti dell'organizzazione, gestione delle risorse umane e delle relazioni industriali;"Le professioni classificate in questa categoria definiscono, dirigono e coordinano le politiche relative al personale e alle relazioni sindacali ovvero i programmi di reclutamento e di formazione del personale, la struttura salariale, i percorsi di carriera; sovrintendono all’applicazione dei criteri di sicurezza e di salvaguardia della salute dei lavoratori."
CP-2021;4;1233;123;1.2.3.3;Direttori e dirigenti delle vendite e commercializzazione;"Le professioni classificate in questa categoria definiscono, dirigono e coordinano le strategie di vendita, di commercializzazione e di distribuzione dei beni o dei servizi prodotti; ne definiscono i prezzi di mercato, gli sconti, le promozioni e gli incentivi da applicare."
CP-2021;4;1234;123;1.2.3.4;Direttori e dirigenti della comunicazione, pubblicità e pubbliche relazioni;Le professioni classificate in questa categoria definiscono, dirigono e coordinano le strategie di comunicazione e pubblicitarie, ne negoziano i costi di diffusione, curano l’immagine dell’impresa presso cui operano definendo e gestendo programmi di informazione diretti al pubblico o a particolari corpi sociali, di sostegno ad attività benefiche, culturali, sportive e ad organizzazioni umanitarie.
CP-2021;4;1235;123;1.2.3.5;Direttori e dirigenti dell'approvvigionamento e distribuzione;"Le professioni classificate in questa categoria pianificano, dirigono e coordinano gli approvvigionamenti, il magazzino scorte e la logistica interna dei materiali e delle attrezzature necessarie al funzionamento dell’impresa in cui operano; individuano i sistemi di inventario e di controllo dei consumi; definiscono le procedure e negoziano gli acquisti con i fornitori, assicurandone la qualità."
CP-2021;4;1236;123;1.2.3.6;Direttori e dirigenti dei servizi informatici;"Le professioni classificate in questa categoria sovrintendono al corretto funzionamento dei sistemi e dei servizi informatici; ne pianificano, dirigono e coordinano l’acquisto, l’installazione, l’aggiornamento e la manutenzione; definiscono le priorità e i modi dell’informatizzazione delle procedure e delle attività dell'impresa, sovrintendono al rispetto delle norme sul trattamento delle informazioni in materia di sicurezza e di tutela dei dati personali."
CP-2021;4;1237;123;1.2.3.7;Direttori e dirigenti di ricerca e sviluppo;Le professioni classificate in questa categoria pianificano, dirigono e coordinano, per l’impresa o su commessa esterna attività di ricerca finalizzate a migliorare e sviluppare i processi tecnici di produzione, i beni o i servizi prodotti, i materiali necessari a produrli e il loro uso, i modi e le tecnologie di distribuzione, sovrintendendo al deposito dei brevetti.
CP-2021;4;1238;123;1.2.3.8;Direttori e dirigenti della pianificazione e delle policy;"Le professioni classificate in questa categoria pianificano, organizzano, dirigono e coordinano le attività di consulenza politica e di pianificazione strategica all'interno di istituzioni pubbliche o organizzazioni private; gestiscono le attività di imprese che forniscono servizi di pianificazione politica e strategica, anche in un'ottica di sostenibilità economica, ambientale e sociale."
CP-2021;4;1311;131;1.3.1.1;Imprenditori e responsabili di piccole aziende che operano nell'agricoltura, nell'allevamento, nella silvicoltura, nella caccia e nella pesca;"Le professioni classificate in questa categoria, nell'ambito delle imprese o organizzazioni che operano nei settori economici dell’agricoltura, silvicoltura e pesca, classificati sotto la Sezione A della Classificazione delle attività economiche, definiscono, pianificano, implementano e gestiscono le politiche e le strategie di produzione e ne valutano i risultati; negoziano con i fornitori e i clienti, programmano e controllano l’uso efficiente delle risorse; reclutano personale e definiscono i processi di innovazione organizzativa e produttiva. Tali attività sono esercitate in imprese che dispongono di un apparato organizzativo semplice, che non prevede livelli intermedi di coordinamento (nessun direttore che coordina strutture dirigenziali) a supporto dell’imprenditore nella sua attività. Le professioni comprese in questa categoria possono essere saltuariamente impegnate nel processo materiale di produzione."
CP-2021;4;1312;131;1.3.1.2;Imprenditori e responsabili di piccole aziende che operano nell'estrazione di minerali, nella manifattura, nella produzione e distribuzione di energia elettrica, gas e acqua e nelle attività di gestione dei rifiuti;"Le professioni classificate in questa categoria, nell'ambito delle imprese o organizzazioni che operano nei settori economici delle attività estrattive, manifatturiere, della fornitura di energia elettrica, gas, vapore e aria condizionata, della fornitura di acqua delle reti fognarie e delle attività di trattamento dei rifiuti e risanamento, classificati rispettivamente sotto le Sezioni B, C, D ed E della Classificazione delle attività economiche, definiscono, pianificano, implementano e gestiscono le politiche e le strategie di produzione e ne valutano i risultati; negoziano con i fornitori e i clienti, programmano e controllano l’uso efficiente delle risorse; reclutano personale e definiscono i processi di innovazione organizzativa e produttiva. Tali attività sono esercitate in imprese che dispongono di un apparato organizzativo semplice, che non prevede livelli intermedi di coordinamento (nessun direttore che coordina strutture dirigenziali) a supporto dell’imprenditore nella sua attività. Le professioni comprese in questa categoria possono essere saltuariamente impegnate nel processo materiale di produzione."
CP-2021;4;1313;131;1.3.1.3;Imprenditori e responsabili di piccole aziende nelle costruzioni;"Le professioni classificate in questa categoria, nell'ambito delle imprese o organizzazioni che operano nel settore economico delle costruzioni, classificato sotto la Sezione F della Classificazione delle attività economiche, definiscono, pianificano, implementano e gestiscono le politiche e le strategie di produzione e ne valutano i risultati; negoziano con i fornitori e i clienti, programmano e controllano l’uso efficiente delle risorse; reclutano personale e definiscono i processi di innovazione organizzativa e produttiva. Tali attività sono esercitate in imprese che dispongono di un apparato organizzativo semplice, che non prevede livelli intermedi di coordinamento (nessun direttore che coordina strutture dirigenziali) a supporto dell’imprenditore nella sua attività. Le professioni comprese in questa categoria possono essere saltuariamente impegnate nel processo materiale di produzione."
CP-2021;4;1314;131;1.3.1.4;Imprenditori e responsabili di piccole aziende nel commercio;"Le professioni classificate in questa categoria, nell'ambito delle imprese o organizzazioni private che operano nei settori economici del commercio all’ingrosso e al dettaglio e della riparazione di autoveicoli e motocicli, classificati sotto la Sezione G della Classificazione delle attività economiche, definiscono, pianificano, implementano e gestiscono le politiche e le strategie di produzione e ne valutano i risultati; negoziano con i fornitori e i clienti, programmano e controllano l’uso efficiente delle risorse; reclutano personale e definiscono i processi di innovazione organizzativa e produttiva. Tali attività sono esercitate in imprese che dispongono di un apparato organizzativo semplice, che non prevede livelli intermedi di coordinamento (nessun direttore che coordina strutture dirigenziali) a supporto dell’imprenditore nella sua attività. Le professioni comprese in questa categoria possono essere saltuariamente impegnate nel processo di fornitura dei servizi."
CP-2021;4;1315;131;1.3.1.5;Imprenditori e responsabili di piccole aziende nei servizi di alloggio e ristorazione;"Le professioni classificate in questa categoria, nell'ambito delle imprese o organizzazioni che operano nel settore economico delle attività dei servizi di alloggio e ristorazione, classificato sotto la Sezione I della Classificazione delle attività economiche, definiscono, pianificano, implementano e gestiscono le politiche e le strategie di produzione e ne valutano i risultati; negoziano con i fornitori e i clienti, programmano e controllano l’uso efficiente delle risorse; reclutano personale e definiscono i processi di innovazione organizzativa e produttiva. Tali attività sono esercitate in imprese che dispongono di un apparato organizzativo semplice, che non prevede livelli intermedi di coordinamento (nessun direttore che coordina strutture dirigenziali) a supporto dell’imprenditore nella sua attività. Le professioni comprese in questa categoria possono essere saltuariamente impegnate nel processo di fornitura dei servizi."
CP-2021;4;1316;131;1.3.1.6;Imprenditori e responsabili di piccole aziende nei trasporti, magazzinaggio e nei servizi di informazione e comunicazione;"Le professioni classificate in questa categoria, nell'ambito delle imprese o organizzazioni che operano nei settori economici del trasporto e magazzinaggio e dei servizi di informazione e comunicazione, classificati rispettivamente nelle Sezioni H e J della Classificazione delle attività economiche, definiscono, pianificano, implementano e gestiscono le politiche e le strategie di produzione e ne valutano i risultati; negoziano con i fornitori e i clienti, programmano e controllano l’uso efficiente delle risorse; reclutano personale e definiscono i processi di innovazione organizzativa e produttiva. Tali attività sono esercitate in imprese che dispongono di un apparato organizzativo semplice, che non prevede livelli intermedi di coordinamento (nessun direttore che coordina strutture dirigenziali) a supporto dell’imprenditore nella sua attività. Le professioni comprese in questa categoria possono essere saltuariamente impegnate nel processo di fornitura dei servizi."
CP-2021;4;1317;131;1.3.1.7;Imprenditori e responsabili di piccoli istituti di credito e di intermediazione finanziaria, assicurativa e immobiliare;"Le professioni classificate in questa categoria, nell'ambito delle imprese o organizzazioni che operano nei settori economici delle attività finanziarie, assicurative e immobiliari, classificati rispettivamente sotto le Sezioni K e L della Classificazione delle attività economiche, definiscono, pianificano, implementano, gestiscono le politiche e le strategie e valutano i risultati; negoziano con i fornitori e i clienti, programmano e controllano l’uso efficiente delle risorse; reclutano personale e definiscono i processi di innovazione organizzativa e produttiva. Tali attività sono esercitate in imprese che dispongono di un apparato organizzativo semplice, che non prevede livelli intermedi di coordinamento (nessun direttore che coordina strutture dirigenziali) a supporto dell’imprenditore nella sua attività. Le professioni comprese in questa categoria possono essere saltuariamente impegnate nel processo di fornitura dei servizi."
CP-2021;4;1318;131;1.3.1.8;Imprenditori e responsabili di piccole aziende nei servizi alle imprese e alle persone;"Le professioni classificate in questa categoria, nell'ambito delle imprese o organizzazioni che operano nei settori economici delle attività professionali, scientifiche e tecniche, delle attività amministrative e di servizi di supporto e delle altre attività di servizi, classificati rispettivamente sotto le Sezioni M, N e S della Classificazione delle attività economiche, definiscono, pianificano, implementano, gestiscono le politiche e le strategie e valutano i risultati; negoziano con i fornitori e i clienti, programmano e controllano l’uso efficiente delle risorse; reclutano personale e definiscono i processi di innovazione organizzativa e produttiva. Tali attività sono esercitate in imprese che dispongono di un apparato organizzativo semplice, che non prevede livelli intermedi di coordinamento (nessun direttore che coordina strutture dirigenziali) a supporto dell’imprenditore nella sua attività. Le professioni comprese in questa categoria possono essere saltuariamente impegnate nel processo di fornitura dei servizi."
CP-2021;4;1319;131;1.3.1.9;Imprenditori e responsabili di piccole aziende nei servizi di istruzione, formazione, ricerca, sanità, assistenza sociale e nelle attività artistiche, sportive, di intrattenimento e divertimento;"Le professioni classificate in questa categoria, nell'ambito delle imprese o organizzazioni private che operano nei settori economici dell’istruzione, della sanità e dell’assistenza sociale, delle attività artistiche, sportive, di intrattenimento e divertimento, classificati sotto le Sezioni P, Q e R della Classificazione delle attività economiche, definiscono, pianificano, implementano, gestiscono le politiche e le strategie e ne valutano i risultati; negoziano con i fornitori e i clienti, programmano e controllano l’uso efficiente delle risorse; reclutano personale e definiscono i processi di innovazione organizzativa e produttiva. Tali attività sono esercitate in imprese che dispongono di un apparato organizzativo semplice, che non prevede livelli intermedi di coordinamento (nessun direttore che coordina strutture dirigenziali) a supporto dell’imprenditore nella sua attività. Le professioni comprese in questa categoria possono essere saltuariamente impegnate nel processo di fornitura dei servizi."
CP-2021;4;2111;211;2.1.1.1;Fisici e astronomi;Le professioni classificate in questa categoria conducono ricerche sui fenomeni fisici e astronomici, individuano e applicano metodi di indagine, formulano teorie e leggi sulla base di osservazioni e di esperimenti, incrementano la conoscenza scientifica in materia, utilizzano tale conoscenza per la soluzione di problemi pratici e la trasferiscono nell'industria, nel settore della ricerca scientifica ovvero in altri settori della produzione di beni e servizi.
CP-2021;4;2112;211;2.1.1.2;Chimici e professioni assimilate;"Le professioni classificate in questa categoria conducono ricerche, test, esperimenti ed analisi qualitative e quantitative su sostanze naturali o di sintesi, ne individuano la composizione e le variazioni chimiche ed energetiche, individuano ed applicano metodi di indagine, formulano teorie e leggi sulla base delle osservazioni; migliorano le sostanze e ne sintetizzano di nuove; incrementano la conoscenza scientifica in materia, utilizzano e trasferiscono tale conoscenza nell'industria, nella medicina, nella farmacologia, ovvero in altri settori della produzione."
CP-2021;4;2113;211;2.1.1.3;Matematici, statistici, analisti dei dati e professioni assimilate;Le professioni classificate in questa categoria conducono ricerche su concetti e teorie fondamentali della matematica, della scienza attuariale e della statistica, incrementano la conoscenza scientifica in materia, applicano le relative teorie e tecniche per raccogliere, analizzare e sintetizzare informazioni, per definire modelli di interpretazione dei dati, per individuare soluzioni matematiche e statistiche da adottare nei vari settori della produzione di beni e servizi e della stessa ricerca scientifica. Hanno altresì conoscenze e competenze nei metodi di analisi di grandi quantità di dati, e nelle tecniche di apprendimento automatico e profondo.
CP-2021;4;2114;211;2.1.1.4;Geologi, meteorologi, geofisici e professioni assimilate;"Le professioni classificate in questa categoria conducono ricerche su concetti e teorie fondamentali e incrementano la conoscenza scientifica sugli aspetti fisici della crosta e dell'atmosfera terrestre. Studiano le rocce, i minerali, i fossili, la composizione, la struttura e la storia della crosta terrestre; applicano conoscenze di chimica, fisica, biologia e matematica per spiegarne fenomeni e attività, contribuire ad individuare giacimenti di minerali, di gas, di petrolio e sorgenti sotterranee d'acqua. Studiano i movimenti tellurici, la distribuzione, la circolazione e le proprietà fisiche delle acque sotterranee e di superficie, la forma e l'intensità delle precipitazioni, il tasso di infiltrazione nel suolo, i loro movimenti attraverso la terra e il loro ritorno ai mari e nell'atmosfera; studiano i fenomeni atmosferici, elaborano ed interpretano dati per prevederli. Applicano tali conoscenze ai problemi di ingegneria civile."
CP-2021;4;2211;221;2.2.1.1;Ingegneri energetici e meccanici;"Le professioni classificate in questa categoria conducono ricerche ovvero applicano le conoscenze esistenti nel campo della meccanica per disegnare, progettare e controllare funzionalmente, per produrre e manutenere strumenti, motori, macchine ed altre attrezzature meccaniche; mezzi di trasporto terrestri, marini, aerei ed aerospaziali, le parti meccaniche dei relativi sistemi di propulsione e di produzione di energia; apparati meccanici per il controllo, il rilascio e l'utilizzazione dell'energia nucleare e delle scorie radioattive. Sovrintendono e dirigono tali attività."
CP-2021;4;2212;221;2.2.1.2;Ingegneri metallurgico-minerari;"Le professioni classificate in questa categoria conducono ricerche ovvero applicano in attività di produzione le conoscenze esistenti nel campo dell'estrazione di minerali, acqua, gas e petrolio; della ricerca e della produzione di nuove leghe o di nuove ceramiche; dello studio delle caratteristiche tecnologiche di particolari materiali, prodotti e processi. Conducono ricerche geologiche e topografiche per individuare cave, giacimenti minerari, di gas e di petrolio; programmano e definiscono le modalità del loro sfruttamento, studiano e progettano sistemi e attrezzature per l'estrazione e il primo trattamento dei minerali e per la sicurezza dei processi di produzione. Sovrintendono e dirigono tali attività."
CP-2021;4;2213;221;2.2.1.3;Ingegneri elettrotecnici;"Le professioni classificate in questa categoria conducono ricerche, ovvero applicano le conoscenze esistenti per disegnare, progettare, controllare anche in modo automatico, produrre e manutenere sistemi, motori, apparati e attrezzature rivolte alla generazione, distribuzione ed uso di energia elettrica. Conducono ricerche sugli aspetti tecnologici di particolari materiali e processi; definiscono e progettano standard e procedure per garantire il funzionamento e la sicurezza dei sistemi di generazione e di distribuzione dell'energia elettrica, nonchè dei sistemi e degli apparati da questa alimentati. Sovrintendono e dirigono tali attività."
CP-2021;4;2214;221;2.2.1.4;Ingegneri dell’informazione;Le professioni classificate in questa categoria conducono ricerche ovvero applicano le conoscenze esistenti e metodologie avanzate, innovative o sperimentali  in materia di elettronica, di proprietà elettroniche dei materiali e in materia di telecomunicazioni per disegnare, progettare, controllare funzionalmente sistemi, apparati, circuiti e componenti elettronici, di automazione e di generazione, trasmissione ed elaborazione delle informazioni, per usi commerciali, industriali o scientifici.  Conducono ricerche, progettano e testano le componenti hardware di calcolatori, reti e periferiche di calcolatori ovvero di apparati e sistemi di telecomunicazioni, sistemi informativi, infrastrutture informatiche, sistemi automatici di controllo movimentazione. Sovrintendono e dirigono tali attività.
CP-2021;4;2215;221;2.2.1.5;Ingegneri chimici, petroliferi e dei materiali;Le professioni classificate in questa categoria conducono ricerche ovvero applicano le conoscenze esistenti nel campo della chimica per progettare e controllare funzionalmente, realizzare e manutenere impianti e sistemi per la produzione di sostanze chimiche, di derivati dal petrolio, farmaci, prodotti alimentari. Conducono ricerche e studi per migliorarne i sistemi di produzione e per ottimizzare la produzione e la raffinazione di petrolio e di gas. Conducono ricerche per lo sviluppo dei materiali conosciuti, per lo studio di possibili nuovi usi degli stessi, per la progettazione e lo sviluppo di macchinari e processi di produzione di materiali per prodotti con prestazioni particolari. Sovrintendono e dirigono tali attività.
CP-2021;4;2216;221;2.2.1.6;Ingegneri civili e professioni assimilate;"Le professioni classificate in questa categoria conducono ricerche ovvero applicano le conoscenze esistenti nel campo della pianificazione urbana e del territorio; della progettazione, della costruzione e della manutenzione di edifici, strade, ferrovie, aeroporti e porti, ponti, canali, dighe ed opere di presa, sistemi di irrigazione, oleodotti e gasdotti, per lo smaltimento dei rifiuti e di altre costruzioni civili e industriali; progettano soluzioni per prevenire, controllare o risanare gli impatti negativi dell'attività antropica sull'ambiente; si occupano di prevenzione e risanamento dei fenomeni di dissesto idrogeologico e instabilità dei versanti, di sistemazione e gestione dei bacini idrografici. Conducono ricerche sulle caratteristiche tecnologiche di particolari materiali e processi; definiscono e progettano standard e procedure per garantire la funzionalità e la sicurezza delle strutture; sovrintendono e dirigono tali attività."
CP-2021;4;2217;221;2.2.1.7;Ingegneri industriali e gestionali;Le professioni classificate in questa categoria conducono ricerche ovvero applicano le conoscenze esistenti in materia di progettazione, sviluppo e valutazione di sistemi integrati per la gestione dei processi di produzione, ivi compresi il lavoro umano, i controlli di qualità, la logistica industriale, l'analisi dei costi e il coordinamento della produzione. Sovrintendono e dirigono tali attività.
CP-2021;4;2218;221;2.2.1.8;Ingegneri biomedici e bioingegneri;Le professioni classificate in questa categoria conducono ricerche ovvero applicano le conoscenze esistenti in materia di sviluppo, progettazione e realizzazione di organi artificiali, protesi, strumentazioni per la diagnostica e la cura medica, sistemi informativi e sistemi per la gestione e la cura della salute umana. Sovrintendono e dirigono tali attività.
CP-2021;4;2221;222;2.2.2.1;Architetti, pianificatori, paesaggisti e specialisti del recupero e della conservazione del territorio;"Le professioni classificate in questa categoria conducono ricerche ovvero applicano le conoscenze esistenti in materia di design, di pianificazione, conservazione, restauro e recupero urbanistico e territoriale, della progettazione, della costruzione e della manutenzione di opere civili, e di siti industriali. Ne disegnano e progettano la forma, gli interni e i loro arredamenti; disegnano mezzi di trasporto e altri beni prodotti su scala industriale curandone gli aspetti funzionali, simbolici ed estetici; conducono ricerche sulle caratteristiche tecnologiche di particolari materiali e processi; definiscono e progettano standard e procedure per garantire la funzionalità e la sicurezza delle strutture. Sovrintendono e dirigono tali attività; possono collaborare con gli Ingegneri per progettazioni e realizzazioni che richiedono complesse soluzioni tecnologiche e di calcolo. L'esercizio delle professioni di Architetto, di Pianificatore territoriale, di Paesaggista e di Conservatore dei beni architettonici ed ambientali è regolato dalle leggi dello Stato."
CP-2021;4;2222;222;2.2.2.2;Cartografi, fotogrammetristi e specialisti nei sistemi informativi geografici;Le professioni comprese in questa unità conducono ricerche ovvero applicano le conoscenze esistenti in materia di acquisizione, analisi, elaborazione e rappresentazione di dati geografici provenienti da indagini geodetiche, da fotografie aeree, da dati satellitari e da dati geolocalizzati, per produrre mappe del territorio e dati territoriali. Progettano i sistemi informativi geografici (GIS, SIT), le architetture e le infrastrutture tecnologiche per la gestione dei processi di manipolazione e di elaborazione all’interno dei flussi produttivi dei dati. Sovrintendono e dirigono tali attività.
CP-2021;4;2311;231;2.3.1.1;Biologi, botanici, zoologi e professioni assimilate;"Le professioni comprese in questa categoria conducono ricerche su concetti e teorie fondamentali nel campo della biologia, della genetica, della zoologia, della botanica e dell'ecologia, incrementano la conoscenza scientifica in materia e la applicano in attività di ricerca e nelle sperimentazioni di laboratorio. Studiano le basi della vita animale e vegetale; le sue origini, i sistemi di relazione, le modalità di sviluppo e di evoluzione; le composizioni, le reazioni e le attività chimiche che influenzano i processi vitali; la fisica degli organismi viventi e i fenomeni energetici correlati; i fattori sottostanti alla origine, allo sviluppo e alla trasmissione dei loro caratteri; ne studiano le strutture genetiche e le possibilità di modificarle. Analizzano le sostanze alimentari, ne individuano di nuove, ne determinano la composizione e gli elementi nutrizionali, studiano i fattori sottostanti al loro deterioramento. Studiano le forme della vita vegetale e animale, le origini, la genetica, i processi vitali, le malattie e gli stessi comportamenti animali; le interrelazioni fra gli organismi viventi e i fattori ambientali e antropici che ne influenzano la sopravvivenza. Applicano e rendono disponibili tali conoscenze nella medicina; nella produzione di beni e servizi; nell'agricoltura e nell'allevamento degli animali, nella produzione di farmaci per la cura della salute e di prodotti per l'alimentazione umana e animale."
CP-2021;4;2312;231;2.3.1.2;Farmacologi, batteriologi e professioni assimilate;"Le professioni comprese in questa categoria conducono ricerche su concetti e teorie fondamentali nel campo della farmacologia e degli effetti dei farmaci sugli organismi viventi. Conducono studi ed esperimenti sulla natura, sulle cause e sui processi delle malattie; sugli effetti dei farmaci e di altre sostanze naturali o di sintesi sui sistemi vitali; sulla crescita, sullo sviluppo, sulla struttura e su altre caratteristiche dei microrganismi, sulle loro relazioni con le malattie e sugli effetti delle sostanze antibiotiche sui loro processi vitali, sulla chimica e la tecnica farmaceutica. Applicano e rendono disponibili tali conoscenze nella medicina; nell'agricoltura e nell'allevamento degli animali, nella produzione di farmaci per la cura della salute umana, animale e vegetale."
CP-2021;4;2313;231;2.3.1.3;Agronomi e forestali;"Le professioni comprese in questa categoria conducono ricerche ovvero applicano le conoscenze esistenti nel campo della cura e dell'allevamento di animali e di vegetali. Studiano le modalità riproduttive, la genetica e le possibilità di miglioramento delle specie, i fattori di crescita e nutrizionali degli animali da allevamento, delle piante e delle colture; la composizione chimica, fisica, biologica e minerale dei suoli, individuando le colture più adattabili e a maggiore rendimento; ricercano e mettono a punto nuove pratiche e modalità colturali e di allevamento; studiano, identificano e controllano le malattie dei vegetali, ne individuano le modalità di trattamento sia chimico che biologico. Definiscono le modalità di gestione, di miglioramento, di protezione delle risorse floro-faunistiche naturali; della loro messa a produzione; di salvaguardia dell'idrologia, della qualità delle acque e della stabilità del suolo e di ripopolamento del loro habitat naturale."
CP-2021;4;2314;231;2.3.1.4;Veterinari;"Le professioni comprese in questa categoria conducono ricerche ovvero applicano le conoscenze esistenti nel campo della diagnosi e della cura delle malattie e delle disfunzioni degli animali. Esaminano gli animali per individuare sintomi di malattie e di disfunzioni, le diagnosticano, individuano i trattamenti farmacologici e chirurgici da somministrare, curano le ferite; controllano le condizioni di salute degli allevamenti; attivano controlli epidemiologici e vaccinano gli animali; informano su come averne cura e su come farli riprodurre. Verificano e controllano la qualità, la purezza e la sicurezza delle carni destinate all'alimentazione umana e quella degli alimenti somministrati agli animali stessi."
CP-2021;4;2315;231;2.3.1.5;Farmacisti;"Le professioni comprese in questa categoria applicano la conoscenza farmacologica nella preparazione, nella distribuzione e nella vendita di medicamenti e di farmaci. Preparano o dirigono la preparazione di farmaci e di medicamenti prescritti da medici e veterinari seguendo le formulazioni stabilite, ovvero li distribuiscono in ospedali o in farmacie registrando i movimenti di farmaci pericolosi o di veleni. Identificano i principi attivi e determinano la purezza e l'azione dei farmaci; controllano le prescrizioni assicurandosi che non superino i dosaggi raccomandati; si accertano che gli utenti abbiano compreso le istruzioni di uso e li informano sulle possibili incompatibilità dei farmaci da assumere."
CP-2021;4;2411;241;2.4.1.1;Medici generici;"Le professioni comprese in questa categoria diagnosticano, trattano e curano le disfunzioni, le malattie e le lesioni più comuni e maggiormente diffuse nella popolazione; attuano misure per la diagnosi precoce di gravi patologie in pazienti a rischio; prescrivono farmaci e terapie non farmacologiche, esami clinici per le diagnosi; ricoveri ospedalieri e visite presso medici specialisti; seguono il decorso delle patologie e delle relative cure; sollecitano e attuano interventi di prevenzione presso i pazienti o presso le organizzazioni in cui operano."
CP-2021;4;2412;241;2.4.1.2;Specialisti in terapie mediche;Le professioni comprese in questa categoria conducono ricerche su teorie e metodi ovvero applicano le conoscenze esistenti nel campo della diagnosi e del trattamento specialistico non chirurgico delle lesioni, dei traumi, delle disfunzioni e delle patologie della pelle, del sangue, cardiovascolari, polmonari, endocrinologiche, allergologiche, geriatriche, pediatriche, oncologiche, neurologiche, psichiatriche, reumatologiche, gastrointestinali e dell'apparato urinario. Prescrivono farmaci, cure ed esami diagnostici.
CP-2021;4;2413;241;2.4.1.3;Specialisti in terapie chirurgiche;Le professioni comprese in questa categoria conducono ricerche su teorie e metodi ovvero applicano le conoscenze esistenti nel campo della diagnosi e del trattamento chirurgico specialistico delle lesioni, dei traumi, delle disfunzioni e delle patologie. Sono compresi in questa categoria gli specialisti del trattamento chirurgico delle patologie otorinolaringoiatriche, ortopediche, ginecologiche, urogenitali, oculistiche, dell'apparato digerente, del distretto toracico e di quello maxillo-facciale, del cuore e del sistema nervoso, nonchè gli specialisti che effettuano interventi chirurgici a fini estetici. Prescrivono farmaci, cure ed esami diagnostici.
CP-2021;4;2414;241;2.4.1.4;Laboratoristi e patologi clinici;Le professioni comprese in questa categoria conducono ricerche su teorie e metodi ovvero applicano le conoscenze esistenti nel campo dell'analisi patologica, tossicologica, genetica, embriologica, ematologia, immunologica, istologica e citologica e nel campo del funzionamento in condizioni normali e fuori dalla norma degli organi, dei tessuti, delle cellule, delle ghiandole e dei sistemi ghiandolari umani. Prescrivono farmaci, cure ed esami diagnostici.
CP-2021;4;2415;241;2.4.1.5;Dentisti e odontostomatologi;"Le professioni comprese in questa categoria conducono ricerche su teorie e metodi, ovvero applicano le conoscenze esistenti nel campo della diagnosi, del trattamento delle patologie, delle lesioni e delle malformazioni delle arcate dentarie e delle altre strutture della cavità orale; trattano le anomalie delle occlusioni dentali e delle altre strutture del cavo orale; trattano le patologie delle strutture nervose e degli altri tessuti dentali. Prescrivono farmaci, cure ed esami diagnostici."
CP-2021;4;2416;241;2.4.1.6;Specialisti in diagnostica per immagini e radioterapia;Le professioni comprese in questa categoria conducono ricerche su teorie e metodi ovvero applicano le conoscenze esistenti nel campo della diagnosi delle patologie degli organi interni attraverso immagini e tracciati prodotti da ultrasuoni, campi magnetici, radiazioni o isotopi radioattivi e nel campo del trattamento radiologico o ultrasonico di alcune patologie. Prescrivono farmaci, cure ed esami diagnostici.
CP-2021;4;2417;241;2.4.1.7;Specialisti in igiene, epidemiologia e sanità pubblica;Le professioni comprese in questa categoria conducono ricerche su teorie e metodi ovvero applicano le conoscenze esistenti nel campo della prevenzione, della diagnosi e del trattamento delle patologie e delle disfunzioni derivanti da disordine alimentare, dall'esercizio di attività lavorative e sportive, e nel campo della individuazione e descrizione dei fattori sottostanti alla distribuzione e alla diffusione nella popolazione delle patologie, delle disabilità, delle disfunzioni e di altre condizioni di salute, nonchè nel campo della definizione delle relative metodiche di controllo e prevenzione. Prescrivono farmaci, cure ed esami diagnostici.
CP-2021;4;2418;241;2.4.1.8;Anestesisti e rianimatori;"Le professioni comprese in questa categoria conducono ricerche su teorie e metodi ovvero applicano le conoscenze esistenti nel campo della anestesiologia e della rianimazione per somministrare anestetici nel corso di interventi chirurgici o di altre procedure mediche; individuare le condizioni di sicurezza della loro somministrazione; riportare i pazienti sottoposti ai trattamenti in condizioni di veglia; intervenire con farmaci salvavita e tecniche e metodiche di rianimazione in situazioni di pericolo. Prescrivono farmaci, cure ed esami diagnostici."
CP-2021;4;2511;251;2.5.1.1;Specialisti della gestione e del controllo nella pubblica amministrazione;"Le professioni comprese in questa categoria coordinano le attività degli uffici dell'amministrazione statale e locale, delle aziende autonome, delle Università, degli Enti di Ricerca e del Servizio Sanitario Nazionale, formulano proposte e pareri ai dirigenti da cui dipendono funzionalmente; curano l'attuazione dei progetti, delle attività amministrative e delle procedure loro affidate, coordinando le attività del personale subordinato; verificano, controllano e forniscono assistenza sulla corretta applicazione delle leggi e dei regolamenti dello Stato, sia da parte della popolazione interessata che da parte della stessa amministrazione pubblica. Coordinano localmente le attività degli uffici di pubblica sicurezza e di protezione civile."
CP-2021;4;2512;251;2.5.1.2;Specialisti della gestione e del controllo nelle imprese private;"Le professioni comprese in questa categoria conducono ricerche, studi e valutazioni nel campo dell'organizzazione, della progettazione e definizione delle procedure e dei servizi amministrativi e dei sistemi di assicurazione della qualità necessari alla gestione delle attività di impresa, ovvero applicano le conoscenze in materia e le procedure esistenti per fornirli, implementarli e migliorarli; conducono studi sui costi di impresa per individuare modalità di controllo."
CP-2021;4;2513;251;2.5.1.3;Specialisti di gestione e sviluppo del personale e dell'organizzazione del lavoro;"Le professioni comprese in questa categoria si occupano della selezione e del reclutamento del personale necessario, definiscono i criteri e i programmi di sviluppo delle carriere, dei compensi, degli investimenti in formazione; studiano e analizzano le modalità di organizzazione del lavoro, individuano i fabbisogni quantitativi e qualitativi di personale e di formazione."
CP-2021;4;2514;251;2.5.1.4;Specialisti in contabilità e problemi finanziari;"Le professioni comprese in questa categoria esaminano, analizzano, interpretano le informazioni contabili per formulare pareri, preparare indicazioni e proposte su questioni contabili, fiscali e finanziarie; per certificare la correttezza e la conformità delle scritture aziendali alle leggi e ai regolamenti, ovvero coordinano le attività di gestione e di produzione delle scritture contabili; individuano e definiscono gli obblighi fiscali di organizzazioni o persone; conducono transazioni finanziarie assicurando la conformità con le leggi e i regolamenti relativi, svolgono analisi quantitative su programmi e piani di investimento; determinano il grado di rischio nel fornire crediti a persone o organizzazioni; valutano, autorizzano e definiscono le modalità di corresponsione di prestiti e le condizioni della loro garanzia e restituzione."
CP-2021;4;2515;251;2.5.1.5;Specialisti nei rapporti con il mercato;"Le professioni comprese in questa categoria analizzano le condizioni di vendita i prezzi ed acquistano sul mercato merci, materie prime, attrezzature, per rivenderli al pubblico o per utilizzarli nelle attività dell'impresa; si occupano dell'implementazione delle strategie di vendita, dell'efficienza della rete distributiva e commerciale, del monitoraggio delle vendite e del gradimento sul mercato dei beni o dei servizi prodotti, sia pubblici che d'impresa; conducono ricerche sulle condizioni di mercato a diversi livelli territoriali per individuare le possibilità di penetrazione commerciale di prodotti e servizi; ne individuano le situazioni di competizione, i prezzi e le modalità di vendita e di distribuzione."
CP-2021;4;2516;251;2.5.1.6;Specialisti nelle relazioni pubbliche, dell'immagine e professioni assimilate;Le professioni classificate in questa categoria promuovono le relazioni pibbliche e l'immagine di un'impresa o di un'organizzazione, scrivendo testi, selezionando e diffondendo materiale pubblicistico favorevole, organizzando e sponsorizzando eventi di particolare importanza e visibilità, attività benefiche a favore della popolazione e attività similari non direttamente collegate alla promozione pubblicitaria.
CP-2021;4;2521;252;2.5.2.1;Procuratori legali ed avvocati;"Le professioni comprese in questa categoria rappresentano e tutelano gli interessi di persone e organizzazioni nelle procedure legali e nei diversi gradi dei processi penali, civili e amministrativi; stilano documenti, contratti e forniscono consulenze legali in materia di transazioni e di atti fra vivi."
CP-2021;4;2522;252;2.5.2.2;Esperti legali in imprese o enti pubblici;"Le professioni comprese in questa categoria affrontano, gestendo e coordinando le attività di appositi uffici, gli aspetti legali propri delle attività di organizzazioni, imprese o della stessa Amministrazione Pubblica, rappresentandole e tutelandone â€“ eventualmente â€“ gli interessi nelle procedure legali, nei diversi gradi dei processi penali, civili ed amministrativi; stilando documenti, contratti e altri atti legali."
CP-2021;4;2523;252;2.5.2.3;Notai;"Le professioni comprese in questa categoria ricevono e redigono gli atti tra vivi e di ultima volontà; attribuiscono loro pubblica fede; li conservano; ne rilasciano copia, estratti e certificazioni; accertano la volontà dei contraenti e la traducono in linguaggio giuridico, garantendo la legalità dell'atto così messo in essere; consigliano alle parti l'atto più idoneo a raggiungere gli obiettivi prefissati; verificano la legalità dei contenuti oggetto degli accordi e delle transazioni."
CP-2021;4;2524;252;2.5.2.4;Magistrati;"Le professioni comprese in questa categoria accertano le condizioni dell'azione penale e la esercitano; amministrano la giustizia penale, civile, amministrativa ed ecclesiastica nei diversi gradi del processo; controllano la liceità e la congruenza alle leggi e ai regolamenti della spesa pubblica; conducono arbitrati."
CP-2021;4;2531;253;2.5.3.1;Specialisti in scienze economiche;"Le professioni comprese in questa categoria conducono ricerche su concetti, teorie e metodi per analizzare e comprendere il funzionamento del mercato dei beni e dei servizi; per individuare soluzioni ai problemi economici e programmare le politiche di sostegno e di regolazione dell'economia. Analizzano la strategia, la struttura e il ciclo di produzione di imprese o di organizzazioni per migliorarne le prestazioni e individuare le risposte più adeguate alle sollecitazioni provenienti dal sistema economico."
CP-2021;4;2532;253;2.5.3.2;Specialisti in scienze sociologiche e antropologiche;"Le professioni comprese in questa categoria studiano e descrivono le strutture dei sistemi sociali, i gruppi sociali e le istituzioni che li costituiscono; progettano interventi nel campo delle politiche e dei servizi sociali; studiano l’origine e l’evoluzione del modo di vivere dei popoli, del loro agire collettivo e delle strutture sociali che li hanno caratterizzati; ricostruiscono la loro cultura materiale e la loro storia attraverso reperti provenienti da scavi o da altre metodologie di indagine archeologica. Studiano la natura e l’uso della superficie terrestre individuando le interrelazioni fra fenomeni fisici, naturali e antropici, il clima, la flora, la fauna e le implicazioni sulle attività umane e sull’organizzazione sociale, politica ed economica dei luoghi. "
CP-2021;4;2533;253;2.5.3.3;Specialisti in scienze psicologiche e psicoterapeutiche;"Le professioni comprese in questa categoria studiano i processi mentali e i comportamenti di individui e di gruppi; diagnosticano e trattano disabilità cognitive, problemi e disordini mentali, comportamentali ed emotivi; intervengono per migliorarne il benessere psichico, promuoverne l'adattamento sociale, educativo e lavorativo; studiano gli assetti di imprese e organizzazioni e applicano i principi della psicologia per affrontare problemi di produttività del lavoro e gestione del personale, disegnare e programmare politiche di sviluppo delle carriere e della formazione della forza lavoro. L'esercizio della professione di Psicologo è regolato dalle leggi dello Stato."
CP-2021;4;2534;253;2.5.3.4;Specialisti in scienze storiche, artistiche, politiche e filosofiche;"Le professioni comprese in questa categoria studiano, descrivono e interpretano gli eventi del passato utilizzando fonti di varia natura, ricostruendo la storia di popoli e nazioni; l'origine, lo sviluppo, il funzionamento e le logiche dei sistemi e delle ideologie politiche; le relazioni diplomatiche, economiche e politiche fra gli Stati; i modi di costruzione delle decisioni politiche, le loro interrelazioni con l'opinione pubblica; l'attività dei governi e dei partiti, le ragioni e le conseguenze dei risultati elettorali; conducono ricerche nei campi dell'epistemologia, della metafisica, dell'etica, dell'estetica e della filosofia in generale; nei campi della storia dell'arte e della produzione estetica e applicano tali conoscenze per valutare, identificare e promuovere opere d'arte ed artisti."
CP-2021;4;2535;253;2.5.3.5;Specialisti in scienze pedagogiche;Le professioni comprese in questa categoria sono specialisti dei processi educativi, formativi e di apprendimento. Si occupano di sviluppare il potenziale umano e apprenditivo del bambino come dell'adulto, attraverso l'osservazione, l'analisi dei bisogni educativi della persona e la strutturazione di interventi di natura pedagogica.
CP-2021;4;2541;254;2.5.4.1;Scrittori e professioni assimilate;"Le professioni comprese in questa categoria concepiscono, creano e rendono disponibili al pubblico opere di scrittura letteraria e professionale; scrivono soggetti e dialoghi per il cinema, la radio e la televisione, testi e libretti da musicare; redigono testi informativi, tecnico-operativi e pubblicitari di beni e servizi da diffondere a mezzo stampa, radiotelevisione e altri mezzi di comunicazione mediatica; scrivono manuali, guide, appendici tecniche, fogli, testi informativi e libretti di istruzione per servizi e beni di consumo, macchine e attrezzature."
CP-2021;4;2542;254;2.5.4.2;Giornalisti;"Le professioni comprese in questa categoria raccolgono, riportano e commentano notizie o vicende di cronaca da pubblicare su quotidiani, periodici, radio-televisione, siti Internet ed altri mezzi di comunicazione mediatica; intervistano altre persone su questioni di varia natura; scrivono editoriali ed esprimono opinioni su fatti ed avvenimenti, rivedono, selezionano e organizzano articoli ed altri materiali informativi per la pubblicazione, nel rispetto delle leggi sulla privacy."
CP-2021;4;2543;254;2.5.4.3;Interpreti e traduttori a livello elevato;"Le professioni comprese in questa categoria traducono testi da una lingua ad un'altra assicurando che venga mantenuto il corretto significato del testo originale, che il significato di testi legali, scientifici, tecno-operativi e istituzionali sia correttamente reso e che la fraseologia, la terminologia, lo spirito e lo stile dei testi scritti e orali sia trasmesso nel modo più adeguato; interpretano discorsi da una lingua ad un'altra in convegni, trattative o in altre occasioni assicurando che siano trasmessi il corretto significato e lo spirito del discorso originale."
CP-2021;4;2544;254;2.5.4.4;Linguisti, filologi e revisori di testi;Le professioni comprese in questa categoria conducono ricerche e studi sull'origine, l'evoluzione e la struttura delle lingue, le relazioni fra lingue antiche dello stesso ceppo e lingue moderne, le grammatiche ed i vocaboli, le interazioni tra linguistica e ICT, ovvero applicano le conoscenze in materia linguistica per la revisione critica di testi scritti da pubblicare, audiovisivi e multimediali.
CP-2021;4;2545;254;2.5.4.5;Archivisti e conservatori digitali, bibliotecari, conservatori di musei e professioni assimilate;"Le professioni comprese nella categoria conducono ricerche, acquisiscono, valutano, gestiscono e garantiscono la conservazione di archivi correnti, di deposito o storici sia analogici che digitali, di artefatti di interesse storico, culturale o artistico, di opere d'arte e di libri. Provvedono alla loro indicizzazione, classificazione e catalogazione; ne garantiscono la conservazione, l'accessibilità e la fruizione pubblica; li rendono disponibili su diversi supporti; organizzano attività di promozione, mostre ed eventi."
CP-2021;4;2551;255;2.5.5.1;Pittori, scultori, disegnatori;Le professioni classificate nella categoria conducono ricerche sui modi della conoscenza e della rappresentazione estetica, creano e realizzano opere d'arte dipingendo, disegnando e scolpendo con tecniche diverse, rappresentazioni originali della realtà ovvero utilizzano tecniche, conoscenze e capacità artistiche per fornire servizi e prodotti artistici commerciali, nuovi artefatti digitali o prodotti industriali e bozzetti per la pubblicità.
CP-2021;4;2552;255;2.5.5.2;Registi, direttori artistici, attori, sceneggiatori e scenografi;"Le professioni classificate nella categoria concepiscono, programmano e dirigono opere radio-televisive, cinematografiche, teatrali, altri tipi di rappresentazioni pubbliche; stagioni e performance artistiche; interpretano personaggi e ruoli da rappresentare; narrano i soggetti considerando l'azione teatrale, cinematografica, televisiva e radiofonica; progettano e realizzano le scene."
CP-2021;4;2553;255;2.5.5.3;Coreografi e ballerini;Le professioni comprese in questa categoria conducono ricerche sui modi della conoscenza e della rappresentazione estetica in ambito coreutico, concepiscono, creano o eseguono balletti da solisti o con partner, interpretando e rappresentando con la danza significati di narrazioni o di composizioni e brani musicali.
CP-2021;4;2554;255;2.5.5.4;Compositori, musicisti e cantanti;"Le professioni comprese in questa categoria conducono ricerche sui modi della conoscenza e della rappresentazione estetica in ambito musicale; concepiscono, creano e eseguono composizioni e brani musicali; dirigono orchestre e cori interpretando i brani da realizzare; interpretano ed eseguono partiture, brani e concerti utilizzando strumenti musicali di vario tipo da solisti, in orchestre o in gruppi musicali, ovvero applicano le conoscenze in campo musicale per adattare, arrangiare ed eseguire brani; concepiscono, interpretano ed eseguono brani e rappresentazioni canore da solisti, in coro, con partner o gruppi musicali in performance e rappresentazioni artistiche di vario tipo, anche attraverso i mezzi di comunicazione di massa."
CP-2021;4;2555;255;2.5.5.5;Artisti delle forme di cultura popolare, di varietà e acrobati;Le professioni comprese nella categoria eseguono performance artistiche, acrobatiche e ricreative per strada, nelle piazze, in varietà teatrali, musicali, nei locali pubblici e nei circhi.
CP-2021;4;2556;255;2.5.5.6;Restauratori e specialisti nella conservazione dei beni culturali;Le professioni classificate nella categoria utilizzano tecniche, conoscenze e capacità artistiche e tecnologiche per recuperare, restaurare e conservare beni culturali.
CP-2021;4;2561;256;2.5.6.1;Specialisti in discipline religiose e teologiche;"Le professioni comprese nella categoria conducono studi e ricerche in campo teologico, ovvero forniscono servizi religiosi e spirituali associati alla pratica di una fede religiosa; fungono da guida morale e spirituale ai praticanti; programmano, dirigono e coordinano le attività delle organizzazioni religiose e delle comunità dei credenti; promuovono e propagandano la fede e la dottrina religiosa."
CP-2021;4;2611;261;2.6.1.1;Docenti universitari in scienze matematiche e dell'informazione, fisiche, chimiche e della terra;"Le professioni comprese in questa categoria progettano, dirigono e conducono ricerche finalizzate a migliorare, ad innovare e ad applicare nei settori produttivi la conoscenza scientifica negli ambiti disciplinari afferenti alle scienze matematiche e dell'informazione, alle scienze fisiche, chimiche e della terra; insegnano la teoria e la pratica di una o più discipline, ne definiscono i curricula, preparano i corsi di studio, i materiali didattici e le attività di laboratorio, stimolano la discussione e la partecipazione degli studenti alle lezioni, somministrano prove ed esami, assegnano tesi e ne danno valutazioni; dirigono le attività di ricerca degli studenti dei corsi di specializzazione e di dottorato; partecipano alle decisioni sulle politiche dell'Università; pubblicano articoli e saggi scientifici, partecipano a convegni e conferenze."
CP-2021;4;2612;261;2.6.1.2;Docenti universitari in scienze della vita e della salute;"Le professioni comprese in questa categoria progettano, dirigono e conducono ricerche finalizzate a migliorare, ad innovare e ad applicare nei settori produttivi la conoscenza scientifica negli ambiti disciplinari afferenti alla biologia, alla botanica, alla zoologia, alle scienze agrarie e veterinarie, alla medicina; insegnano la teoria e la pratica di una o più discipline, ne definiscono i curricula, preparano i corsi di studio, i materiali didattici e le attività di laboratorio, stimolano la discussione e la partecipazione degli studenti alle lezioni, somministrano prove ed esami, assegnano tesi e ne danno valutazioni; dirigono le attività di ricerca degli studenti dei corsi di specializzazione e di dottorato; partecipano alle decisioni sulle politiche dell'Università; pubblicano articoli e saggi scientifici, partecipano a convegni e conferenze."
CP-2021;4;2613;261;2.6.1.3;Docenti universitari in scienze ingegneristiche e dell'architettura;"Le professioni comprese in questa categoria progettano, dirigono e conducono ricerche finalizzate a migliorare, ad innovare e ad applicare nei settori produttivi la conoscenza scientifica negli ambiti disciplinari afferenti all'ingegneria e all'architettura; insegnano la teoria e la pratica di una o più discipline, ne definiscono i curricula, preparano i corsi di studio, i materiali didattici e le attività di laboratorio, stimolano la discussione e la partecipazione degli studenti alle lezioni, somministrano prove ed esami, assegnano tesi e ne danno valutazioni; dirigono le attività di ricerca degli studenti dei corsi di specializzazione e di dottorato; partecipano alle decisioni sulle politiche dell'Università; pubblicano articoli e saggi scientifici, partecipano a convegni e conferenze."
CP-2021;4;2614;261;2.6.1.4;Docenti universitari in scienze dell'antichità, filologico-letterarie e storico-artistiche;"Le professioni comprese in questa categoria progettano, dirigono e conducono ricerche finalizzate a migliorare, ad innovare e ad applicare nei settori produttivi la conoscenza scientifica negli ambiti disciplinari afferenti alle scienze dell'antichità, alle scienze filologico-letterarie e storico-artistiche; insegnano la teoria e la pratica di una o più discipline, ne definiscono i curricula, preparano i corsi di studio, i materiali didattici e le attività di laboratorio, stimolano la discussione e la partecipazione degli studenti alle lezioni, somministrano prove ed esami, assegnano tesi e ne danno valutazioni; dirigono le attività di ricerca degli studenti dei corsi di specializzazione e di dottorato; partecipano alle decisioni sulle politiche dell'Università; pubblicano articoli e saggi scientifici, partecipano a convegni e conferenze."
CP-2021;4;2615;261;2.6.1.5;Docenti universitari in scienze storiche, filosofiche, pedagogiche e psicologiche;"Le professioni comprese in questa categoria progettano, dirigono e conducono ricerche finalizzate a migliorare, ad innovare e ad applicare nei settori produttivi la conoscenza scientifica negli ambiti disciplinari afferenti alle scienze storiche, filosofiche, pedagogiche e psicologiche; insegnano la teoria e la pratica di una o più discipline, ne definiscono i curricula, preparano i corsi di studio, i materiali didattici e le attività di laboratorio, stimolano la discussione e la partecipazione degli studenti alle lezioni, somministrano prove ed esami, assegnano tesi e ne danno valutazioni; dirigono le attività di ricerca degli studenti dei corsi di specializzazione e di dottorato; partecipano alle decisioni sulle politiche dell'Università; pubblicano articoli e saggi scientifici, partecipano a convegni e conferenze."
CP-2021;4;2616;261;2.6.1.6;Docenti universitari in scienze economiche e statistiche;"Le professioni comprese in questa categoria progettano, dirigono e conducono ricerche finalizzate a migliorare, ad innovare e ad applicare nei settori produttivi la conoscenza scientifica negli ambiti disciplinari afferenti alle scienze economiche e statistiche; insegnano la teoria e la pratica di una o più discipline, ne definiscono i curricula, preparano i corsi di studio, i materiali didattici e le attività di laboratorio, stimolano la discussione e la partecipazione degli studenti alle lezioni, somministrano prove ed esami, assegnano tesi e ne danno valutazioni; dirigono le attività di ricerca degli studenti dei corsi di specializzazione e di dottorato; partecipano alle decisioni sulle politiche dell'Università; pubblicano articoli e saggi scientifici, partecipano a convegni e conferenze."
CP-2021;4;2617;261;2.6.1.7;Docenti universitari in scienze giuridiche, politiche e sociali;"Le professioni comprese in questa categoria progettano, dirigono e conducono ricerche finalizzate a migliorare, ad innovare e ad applicare nei settori produttivi la conoscenza scientifica negli ambiti disciplinari afferenti alle scienze giuridiche, politiche e sociali; insegnano la teoria e la pratica di una o più discipline, ne definiscono i curricula, preparano i corsi di studio, i materiali didattici e le attività di laboratorio, stimolano la discussione e la partecipazione degli studenti alle lezioni, somministrano prove ed esami, assegnano tesi e ne danno valutazioni; dirigono le attività di ricerca degli studenti dei corsi di specializzazione e di dottorato; partecipano alle decisioni sulle politiche dell'Università; pubblicano articoli e saggi scientifici, partecipano a convegni e conferenze."
CP-2021;4;2621;262;2.6.2.1;Ricercatori e tecnici laureati nelle scienze matematiche e dell'informazione, fisiche, chimiche, della terra;"Le professioni comprese in questa categoria collaborano con i docenti universitari e li coadiuvano nella progettazione e nella realizzazione delle attività didattiche e curricolari; seguono le attività di studio degli studenti; progettano e conducono in ambito accademico ricerche teoriche e sperimentali finalizzate ad ampliare e ad innovare la conoscenza scientifica o la sua applicazione in ambito produttivo; garantiscono il funzionamento dei laboratori e delle attrezzature scientifiche; definiscono e applicano protocolli scientifici nelle sperimentazioni di laboratorio e nelle attività di ricerca. In particolare le professioni comprese nella categoria svolgono le attività previste nell'ambito delle scienze matematiche e dell'informazione, delle scienze fisiche, chimiche e della terra."
CP-2021;4;2622;262;2.6.2.2;Ricercatori e tecnici laureati nelle scienze della vita e della salute;"Le professioni comprese in questa categoria collaborano con i docenti universitari e li coadiuvano nella progettazione e nella realizzazione delle attività didattiche e curricolari; seguono le attività di studio degli studenti; progettano e conducono in ambito accademico ricerche teoriche e sperimentali finalizzate ad ampliare e ad innovare la conoscenza scientifica o la sua applicazione in ambito produttivo; garantiscono il funzionamento dei laboratori e delle attrezzature scientifiche; definiscono e applicano protocolli scientifici nelle sperimentazioni di laboratorio e nelle attività di ricerca. In particolare le professioni comprese nella categoria svolgono le attività previste nell'ambito delle scienze della vita e della salute."
CP-2021;4;2623;262;2.6.2.3;Ricercatori e tecnici laureati nelle scienze ingegneristiche e dell'architettura;"Le professioni comprese in questa categoria collaborano con i docenti universitari e li coadiuvano nella progettazione e nella realizzazione delle attività didattiche e curricolari; seguono le attività di studio degli studenti; progettano e conducono in ambito accademico ricerche teoriche e sperimentali finalizzate ad ampliare e ad innovare la conoscenza scientifica o la sua applicazione in ambito produttivo; garantiscono il funzionamento dei laboratori e delle attrezzature scientifiche; definiscono e applicano protocolli scientifici nelle sperimentazioni di laboratorio e nelle attività di ricerca. In particolare le professioni comprese nella categoria svolgono le attività previste nell'ambito delle scienze ingegneristiche e dell'architettura."
CP-2021;4;2624;262;2.6.2.4;Ricercatori e tecnici laureati nelle scienze dell'antichità, filologico-letterarie e storico-artistiche;"Le professioni comprese in questa categoria collaborano con i docenti universitari e li coadiuvano nella progettazione e nella realizzazione delle attività didattiche e curricolari; seguono le attività di studio degli studenti; progettano e conducono in ambito accademico ricerche teoriche e sperimentali finalizzate ad ampliare e ad innovare la conoscenza scientifica o la sua applicazione in ambito produttivo; garantiscono il funzionamento dei laboratori e delle attrezzature scientifiche; definiscono e applicano protocolli scientifici nelle sperimentazioni di laboratorio e nelle attività di ricerca. In particolare le professioni comprese nella categoria svolgono le attività previste nell'ambito delle scienze dell'antichità, filologiche-letterarie e storico-artistiche."
CP-2021;4;2625;262;2.6.2.5;Ricercatori e tecnici laureati nelle scienze storiche, filosofiche, pedagogiche e psicologiche;"Le professioni comprese in questa categoria collaborano con i docenti universitari e li coadiuvano nella progettazione e nella realizzazione delle attività didattiche e curricolari; seguono le attività di studio degli studenti; progettano e conducono in ambito accademico ricerche teoriche e sperimentali finalizzate ad ampliare e ad innovare la conoscenza scientifica o la sua applicazione in ambito produttivo; garantiscono il funzionamento dei laboratori e delle attrezzature scientifiche; definiscono e applicano protocolli scientifici nelle sperimentazioni di laboratorio e nelle attività di ricerca. In particolare le professioni comprese nella categoria svolgono le attività previste nell'ambito delle scienze storiche, filosofiche, pedagogiche e psicologiche."
CP-2021;4;2626;262;2.6.2.6;Ricercatori e tecnici laureati nelle scienze economiche e statistiche;"Le professioni comprese in questa categoria collaborano con i docenti universitari e li coadiuvano nella progettazione e nella realizzazione delle attività didattiche e curricolari; seguono le attività di studio degli studenti; progettano e conducono in ambito accademico ricerche teoriche e sperimentali finalizzate ad ampliare e ad innovare la conoscenza scientifica o la sua applicazione in ambito produttivo; garantiscono il funzionamento dei laboratori e delle attrezzature scientifiche; definiscono e applicano protocolli scientifici nelle sperimentazioni di laboratorio e nelle attività di ricerca. In particolare le professioni comprese nella categoria svolgono le attività previste nell'ambito delle scienze economiche e statistiche."
CP-2021;4;2627;262;2.6.2.7;Ricercatori e tecnici laureati nelle scienze giuridiche, politiche e sociali;"Le professioni comprese in questa categoria collaborano con i docenti universitari e li coadiuvano nella progettazione e nella realizzazione delle attività didattiche e curricolari; seguono le attività di studio degli studenti; progettano e conducono in ambito accademico ricerche teoriche e sperimentali finalizzate ad ampliare e ad innovare la conoscenza scientifica o la sua applicazione in ambito produttivo; garantiscono il funzionamento dei laboratori e delle attrezzature scientifiche; definiscono e applicano protocolli scientifici nelle sperimentazioni di laboratorio e nelle attività di ricerca. In particolare le professioni comprese nella categoria svolgono le attività previste nell'ambito delle scienze giuridiche, politiche e sociali."
CP-2021;4;2631;263;2.6.3.1;Docenti delle accademie, dei conservatori e delle istituzioni scolastiche assimilate;Le professioni comprese in questa categoria esercitano le attività previste dalla classe nell'insegnamento di discipline artistiche nei cicli di istruzione post-secondaria delle Accademie, dei Conservatori musicali e degli Istituti superiori per le industrie artistiche, finalizzate a preparare gli allievi all'esercizio di attività artistiche nel campo della belle arti, della musica, della danza e dell'arte drammatica.
CP-2021;4;2632;263;2.6.3.2;Docenti di scuola secondaria superiore;Le professioni comprese in questa categoria insegnano la teoria e la pratica di una o più discipline nei licei, negli istituti tecnici, professionali, d'arte e negli istituti magistrali, al fine di preparare gli allievi all'acquisizione di un titolo di studio, alla prosecuzione degli studi ed all'esercizio di attività lavorative. Definiscono i curricula, gestiscono corsi e danno lezioni in una o più classi, organizzano corsi per gli adulti, somministrano prove ed esami e valutano l'apprendimento degli allievi, partecipano alle decisioni sull'organizzazione scolastica, sulla didattica e sull'offerta educativa e formativa, gestiscono le relazioni con le famiglie e gli altri soggetti rilevanti, coadiuvano il personale specializzato nell'accompagnamento e nel supporto a singoli allievi in situazione di difficoltà cognitiva.
CP-2021;4;2633;263;2.6.3.3;Docenti di scuola secondaria inferiore;Le professioni comprese in questa categoria insegnano la teoria e la pratica di una o più discipline al fine di completare l'alfabetizzazione degli allievi iniziata col ciclo primario, nell'ambito dell'obbligo scolastico. Definiscono i curricula, gestiscono corsi e danno lezioni in una o più classi, organizzano corsi per gli adulti, somministrano prove ed esami e valutano l'apprendimento degli allievi, partecipano alle decisioni sull'organizzazione scolastica, sulla didattica e sull'offerta educativa e formativa, gestiscono le relazioni con le famiglie e gli altri soggetti rilevanti, coadiuvano il personale specializzato nell'accompagnamento e nel supporto a singoli allievi in situazione di difficoltà cognitiva.
CP-2021;4;2641;264;2.6.4.1;Docenti di scuola primaria;"Le professioni comprese in questa categoria organizzano, progettano e realizzano attività didattiche finalizzate all'insegnamento ai bambini della lettura e della scrittura; delle strutture di base del linguaggio orale e scritto; dell'aritmetica, dei protocolli e dei linguaggi scientifici, della proiezione e della rappresentazione spaziale e temporale degli oggetti, delle persone, delle culture umane; allo sviluppo delle capacità psicomotorie, sociali e logiche. Programmano tali attività, somministrano prove ed esami e valutano l'apprendimento degli allievi, partecipano alle decisioni sull'organizzazione scolastica, la didattica e l'offerta educativa e formativa, coinvolgono i genitori nel processo di apprendimento dei figli."
CP-2021;4;2642;264;2.6.4.2;Docenti di scuola pre-primaria;Le professioni comprese in questa categoria organizzano, progettano e realizzano attività didattiche finalizzate, attraverso il gioco individuale o di gruppo, a promuovere lo sviluppo fisico, psichico, cognitivo e sociale nei bambini in età prescolare. Programmano tali attività, valutano l'apprendimento degli allievi, partecipano alle decisioni sull'organizzazione scolastica, sulla didattica e sull'offerta formativa, coinvolgono i genitori nel processo di apprendimento dei figli, sostengono i bambini disabili lungo il percorso scolastico.
CP-2021;4;2651;265;2.6.5.1;Specialisti nell'educazione e nella formazione di soggetti diversamente abili;"Le professioni comprese in questa categoria insegnano a bambini, giovani o adulti con difficoltà di apprendimento e disabilità fisiche e mentali. Progettano o modificano i curricula in relazione ai bisogni specifici dei soggetti, addestrano gli allievi all'uso di tecniche mirate o di supporti particolari all'apprendimento, li incoraggiano ad acquisire sicurezza in se stessi e a scoprire metodi e tecniche per compensare le limitazioni poste dalla disabilità; somministrano prove e valutano il grado di apprendimento degli allievi; partecipano alle decisioni sull'organizzazione scolastica, sulla didattica e sull'offerta educativa e formativa; gestiscono le relazioni con le famiglie e gli altri soggetti rilevanti."
CP-2021;4;2652;265;2.6.5.2;Ispettori scolastici e professioni assimilate;"Le professioni comprese in questa categoria garantiscono sul territorio la corretta realizzazione delle finalità del sistema dell'istruzione, così come attribuite alle singole istituzioni scolastiche. Elaborano progetti finalizzati alla realizzazione degli obiettivi di politica scolastica, informano su programmi, sussidi didattici e tecnologie educative; promuovono attività di aggiornamento dei dirigenti scolastici e del personale docente; forniscono consulenze e assistenza in materia di didattica, sperimentazione e ricerca educativa; conducono le ispezioni disposte dall'amministrazione scolastica."
CP-2021;4;2653;265;2.6.5.3;Docenti ed esperti nella progettazione formativa e curricolare;"Le professioni classificate nella categoria insegnano gli aspetti teorici delle discipline connesse alla pratica di diverse attività lavorative, all'uso di tecnologie e di attrezzature in centri per la formazione professionale; coordinano e progettano le attività didattiche e curricolari relative in centri di formazione dedicati o, direttamente, nelle imprese e nelle organizzazioni."
CP-2021;4;2654;265;2.6.5.4;Consiglieri dell'orientamento;Le professioni comprese in questa categoria valutano le capacità e le propensioni degli individui, li informano sulla struttura e le dinamiche del mercato del lavoro e dell'offerta educativa e formativa, li assistono nella individuazione dei percorsi più adeguati allo sviluppo e alla crescita personale, sociale, educativa e professionale.
CP-2021;4;2655;265;2.6.5.5;Insegnanti di discipline artistiche e letterarie;"Le professioni comprese in questa categoria insegnano, al di fuori dei percorsi scolastici e formativi istituzionali, con lezioni individuali o per piccoli gruppi, la teoria e la pratica delle discipline artistico-figurative, della danza classica e moderna, del canto, degli strumenti musicali; insegnano a impostare la voce, la dizione e a comunicare in lingua straniera."
CP-2021;4;2711;271;2.7.1.1;Analisti e progettisti di software;"Le professioni classificate in questa categoria incrementano la conoscenza scientifica nelle scienze dell'informazione e della telematica. Sviluppano, creano, modificano o ottimizzano software applicativi analizzando le esigenze degli utilizzatori; analizzano i problemi di elaborazione dei dati per diverse esigenze di calcolo e disegnano, individuano o ottimizzano appropriati sistemi di calcolo delle informazioni; si occupano dell'ideazione, della realizzazione, dell'integrazione e della verifica dei software impiegati in un sito o in un'applicazione web."
CP-2021;4;2721;272;2.7.2.1;Progettisti e amministratori di sistemi;"Le professioni classificate in questa categoria incrementano la conoscenza scientifica nelle scienze dell'informazione e della telematica, individuano o ottimizzano appropriati sistemi di gestione delle informazioni; disegnano, coordinano ed implementano le misure di sicurezza dei sistemi informativi per regolare gli accessi ai dati e prevenire accessi non autorizzati; analizzano, progettano, testano, valutano e ottimizzano le prestazioni dei sistemi di rete e di telecomunicazione."
CP-2021;4;3111;311;3.1.1.1;Tecnici fisici e geologici;"Le professioni classificate in questa categoria assistono gli specialisti nelle ricerche e nelle rilevazioni geologiche e geofisiche; nelle ricerche e nelle sperimentazioni di laboratorio nel campo della fisica, nella produzione di energia nucleare; controllano i relativi sistemi tecnici, apparati e impianti, garantendone il funzionamento e la sicurezza."
CP-2021;4;3112;311;3.1.1.2;Tecnici chimici;"Le professioni classificate in questa categoria assistono gli specialisti nelle analisi di materie solide, liquide e gassose condotte nell'ambito della ricerca chimica ovvero per attività  di produzione, che richiedono l'applicazione delle procedure e dei protocolli della chimica, finalizzate allo sviluppo di nuovi prodotti o processi, al controllo della qualita  della produzione; al controllo e mantenimento degli standard di qualita  ambientale, di funzionamento e di sicurezza dei relativi sistemi tecnici, apparati e impianti."
CP-2021;4;3113;311;3.1.1.3;Tecnici statistici;"Le professioni classificate in questa categoria assistono gli specialisti nella ricerca sperimentale, nelle indagini e ricerche demografiche, epidemiologiche, sociali ed economiche; nel controllo e nell'applicazione delle procedure di ricerca e di acquisizione dei dati; nella gestione sul campo delle rilevazioni; nel controllo della qualita  dei dati rilevati e nella elaborazione statistica degli stessi."
CP-2021;4;3121;312;3.1.2.1;Tecnici programmatori;"Le professioni classificate in questa categoria assistono i progettisti e analisti di software traducendo istruzioni e specifiche di controllo, di procedure o di soluzioni di problemi, in diagrammi logici di flusso per la programmazione in linguaggio informatico; sviluppando e scrivendo programmi per memorizzare, ricercare ed elaborare informazioni e dati."
CP-2021;4;3122;312;3.1.2.2;Tecnici esperti in applicazioni;Le professioni classificate in questa categoria assistono i progettisti e analisti di software installando, configurando, gestendo e manutenendo applicazioni software.
CP-2021;4;3123;312;3.1.2.3;Tecnici web;Le professioni classificate in questa categoria assistono i progettisti e analisti di applicazioni web sviluppando, configurando, gestendo, manutenendo ed ottimizzando siti internet, intranet e server web.
CP-2021;4;3124;312;3.1.2.4;Tecnici gestori di basi di dati;Le professioni classificate in questa categoria assistono gli analisti e progettisti di basi dati gestendo, controllando e manutenendo basi di dati e relativi sistemi di sicurezza.
CP-2021;4;3125;312;3.1.2.5;Tecnici gestori di reti e di sistemi telematici;Le professioni classificate in questa categoria assistono i progettisti e amministratori di sistemi installando, configurando, gestendo e manutenendo per gli aspetti software i sistemi telematici ed i relativi sistemi di sicurezza.
CP-2021;4;3126;312;3.1.2.6;Tecnici per la trasmissione radio-televisiva e per le telecomunicazioni;"Le professioni comprese nella categoria tarano, utilizzano e manutengono apparecchiature e sistemi elettronici per trasmettere programmi radio-televisivi; curano l'installazione, il montaggio, la messa in servizio e la manutenzione delle componenti fisiche di reti informatiche, telefoniche, di impianti radiotelevisivi e satellitari e altre reti di sistemi di informazione elettronica per la trasmissione di dati e immagini."
CP-2021;4;3127;312;3.1.2.7;Tecnici dei sistemi informativi geografici;Le professioni comprese nella categoria gestiscono, interpretano e aggiornano i dati di natura geografica. SI occupano dei sistemi informativi geografici (GIS) e della produzione di mappe e cartogrammi a partire dai dati geografici provenienti da diverse fonti. Conducono analisi territoriali ed elaborano procedure per la manipolazione e la  geolocalizzazione dei dati.
CP-2021;4;3131;313;3.1.3.1;Tecnici meccanici;Le professioni comprese in questa categoria assistono gli specialisti nelle ricerche nel campo dell'ingegneria meccanica, ovvero applicano ed eseguono le procedure e le tecniche proprie per disegnare, modificare, sviluppare e verificare prodotti, macchine, attrezzature.
CP-2021;4;3132;313;3.1.3.2;Tecnici metallurgico-minerari e della ceramica;"Le professioni comprese in questa categoria assistono gli specialisti nella ricerca in materia di estrazione di minerali, acqua, gas e petrolio e di studio e di produzione di leghe o di ceramiche; ovvero applicano ed eseguono procedure e tecniche proprie nelle rilevazioni geologiche e topografiche di cave e giacimenti di minerali o di altri prodotti del sottosuolo, nella progettazione di sistemi e attrezzature di estrazione e di primo trattamento."
CP-2021;4;3133;313;3.1.3.3;Elettrotecnici;Le professioni comprese in questa categoria assistono gli specialisti nella ricerca nel campo dell'elettricita  e della progettazione di macchine ed apparati elettrici, anche a natura automatica, ovvero applicano ed eseguono procedure e tecniche proprie per disegnare, installare, individuare problemi e modificare impianti, circuiti, macchine e apparecchiature elettrici ed elettromeccanici.
CP-2021;4;3134;313;3.1.3.4;Tecnici elettronici;Le professioni comprese in questa categoria assistono gli specialisti nella ricerca in materia di elettronica, ovvero applicano ed eseguono procedure e tecniche proprie per disegnare, costruire, installare, individuarne problemi e modificare componenti, parti, apparati e circuiti elettronici singoli o inseriti in sistemi complessi.
CP-2021;4;3135;313;3.1.3.5;Tecnici delle costruzioni civili e professioni assimilate;"Le professioni comprese in questa categoria assistono gli specialisti nella ricerca nel campo dell'ingegneria civile e nella progettazione di edifici, strade, ferrovie, aeroporti e porti e di altre opere civili, ovvero applicano ed eseguono procedure e tecniche proprie per disegnare, progettare, sovrintendere alla costruzione e manutenere tali opere; per controllarne gli impianti, gli apparati e i relativi sistemi tecnici e garantirne il funzionamento e la sicurezza; per rilevare dati e disegnare le relative planimetrie, prospezioni e mappe."
CP-2021;4;3136;313;3.1.3.6;Tecnici del risparmio energetico e delle energie rinnovabili;"Le professioni comprese in questa categoria assistono gli specialisti della produzione di energie rinnovabili e dell'applicazione di tecniche di risparmio energetico ovvero applicano ed eseguono procedure e tecniche proprie per individuare nuovi metodi di conversione dell'energia a partire dalle fonti primarie disponibili in natura, per aumentare il risparmio energetico e ridurre l'impatto ambientale; verificano le condizioni e gli elementi necessari alla progettazione di impianti per la produzione di energie rinnovabili."
CP-2021;4;3137;313;3.1.3.7;Disegnatori industriali e professioni assimilate;"Le professioni comprese in questa categoria assistono gli specialisti realizzando disegni dettagliati di elementi architettonici e strutturali di edifici e di altre opere civili, di macchine, congegni ed apparecchiature meccaniche, elettriche ed elettroniche; di prodotti industriali e di beni di consumo; dei motivi e degli elementi di decorazione da tessere o stampare su stoffa o altri manufatti tessili; della conformazione fisica e topografica del suolo o di altri oggetti, esseri o elementi naturali."
CP-2021;4;3141;314;3.1.4.1;Tecnici della conduzione di impianti produttivi in continuo;Le professioni classificate in questa categoria applicano procedure, regolamenti e tecnologie proprie per controllare, attraverso sistemi altamente automatizzati, organizzare e gestire il funzionamento e la sicurezza delle catene di montaggio automatiche, dei processi e dell'impiantistica di flusso per la produzione chimica, dei metalli, della carta e per il trattamento delle acque.
CP-2021;4;3142;314;3.1.4.2;Tecnici dell'esercizio di reti idriche ed energetiche;Le professioni classificate in questa categoria applicano procedure, regolamenti e tecnologie proprie per controllare, attraverso sistemi altamente automatizzati, organizzare e gestire il funzionamento e la sicurezza dei processi e dell'impiantistica di flusso per la produzione di energia termica ed elettrica, la distribuzione di energia elettrica, acqua e altri fluidi.
CP-2021;4;3151;315;3.1.5.1;Tecnici di produzione in miniere e cave;Le professioni comprese in questa categoria applicano procedure, regolamenti e tecnologie proprie per gestire, organizzare, controllare e garantire l'efficienza, il corretto funzionamento e la sicurezza dei processi di produzione nelle miniere e nelle cave.
CP-2021;4;3152;315;3.1.5.2;Tecnici della gestione di cantieri edili;Le professioni comprese in questa categoria applicano procedure, regolamenti e tecnologie proprie per gestire, controllare organizzare e garantire l'efficienza e la sicurezza dei processi di lavorazione nei cantieri edili.
CP-2021;4;3153;315;3.1.5.3;Tecnici della produzione manifatturiera;"Le professioni comprese in questa categoria applicano procedure, regolamenti e tecnologie proprie per gestire, organizzare, controllare e garantire l'efficienza, il corretto funzionamento e la sicurezza dei processi di produzione manifatturiera; verificano la qualita  dei beni prodotti."
CP-2021;4;3154;315;3.1.5.4;Tecnici della produzione e preparazione alimentare;"Le professioni comprese in questa categoria applicano procedure, regolamenti e tecnologie proprie per gestire, organizzare, controllare e garantire l'efficienza, il corretto funzionamento e la sicurezza dei processi di produzione e preparazione alimentare; verificano la qualita  dei beni prodotti."
CP-2021;4;3155;315;3.1.5.5;Tecnici della produzione di servizi;"Le professioni comprese in questa categoria applicano procedure, regolamenti e tecnologie proprie per gestire, organizzare, controllare e garantire l'efficienza e la corretta erogazione dei servizi; verificano la qualita  dei servizi forniti."
CP-2021;4;3161;316;3.1.6.1;Comandanti e ufficiali di bordo;"Le professioni comprese in questa categoria comandano e sovrintendono alla navigazione in sicurezza di grandi imbarcazioni e navi dentro e fuori i porti, lungo fiumi navigabili, mari, oceani, laghi e baie; coordinano e sovrintendono alle attività  dell'equipaggio, controllano e garantiscono il corretto funzionamento dei motori e delle altre apparecchiature di bordo; pilotano navi e imbarcazioni."
CP-2021;4;3162;316;3.1.6.2;Comandanti e piloti di aereo;"Le professioni comprese in questa categoria comandano, controllano le apparecchiature e le operazioni di volo a bordo e fuori bordo; sovrintendono alla navigazione, ne garantiscono la sicurezza e pilotano aeromobili da carico e per il trasporto di passeggeri; controllano, tarano, riparano e garantiscono il funzionamento dell'avionica a bordo, dei sistemi integrati di navigazione, di comunicazione, e di sicurezza; installano, tarano e fanno funzionare sistemi integrati di calcolo/comunicazione, simulatori, periferiche di acquisizione di dati, strumenti di misurazione e altre apparecchiature per lanciare e seguire da terra veicoli aerospaziali."
CP-2021;4;3163;316;3.1.6.3;Tecnici dell'aviazione civile;"Le professioni comprese in questa categoria controllano e dirigono il traffico degli aeromobili e il loro movimento alle diverse altitudini e negli aeroporti, forniscono informazioni per le operazioni di atterraggio e di decollo, applicano le procedure stabilite per controllare, regolare e autorizzare i voli in ottemperanza delle garanzie di sicurezza; autorizzano il decollo e l'atterraggio degli aeromobili e ne assicurano la sicurezza; coordinano le attività  del personale in pista; applicano le procedure aeroportuali di sicurezza, in conformita  alle norme internazionali, rispetto al cui esercizio sono specificamente abilitati."
CP-2021;4;3164;316;3.1.6.4;Tecnici dell'organizzazione del traffico ferroviario;Le professioni comprese in questa categoria coordinano il movimento dei treni e il funzionamento generale dei servizi di stazione ferroviaria.
CP-2021;4;3165;316;3.1.6.5;Tecnici dell'organizzazione del traffico portuale;"Le professioni comprese in questa categoria coordinano le attività  portuali, vigilando sul rispetto delle norme e dei regolamenti che disciplinano il lavoro in porto, la viabilita  e l'accesso alle aree portuali; controllano il territorio portuale e il corretto utilizzo delle aree e dei beni demaniali."
CP-2021;4;3171;317;3.1.7.1;Fotografi e professioni assimilate;"Le professioni comprese in questa categoria riprendono persone, ambienti, oggetti, prodotti commerciali per fini artistici, documentali e pubblicitari; illustrano eventi o notizie, riproducono, seguendo protocolli scientifici, soggetti, dati e fenomeni oggetto di ricerca e di studio; sviluppano i negativi, operano azioni di fotoritocco e manipolazione delle immagini acquisite e stampano le fotografie realizzate."
CP-2021;4;3172;317;3.1.7.2;Operatori di apparecchi per la ripresa e la produzione audio-video;"Le professioni comprese in questa categoria montano, tarano, usano e connettono apparecchiature per la ripresa e la diffusione audio e video; eseguono riprese televisive o cinematografiche; utilizzano apparati e sistemi per registrare, sincronizzare, miscelare, riprodurre musica, voci, suoni ed effetti sonori in manifestazioni sportive o ricreative di vario genere, in produzioni teatrali, radio-televisive e cinematografiche, negli studi di registrazione; montano, elaborano e modificano riprese televisive, cinematografiche e sonore."
CP-2021;4;3173;317;3.1.7.3;Tecnici di apparati medicali e per la diagnostica medica;Le professioni comprese in questa categoria, controllano, manutengono e testano l'efficienza di apparati e sistemi dedicati a specifici trattamenti terapeutici ovvero di apparati e sistemi di diagnostica radiografica, sonografica e di acquisizione ed elaborazione di dati di varia natura.
CP-2021;4;3181;318;3.1.8.1;Tecnici della sicurezza di impianti;Le professioni comprese in questa categoria assistono gli specialisti nelle ricerche e nella progettazione tecnologica in materia di sistemi di sicurezza, ovvero applicano ed eseguono procedure, regolamenti e tecnologie proprie per adeguare, modificare, sviluppare, controllare e verificare i sistemi di sicurezza degli impianti industriali.
CP-2021;4;3182;318;3.1.8.2;Tecnici della sicurezza sul lavoro;Le professioni comprese in questa categoria applicano ed eseguono procedure, regolamenti e tecnologie proprie per adeguare, modificare, sviluppare, controllare e verificare la sicurezza degli ambienti di lavoro e dei lavoratori, delle macchine e delle loro modalita  di uso.
CP-2021;4;3183;318;3.1.8.3;Tecnici del controllo e della bonifica ambientale;"Le professioni comprese in questa categoria assistono gli specialisti nelle ricerche e nella progettazione, sviluppo e valutazione di sistemi per il controllo, la salvaguardia e la conservazione dell'ambiente, ovvero adattano, tarano e operano con strumentazioni, applicano procedure per controllare e rilevare informazioni sui vari tipi di inquinamento ambientale e sulle possibili cause; controllare e rilevare informazioni sullo stato di monumenti e di opere architettoniche, sulle caratteristiche e sullo stato degli ambienti naturali e storici, per salvaguardarli e conservarli nella loro funzionalita ; applicano procedure, regolamenti e tecnologie proprie per controllare e garantire l'efficienza dei processi di raccolta, selezione, trattamento e smaltimento dei rifiuti; contribuiscono a valutare ed attuare programmi per la bonifica e il risanamento di aree inquinate."
CP-2021;4;3211;321;3.2.1.1;Professioni sanitarie infermieristiche ed ostetriche;Le professioni comprese in questa categoria svolgono, con autonomia professionale, attività  dirette alla prevenzione, alla cura e salvaguardia della salute individuale e collettiva, espletando le funzioni individuate dalle norme istitutive dei relativi profili professionali nonche  dagli specifici codici deontologici ed utilizzando metodologie di pianificazione per obiettivi dell'assistenza nell'eta  evolutiva, adulta e geriatrica. L'esercizio delle professioni di Infermiere, Infermiere pediatrico e Ostetrica è  regolamentato dalle leggi dello Stato.
CP-2021;4;3212;321;3.2.1.2;Professioni sanitarie riabilitative;Le professioni comprese in questa categoria applicano i protocolli e i principi medicali e sanitari per la riabilitazione, la cura e la prevenzione delle patologie, dei disordini e delle disabilita  motorie, psicomotorie e del linguaggio, dei disturbi motori e sensoriali della vista, delle patologie neuropsichiatriche dell'eta  evolutiva, delle patologie psichiatriche, della terapia educativa finalizzata al reinserimento psicosociale di soggetti in difficolta .
CP-2021;4;3213;321;3.2.1.3;Professioni tecnico sanitarie - area tecnico diagnostica;Le professioni comprese in questa categoria applicano i protocolli e i principi medicali e sanitari nella prevenzione, valutazione e riabilitazione del sistema uditivo, nelle attività  diagnostiche e terapeutiche che utilizzano radiazioni ionizzanti, energie termiche, ultrasoniche e a risonanza magnetica, nelle patologie del sistema nervoso, nonche  nelle attività  di ricerca biomedica e biotecnologica.
CP-2021;4;3214;321;3.2.1.4;Professioni tecnico sanitarie - area tecnico assistenziale;"Le professioni comprese in questa categoria applicano i protocolli e i principi medicali e sanitari per la realizzazione, applicazione e addestramento all'uso di protesi dell'apparato locomotorio e uditivo; per l'assistenza nelle terapie basate su tecniche di circolazione extracorporea ed emodinamiche; per le attività  di educazione all'igiene orale e alimentare."
CP-2021;4;3215;321;3.2.1.5;Professioni tecniche della prevenzione;Le professioni comprese in questa categoria applicano i protocolli e i principi medicali e sanitari nelle attività  di educazione alla salute, di prevenzione, verifica e controllo dell'igiene e della sicurezza ambientale nei luoghi pubblici e di lavoro.
CP-2021;4;3216;321;3.2.1.6;Altre professioni tecniche della salute;"Le professioni comprese in questa categoria esaminano, con tecniche optometriche, le deficienze visive, confezionano, apprestano, riparano e vendono direttamente al pubblico, su prescrizione medica, occhiali e lenti protettive o correttive dei disturbi visivi; costruiscono, verificano e ottimizzano dispositivi odontoiatrici su misura seguendo le specifiche progettuali rilasciate dall'odontoiatra."
CP-2021;4;3217;321;3.2.1.7;Tecnici della medicina popolare;Le professioni classificate in questa categoria trattano i disturbi del benessere umano, forniscono servizi riabilitativi e di cura utilizzando metodiche, trattamenti e sostanze tradizionalmente usati dalla medicina popolare e ritenuti efficaci nello stimolare, migliorare e preservare la salute e il benessere della persona.
CP-2021;4;3221;322;3.2.2.1;Tecnici agronomi e forestali;"Le professioni comprese in questa categoria assistono gli specialisti, ovvero eseguono procedure e tecniche proprie nella progettazione di sistemi agricoli, agroalimentari e zootecnici, nel miglioramento delle colture e delle relative condizioni di crescita e di difesa; l'individuazione delle colture piu  adattabili e piu  redditizie, l'individuazione e nel controllo delle malattie dei vegetali, la conservazione della biodiversita  colturale; la progettazione di sistemi forestali; la gestione, il miglioramento e la protezione delle risorse ambientali e naturali, la loro messa a produzione; il mantenimento e la tutela della biodiversita  florofaunistica. L'esercizio delle professioni di Agronomo junior, Forestale junior, Agrotecnico, Agrotecnico laureato, Perito agrario e Perito agrario laureato e  regolamentato dalle leggi dello Stato."
CP-2021;4;3222;322;3.2.2.2;Zootecnici;Le professioni comprese in questa categoria assistono gli specialisti ovvero eseguono procedure e tecniche proprie nell'allevamento degli animali, nella individuazione delle condizioni ambientali e nutrizionali ottimali per la produzione, nel miglioramento delle specie e nella riproduzione animale attraverso attività  di inseminazione strumentale, di impianto embrionale e di sincronizzazione dei calori, nell'esecuzione delle terapie sotto il controllo e la guida del medico veterinario, nelle attività  di difesa dell'ambiente e di conservazione della biodiversita  animale e dei microrganismi.
CP-2021;4;3223;322;3.2.2.3;Tecnici biologi, biochimici e professioni assimilate;"Le professioni comprese in questa categoria assistono gli specialisti ovvero eseguono procedure e tecniche analitiche per condurre test ed analisi biochimiche, microbiologiche, virologiche, farmacologiche, ematologiche, immunologiche, citologiche e istopatologiche nel campo della diagnostica clinica e della ricerca medica; per condurre test ed analisi finalizzate alla diagnosi delle patologie animali e vegetali e alla ricerca in campo agronomico e zootecnico; per condurre test ed analisi sulla qualità dei prodotti destinati all'alimentazione umana e animale, per certificarne la qualità , la derivazione genetica e la tecnologia di produzione, per migliorare le filiere di trasformazione e di produzione alimentare; per rilevare, presso laboratori e cliniche, sintomi di malattia sugli animali domestici, prelevare campioni organici per le analisi, sterilizzare ambienti e attrezzi chirurgici, somministrare cure."
CP-2021;4;3311;331;3.3.1.1;Segretari amministrativi, archivisti, tecnici degli affari generali e professioni assimilate;"Le professioni comprese in questa categoria forniscono servizi amministrativi di livello elevato eseguendo ricerche documentaristiche, preparando rapporti informativi, redigendo verbali di riunioni, gestendo richieste di informazioni, minutando corrispondenza, accogliendo visite, organizzando e schedulando incontri e conferenze; classificano e archiviano documenti ed altri supporti informativi e partecipano a ricerche sui materiali informativi disponibili."
CP-2021;4;3312;331;3.3.1.2;Contabili e professioni assimilate;"Le professioni comprese in questa categoria assistono gli specialisti, ovvero applicano le procedure in materia di tenuta delle scritture contabili di societa  o di organizzazioni; analizzano, classificano e registrano le operazioni contabili e le poste di bilancio; interpretano e valutano i conti; redigono i bilanci, attendono a procedure ed adempimenti fiscali; redigono paghe, compensi e versamenti contributivi; gestiscono le operazioni in liquidita  di imprese ed organizzazioni; adempiono a mandati di pagamento; evadono conti e fatture certificando e mantenendo scritture delle operazioni; curano l'amministrazione di edifici e di proprieta  condominiali garantendo la manutenzione, il funzionamento dei servizi comuni e la sicurezza degli impianti e delle strutture."
CP-2021;4;3313;331;3.3.1.3;Tecnici del trasferimento e del trattamento delle informazioni;"Le professioni comprese in questa categoria assistono gli specialisti nella ricerca e nella acquisizione di informazioni, ovvero applicano le conoscenze e gli strumenti esistenti per rintracciare, localizzare e acquisire informazioni utili per specifiche esigenze di imprese o di organizzazioni e per analizzarle, organizzarle e confezionarle in maniera rilevante e significativa per il committente; per compiere ricerche bibliografiche e condurre interviste strutturate e semi strutturate con questionari e strumentazioni complesse in indagini e rilevazioni totali o campionarie disegnate su basi scientifiche."
CP-2021;4;3314;331;3.3.1.4;Corrispondenti in lingue estere e professioni assimilate;Le professioni comprese in questa categoria forniscono servizi amministrativi collaborando con la direzione di un'impresa e di un'organizzazione nel mantenimento dei rapporti con l'estero, tenendo conversazioni telefoniche, utilizzando linguaggi tecnici o specifici, redigendo corrispondenza, documenti, verbali e prendendo appunti in lingua.
CP-2021;4;3315;331;3.3.1.5;Tecnici dell'organizzazione e della gestione dei fattori produttivi;Le professioni comprese in questa categoria applicano procedure e tecniche proprie per monitorare e ottimizzare i processi di produzione, la produttivita  del lavoro umano e degli impianti, la logistica e i costi di esercizio.
CP-2021;4;3321;332;3.3.2.1;Tecnici della gestione finanziaria;Le professioni comprese in questa categoria assistono gli specialisti nella rilevazione e nell'analisi dei dati finanziari e di investimento di imprese, organizzazioni o famiglie per individuare e valutare lo stato e i rischi delle relative esposizioni e per vendere adeguati prodotti finanziari. Mettono in relazione, anche attraverso attività  di consulenza, banche o intermediari finanziari determinati con la potenziale clientela al fine della concessione di finanziamenti.
CP-2021;4;3322;332;3.3.2.2;Tecnici del lavoro bancario;"Le professioni comprese in questa categoria curano le attività  amministrative bancarie in back ed in front office, fornendo ai clienti assistenza sui servizi bancari offerti; seguono le procedure per determinare i rischi connessi alla corresponsione di mutui e prestiti; individuano le condizioni ottimali per la loro restituzione."
CP-2021;4;3323;332;3.3.2.3;Agenti assicurativi;"Le professioni comprese in questa categoria forniscono ai clienti assistenza sui servizi assicurativi offerti; seguono le procedure per determinare il grado di rischio connesso alla sottoscrizione di polizze standard a determinati soggetti; sottoscrivono polizze per conto delle assicurazioni a favore di imprese, organizzazioni o persone."
CP-2021;4;3324;332;3.3.2.4;Periti, valutatori di rischio, liquidatori e professioni assimilate;"Le professioni comprese in questa categoria raccolgono informazioni e dati per individuare responsabilità , stimare danni, per definire, secondo le procedure, l'ammontare dei pagamenti; istruiscono polizze non standard valutando, secondo procedura, i rischi connessi; liquidano le polizze verificando che le procedure di sottoscrizione della polizza, di stima dei danni o degli eventi, di valutazione delle condizioni contrattuali e dei corrispettivi da pagare siano state rispettate"
CP-2021;4;3325;332;3.3.2.5;Agenti di borsa e cambio, tecnici dell'intermediazione titoli e professioni assimilate;"Le professioni comprese in questa categoria concludono in Borsa per conto di terzi o sul mercato operazioni di compravendita di titoli, divise o altri beni fungibili; intermediano l'acquisto e la cessione fra risparmiatori e speculatori; negoziano titoli pubblici e privati quotati ufficialmente nonche  divise estere, accertandone il valore nel corso della negoziazione in Borsa; mettono in contatto, senza vincolo di mandato, i clienti con intermediari autorizzati alla erogazione di crediti per favorire la concessione di finanziamenti."
CP-2021;4;3326;332;3.3.2.6;Tecnici della locazione finanziaria e dei contratti di scambio;"Le professioni comprese nella categoria assistono gli specialisti nella redazione e nella definizione di contratti derivati finanziari e di credito ovvero applicano procedure standard per stipulare e seguire contratti di scambio di valute, valori mobiliari e beni eseguibili a scadenza dietro corresponsione di premi, di acquisto di crediti assumendo oneri di gestione, riscossione e contabilizzazione degli stessi; contratti di acquisto di beni mobili ed immobili e di concessione in uso degli stessi dietro corresponsione di locazioni finanziarie."
CP-2021;4;3331;333;3.3.3.1;Approvvigionatori e responsabili acquisti;Le professioni comprese in questa categoria assistono gli specialisti negli acquisti sul mercato di beni, attrezzature, materie prime e forniture di servizi, ovvero attivano e seguono le procedure di valutazione dei prezzi di mercato, della qualita  e delle caratteristiche delle merci da acquistare, di scelta dei fornitori e di acquisizione dei beni.
CP-2021;4;3332;333;3.3.3.2;Responsabili di magazzino e della distribuzione interna;"Le professioni comprese in questa categoria raccolgono, controllano e archiviano la documentazione sulle merci esistenti, in entrata e in uscita dal magazzino; controllano quantita  e valore delle stesse; assicurano le scorte; soddisfano le richieste di spedizione e di distribuzione interna dei beni disponibili; organizzano ed effettuano inventari."
CP-2021;4;3333;333;3.3.3.3;Commissari, stimatori e aggiudicatori d'asta commerciali;"Le professioni comprese in questa categoria definiscono sulla base di stime il prezzo minimo; illustrano le caratteristiche e vendono al pubblico incanto beni e oggetti di varia natura e provenienza; curano gli aspetti amministrativi della vendita e della aggiudicazione; valutano il valore commerciale e merceologico di oggetti e beni di varia natura e provenienza."
CP-2021;4;3334;333;3.3.3.4;Tecnici della vendita e della distribuzione;Le professioni comprese in questa categoria assistono gli specialisti nella implementazione delle strategie di vendita delle imprese, nel controllo della efficienza della rete distributiva e commerciale e nel monitoraggio delle vendite, ovvero applicano le procedure fissate per raccogliere informazioni sulle vendite e sulle attività  di distribuzione, per analizzarle, organizzarle e presentarle in maniere rilevante e significativa a specialisti e responsabili del settore.
CP-2021;4;3335;333;3.3.3.5;Tecnici del marketing;"Le professioni comprese in questa categoria definiscono strategie e  ricerche per rilevare il gradimento sul mercato dei beni e dei servizi commercializzati, le condizioni di mercato e le possibilita  di penetrazione commerciale di prodotti o servizi; individuano situazioni di competizione, prezzi e tipologie di consumatori, ovvero applicano le procedure fissate per raccogliere informazioni in materia, analizzarle, organizzarle e presentarle in maniere rilevante e significativa a specialisti e responsabili del settore."
CP-2021;4;3336;333;3.3.3.6;Tecnici della pubblicità e delle pubbliche relazioni;"Le professioni classificate in questa categoria promuovono le attività  di mercato di un'impresa o di un'organizzazione e creano presso il pubblico  un'immagine positiva della stessa, ovvero applicano e seguono procedure per programmare e attivare promozioni e campagne pubblicitarie di diverso genere e su vari mezzi; ricercano, selezionano, raccolgono e sistematizzano materiale informativo e pubblicitario favorevole; seguono procedure per organizzare e sponsorizzare eventi di particolare importanza e visibilita  non direttamente collegati alla promozione pubblicitaria."
CP-2021;4;3341;334;3.3.4.1;Spedizionieri e tecnici della distribuzione;"Le professioni comprese in questa categoria movimentano merci su mare, terra e per via aerea per l'importazione, l'esportazione e la distribuzione interna; rappresentano i produttori e gli importatori presso le dogane; esercitano diritti e compiono atti in loro conto; assicurano il funzionamento dell'organizzazione commerciale dell'impresa garantendo l'evasione degli ordini e l'arrivo delle merci presso la distribuzione locale."
CP-2021;4;3342;334;3.3.4.2;Agenti di commercio;Le professioni comprese in questa categoria visitano per conto di imprese produttrici o distributrici negozi o aziende proponendo l'acquisto di prodotti o servizi per la vendita o la produzione, mostrano campioni, depliant informativi, cataloghi, materiale pubblicitario, illustrano le caratteristiche dei prodotti proposti, curano i rapporti con i clienti, raccolgono ordini, concordano i tempi di consegna e di pagamento, li trasmettono per l'accettazione e l'evasione al produttore o al distributore.
CP-2021;4;3343;334;3.3.4.3;Agenti concessionari;Le professioni comprese in questa categoria promuovono, organizzano, sono responsabili e, in genere, esclusivisti in un determinato territorio delle vendite di uno o piu  marchi e relativi prodotti che acquistano dal fabbricante per rivenderli successivamente in nome e per conto proprio.
CP-2021;4;3344;334;3.3.4.4;Agenti di pubblicità;Le professioni comprese in questa categoria visitano per conto di imprese pubblicitarie aziende ed organizzazioni proponendo l'acquisto di prodotti o servizi pubblicitari, ne illustrano le caratteristiche, mostrano campioni e depliant illustrativi, raccolgono ordini, concordano i tempi delle attività , li trasmettono per l'accettazione e l'evasione al produttore, curano i rapporti con i clienti.
CP-2021;4;3345;334;3.3.4.5;Agenti immobiliari;"Le professioni comprese in questa categoria assistono persone o enti interessati informandosi sulle richieste o fornendo informazioni sulle quotazioni ovvero organizzano e intermediano per loro conto la vendita, l'acquisto o la locazione di edifici, appartamenti, terreni o immobili di altro tipo, mostrano, illustrandone le caratteristiche, gli immobili offerti, istruiscono le pratiche di base le promesse di acquisto e i contratti di locazione; valutano gli immobili fornendo stime sul valore reale, bancario, commerciale e di ammortamento."
CP-2021;4;3346;334;3.3.4.6;Rappresentanti di commercio;Le professioni comprese in questa categoria concludono affari direttamente in nome e per conto dei produttori o dei distributori dei quali mantengono la piena rappresentanza in ordine agli impegni presi, visitano negozi o aziende proponendo l'acquisto di prodotti o servizi per la vendita o la produzione, mostrano campioni, depliant informativi, cataloghi, materiale pubblicitario, illustrano le caratteristiche dei prodotti proposti, curano i rapporti con i clienti.
CP-2021;4;3347;334;3.3.4.7;Agenti e rappresentanti di artisti ed atleti;Le professioni classificate in questa categoria rappresentano e promuovono artisti e atleti, curandone la visibilita .
CP-2021;4;3411;341;3.4.1.1;Tecnici delle attività ricettive e professioni assimilate;"Le professioni classificate in questa categoria assistono gli specialisti, ovvero applicano conoscenze in materia di marketing turistico per valorizzare, commercializzare, integrare l'offerta turistica di un territorio o di un sistema territoriale; collaborano con i soggetti pubblici e privati per migliorare, caratterizzare sul piano ambientale, artistico, architettonico, enogastronomico e collocare l'offerta turistica nei circuiti organizzati e informali."
CP-2021;4;3412;341;3.4.1.2;Tecnici dell'organizzazione di fiere, convegni ed eventi culturali;"Le professioni comprese nella categoria forniscono servizi per l'organizzazione e la gestione di fiere, collocano gli spazi e gli ambienti espositivi disponibili, ne organizzano la fruizione da parte del pubblico e degli espositori; organizzano convegni, conferenze e ricevimenti garantendo accoglienza, socialita  e servizi ai convenuti."
CP-2021;4;3413;341;3.4.1.3;Animatori turistici e professioni assimilate;"Le professioni comprese in questa categoria intrattengono gli ospiti di villaggi turistici, hotel ed altre strutture ricettive; progettano ed organizzano attività  per il tempo libero, giochi, gare, feste, spettacoli, lezioni sulla pratica di danze, attività  sportive e cura del corpo, artistiche e di artigianato."
CP-2021;4;3414;341;3.4.1.4;Agenti di viaggio;"Le professioni comprese in questa categoria propongono, organizzano e vendono viaggi turistici, di affari o di altra natura e le eventuali sistemazioni alberghiere ai clienti interessati; propongono, consigliano, promuovono e scambiano sul mercato pacchetti turistici, programmano e organizzano attività  turistiche per agenzie, uffici turistici, enti ed organizzazioni."
CP-2021;4;3415;341;3.4.1.5;Guide ed accompagnatori specializzati;"Le professioni comprese in questa categoria accompagnano singoli o gruppi di turisti in scalate e ascensioni in montagna o in altri itinerari di particolare interesse naturalistico; organizzano le escursioni, consigliano percorsi indicandone le difficolta  e le condizioni migliori in cui seguirli; preparano le attrezzature necessarie; verificano l'adeguatezza di quelle degli escursionisti, li guidano e li aiutano in situazioni di difficolta ; forniscono il primo soccorso in caso di incidenti o malesseri, richiedono aiuto quando necessario e partecipano a spedizioni di soccorso; accompagnano i turisti nei viaggi organizzati garantendo assistenza e servizi ai partecipanti, nei percorsi turistici illustrando e descrivendo caratteristiche e particolarita  di opere d'arte, di itinerari paesaggistici, architettonici e di luoghi di interesse storico-artistico."
CP-2021;4;3421;342;3.4.2.1;Istruttori di guida;Le professioni classificate in questa categoria somministrano lezioni teoriche e pratiche - finalizzate in genere all'acquisizione di una patente, di un brevetto o di una abilitazione - sui princi pi e le tecniche di guida, il funzionamento delle parti, la strumentazione da utilizzare e conoscere, le regole da seguire ed i comportamenti da tenere nella guida di automobili, aerei e barche.
CP-2021;4;3422;342;3.4.2.2;Insegnanti nella formazione professionale e professioni assimilate;Le professioni classificate in questa categoria insegnano materie tecnico-pratiche e di laboratorio, la pratica di diverse attività  lavorative, l'uso di tecnologie e di attrezzature, trasferiscono in percorsi di formazione o di addestramento cognizioni pratiche per svolgere attività artigianali, espressive o di servizio e cura della persona.
CP-2021;4;3423;342;3.4.2.3;Istruttori di tecniche in campo artistico;Le professioni classificate in questa categoria insegnano la tecnica e, con lezioni individuali o per piccoli gruppi, addestrano a praticare discipline artistico-figurative.
CP-2021;4;3424;342;3.4.2.4;Istruttori di discipline sportive non agonistiche;"Le professioni classificate in questa categoria addestrano ad esercitare, in modo non agonistico, con lezioni individuali o di gruppo, la pratica di discipline sportive; ne insegnano le tecniche; verificano l'adeguatezza delle condizioni fisiche dell'allievo; lo preparano fisicamente; lo allenano e organizzano attività  sportive comuni."
CP-2021;4;3425;342;3.4.2.5;Professioni organizzative nel campo dell'educazione fisica e dello sport;"Le professioni comprese in questa categoria organizzano eventi e competizioni sportive; dirigono le attività  sportive di palestre e di altre strutture; seguono le performance e la crescita sportiva di atleti per individuare e selezionare talenti."
CP-2021;4;3426;342;3.4.2.6;Allenatori e tecnici di discipline sportive agonistiche;"Le professioni comprese in questa categoria preparano e allenano atleti e squadre di atleti alle competizioni; ne curano la motivazione e la preparazione fisica; definiscono strategie di gara; insegnano e innovano tecniche di gioco; sovrintendono a competizioni atletiche o a eventi sportivi; rilevano infrazioni alle regole del gioco e decidono le penalita  in accordo con i regolamenti."
CP-2021;4;3427;342;3.4.2.7;Atleti;Le professioni classificate in questa unita  competono, da soli o in squadra, in gare o eventi sportivi, curano la preparazione atletica e l'addestramento personale e di squadra nelle discipline sportive prescelte.
CP-2021;4;3431;343;3.4.3.1;Annunciatori e presentatori della radio, della televisione e di altri spettacoli;"Le professioni comprese in questa categoria leggono notizie diffondono informazioni, reportage giornalistici, presentano spettacoli e manifestazioni, annunciano programmi in radio e in televisione; presentano performance artistiche e ricreative nei teatri, negli stadi, in locali o altri luoghi pubblici."
CP-2021;4;3432;343;3.4.3.2;Tecnici dell'organizzazione della produzione radiotelevisiva, cinematografica e teatrale;Le professioni classificate in questa categoria organizzano e seguono le attività  connesse all'implementazione dei palinsesti e dei programmi radiotelevisivi ed alla produzione teatrale e cinematografica.
CP-2021;4;3433;343;3.4.3.3;Intrattenitori;Le professioni classificate in questa categoria organizzano e curano le attività  ricreative, di intrattenimento e divertimento del pubblico.
CP-2021;4;3441;344;3.4.4.1;Grafici, disegnatori e allestitori di scena;"Le professioni comprese in questa categoria realizzano, utilizzando varie tecniche di disegno artistico, bozzetti, disegni di dettaglio, elaborati multimediali e animazioni finalizzati alla comunicazione e all'illustrazione pubblicitaria; realizzano scene per manifestazioni teatrali, produzioni cinematografiche e televisive, spettacoli musicali e altri tipi di performance artistiche."
CP-2021;4;3442;344;3.4.4.2;Tecnici dei musei, delle biblioteche e professioni assimilate;"Le professioni comprese in questa categoria preparano, organizzano e sistemano modelli ed esemplari, quali fossili, utensili, oggetti di vario genere, manufatti artistici, per mostre e manifestazioni museali; catalogano oggetti ed opere d'arte; seguono e consigliano i lettori nell'uso dei cataloghi, delle basi di dati e degli indici con cui sono organizzate le biblioteche; li assistono nelle ricerche; catalogano e sistemano libri negli scaffali; li riparano; controllano la circolazione dei libri da e per la biblioteca."
CP-2021;4;3443;344;3.4.4.3;Periti, stimatori d'arte e professioni assimilate;"Le professioni comprese in questa categoria applicano conoscenze storico-artistiche sui materiali utilizzati, le tecniche costruttive, decorative e di finitura nella stima dell'autenticita  e del valore commerciale di opere d'arte ed oggetti di antiquariato, di monete, cartamoneta, medaglie e francobolli; applicano conoscenze in materia di esame e valutazione della forma e del disegno dei caratteri per attribuire una scrittura e determinarne l'autenticita ."
CP-2021;4;3444;344;3.4.4.4;Tecnici restauratori;"Le professioni classificate in questa categoria assistono i restauratori nelle attività  di prevenzione, manutenzione e restauro di beni culturali mobili e architettonici; collaborano alle attività  di ricerca finalizzate alla ricostruzione storico-culturale e conservativa del bene, alla valutazione delle sue condizioni di degrado, alla raccolta dati e alla stesura del materiale documentale; curano, secondo le indicazioni metodologiche del restauratore, la preparazione dei materiali necessari per gli interventi."
CP-2021;4;3451;345;3.4.5.1;Assistenti sociali;"Le professioni classificate in questa categoria assistono e guidano individui e famiglie con problemi sociali e lavorativi alla ricerca di soluzioni e per il raggiungimento degli obiettivi connessi; aiutano i soggetti con disabilita  fisiche e mentali ad ottenere i trattamenti adeguati; attivano e certificano procedure finalizzate ad ottenere assistenza pubblica per individui e famiglie."
CP-2021;4;3452;345;3.4.5.2;Tecnici del reinserimento e dell'integrazione sociale;Le professioni classificate in questa categoria forniscono servizi finalizzati a prevenire il disagio di adulti in difficolta  di inserimento sociale e lavorativo, a rimuovere l'emarginazione sociale di bambini e adolescenti, a riabilitare adulti e minori in prigione, in libertà  vigilata e fuori dal carcere e a recuperare alla vita attiva adulti scoraggiati o ritirati dal lavoro
CP-2021;4;3453;345;3.4.5.3;Tecnici dei servizi per l'impiego;"Le professioni classificate in questa categoria informano chi cerca lavoro sulle opportunita  lavorative disponibili; raccolgono informazioni sulle capacita , sulla formazione, sugli interessi e sulle loro esperienze lavorative; li aiutano a formulare curricula e ad utilizzare gli strumenti disponibili per cercare lavoro; propongono le loro candidature ai soggetti che domandano lavoro; li collocano secondo le disposizioni di legge."
CP-2021;4;3454;345;3.4.5.4;Tecnici dei servizi di sicurezza privati e professioni assimilate;"Le professioni classificate in questa categoria organizzano servizi privati di protezione e di sicurezza a persone, imprese ed organizzazioni per prevenire furti, violenze, violazioni dei regolamenti; organizzano servizi di acquisizione di informazioni per prevenire e far fronte a comportamenti scorretti e illegittimi."
CP-2021;4;3455;345;3.4.5.5;Tecnici delle attività religiose e di culto;Le professioni classificate in questa categoria attendono ad attività  religiose, dedicano le loro vite alla contemplazione e alla meditazione, pregano e diffondono gli insegnamenti della religione che professano.
CP-2021;4;3461;346;3.4.6.1;Tecnici dei servizi giudiziari;"Le professioni classificate in questa categoria curano gli aspetti amministrativi ed esecutivi delle decisioni delle corti di giustizia; organizzano il materiale documentario e probatorio e documentano lo svolgimento dei processi, riportando a verbale testimonianze, interventi delle parti e decisioni."
CP-2021;4;3462;346;3.4.6.2;Ufficiali della polizia di stato;"Le professioni classificate in questa categoria collaborano con la magistratura, conducendo indagini su notizie di crimini e su attività  criminali, eseguendo mandati di arresto e di fermo; conducono indagini su crimini effettuati o presunti, organizzano attività  di prevenzione e di sorveglianza finalizzate alla sicurezza dei cittadini."
CP-2021;4;3463;346;3.4.6.3;Tecnici dei servizi di sicurezza dei vigili urbani, dei vigili del fuoco e del corpo forestale;"Le professioni comprese in questa categoria organizzano e coordinano le attività  finalizzate ad assicurare il rispetto delle norme e dei regolamenti cittadini, in particolare rispetto al traffico, al commercio, all'igiene pubblica e alla sicurezza dei cittadini in collaborazione con le forze dell'ordine; organizzano e coordinano le attività  di prevenzione, controllo e spegnimento degli incendi, di salvataggio e sgombero delle persone anche in caso di calamita  naturali o di incidenti di varia natura; organizzano e coordinano le attività  di tutela del patrimonio forestale ed ambientale al fine del rispetto delle norme relative."
CP-2021;4;3464;346;3.4.6.4;Ufficiali della guardia di finanza;Le professioni comprese in questa categoria coordinano e organizzano le attività  di prevenzione, ricerca e denuncia delle evasione e delle violazioni finanziarie, di vigilanza sull'adempimento delle disposizioni di interesse politico-economico, di sorveglianza in mare per fini di polizia finanziaria, di collaborazione al mantenimento della sicurezza pubblica e alla difesa delle frontiere, delle attività  di polizia doganale.
CP-2021;4;3465;346;3.4.6.5;Controllori fiscali;Le professioni comprese in questa categoria coordinano e organizzano la circolazione delle merci da e per il paese, organizzano i controlli sulle merci e le verifiche della corrispondenza alla documentazione presentata delle merci esportate e importate, sull'entrata o l'uscita dal paese di merci vietate o non autorizzate.
CP-2021;4;3466;346;3.4.6.6;Tecnici dei servizi pubblici di concessioni licenze e professioni assimilate;"Le professioni comprese in questa categoria esaminano le domande e verificano le condizioni di concessione di licenze per l'esercizio di attività  imprenditoriali e commerciali, per la costruzione di edifici, case o di altre strutture; di rilascio di passaporti, documenti di identità  e di altre certificazioni personali fatte dall'amministrazione pubblica."
CP-2021;4;4111;411;4.1.1.1;Addetti a funzioni di segreteria;"Le professioni classificate in questa categoria supportano le attività di un ufficio organizzando riunioni, viaggi di lavoro, appuntamenti e contatti, dattiloscrivendo e inoltrando disposizioni verbali e appunti, attivando ed eseguendo le procedure burocratiche necessarie al funzionamento delle attività e dei processi cui l'ufficio stesso è preposto e alla circolazione dell'informazione e della documentazione tra i vari uffici; predispongono la documentazione e svolgono compiti di supporto operativo necessarie alla attività degli uffici stampa e di relazione con il pubblico."
CP-2021;4;4112;411;4.1.1.2;Addetti agli affari generali;Le professioni classificate in questa categoria attivano, eseguono e supportano singoli aspetti delle procedure di pianificazione, progettazione, amministrazione e gestione di un'impresa o di un'organizzazione svolgendo compiti di carattere non direttivo.
CP-2021;4;4113;411;4.1.1.3;Addetti al protocollo e allo smistamento di documenti;"Le professioni classificate in questa categoria raccolgono, smistano, consegnano documenti e materiali in partenza o in arrivo da e per i vari uffici o settori organizzativi dell'impresa; eseguono atti amministrativi necessari ad attestare, attraverso la trascrizione delle operazioni in appositi registri e l'emissione di ricevute, la ricezione o la trasmissione di materiali o di documentazione da parte dell'organizzazione, dell'impresa o di un singolo ufficio."
CP-2021;4;4114;411;4.1.1.4;Addetti alla gestione del personale;Le professioni classificate in questa categoria eseguono attività di supporto necessarie alla gestione del personale, inoltrano comunicazioni e ordini di servizio, eseguono le procedure di assunzione, licenziamento e di assegnazione acquisendo e inoltrando le dovute documentazioni.
CP-2021;4;4121;412;4.1.2.1;Addetti alla videoscrittura, dattilografi, stenografi e professioni assimilate;Le professioni classificate in questa categoria utilizzano mezzi meccanici, elettromeccanici, elettronici o informatici e tecniche di scrittura appropriate per trascrivere manoscritti, minute e documenti o processi verbali prodotti lungo l'attività dell'impresa o dell'organizzazione, ovvero svolgono tali compiti come servizio per terze parti.
CP-2021;4;4122;412;4.1.2.2;Addetti all'immissione dati;Le professioni classificate in questa categoria inseriscono dati ed eseguono operazioni di calcolo e di elaborazione utilizzando calcolatrici elettromeccaniche, elettroniche o strumenti informatici di calcolo.
CP-2021;4;4123;412;4.1.2.3;Addetti alle macchine per la riproduzione e l'invio di materiali e documenti;Le professioni classificate in questa unità riproducono documenti esistenti utilizzando fotocopiatrici, scanner, fax o programmi informatici e li trasmettono attraverso l'uso di strumenti di comunicazione telematica.
CP-2021;4;4211;421;4.2.1.1;Addetti agli sportelli assicurativi, bancari e di altri intermediari finanziari;"Le professioni classificate in questa categoria movimentano, per conto del pubblico, denaro in entrata e in uscita dalle casse delle banche o di altri istituti di intermediazione finanziaria, per varie finalità, seguendo le procedure previste e tenendo scrittura delle operazioni effettuate; incassano e riscattano e informano i clienti sulle procedure di sottoscrizione e sulle condizioni di applicazione di polizze assicurative."
CP-2021;4;4212;421;4.2.1.2;Addetti agli sportelli dei servizi postali;Le professioni classificate in questa categoria raccolgono denaro in cambio di operazioni postali o servizi finanziari seguendo le procedure prestabilite e mantenendo scrittura delle operazioni eseguite.
CP-2021;4;4213;421;4.2.1.3;Addetti agli sportelli per l'esazione di imposte e contributi e al recupero crediti;Le professioni classificate in questa categoria riscuotono somme in denaro esercitando il diritto di riscossione di somme dovute all'organizzazione sulla base di contratti, forniture o atti amministrativi definiti, seguendo le procedure e mantenendo scrittura delle operazioni effettuate.
CP-2021;4;4214;421;4.2.1.4;Addetti agli sportelli delle agenzie di pegno e professioni assimilate;"Le professioni classificate in questa categoria prestano somme di denaro in cambio di pegni su oggetti, assumono in custodia questi ultimi e provvedono alla loro riconsegna in caso di riscatto del prestito nei tempi previsti, alla loro vendita all'asta in caso di mancato riscatto; supportano i procedimenti di trascrizione delle ipoteche e di tenuta delle scritture relative."
CP-2021;4;4215;421;4.2.1.5;Addetti alla vendita di biglietti;Le professioni comprese in questa unità rilasciano biglietti e titoli di accesso e di fruizione dei servizi offerti incassando corrispettivi in denaro.
CP-2021;4;4216;421;4.2.1.6;Addetti agli sportelli delle agenzie di viaggio;"Le professioni comprese in questa categoria consigliano i clienti sugli itinerari di viaggio e sulle attrattive dei luoghi da visitare, consegnando loro cartine e brochure illustrative; verificano la disponibilità dei posti presso le strutture ricettive ed effettuano prenotazioni rilasciando gli appositi voucher; espletano le procedure necessarie per ottenere i biglietti, le carte di imbarco ed altri titoli di viaggio."
CP-2021;4;4221;422;4.2.2.1;Addetti all'accoglienza e all'informazione nelle imprese e negli enti pubblici;Le professioni classificate in questa categoria ricevono il pubblico nel momento del contatto con l'impresa o l'organizzazione, assistendolo nella corretta compilazione della modulistica necessaria ad avviare procedure amministrative o rispetto alle sue esigenze o richieste.
CP-2021;4;4222;422;4.2.2.2;Addetti all'accoglienza nei servizi di alloggio e ristorazione;"Le professioni classificate in questa categoria accolgono e registrano gli ospiti nelle strutture che forniscono servizi di alloggio; assegnano le camere e consegnano le relative chiavi; forniscono informazioni sui servizi offerti; gestiscono le prenotazioni e le pratiche di registrazione in arrivo e in partenza, tenendo traccia delle camere disponibili; eseguono le operazioni di check-out degli ospiti predisponendo la relativa documentazione. Accolgono i clienti nei ristoranti, gestiscono le prenotazioni dei tavoli."
CP-2021;4;4223;422;4.2.2.3;Centralinisti;Le professioni classificate in questa categoria ricevono le chiamate dall'esterno e le smistano agli uffici o alle persone interessate dell'impresa o dell'organizzazione.
CP-2021;4;4224;422;4.2.2.4;Addetti all'informazione nei Call Center (senza funzioni di vendita);Le professioni classificate in questa categoria forniscono informazioni al pubblico sui prodotti o sui servizi offerti dall'azienda, prendono nota e smistano reclami sui servizi e sui prodotti forniti, indicano le procedure da seguire per ottenere assistenza, rimborsi o risarcimenti. Non eseguono funzioni di vendita.
CP-2021;4;4311;431;4.3.1.1;Addetti alla gestione degli acquisti;Le professioni classificate in questa categoria supportano le attività amministrative per l'approvvigionamento di merci e materiali, eseguono riscontri fra le giacenze di magazzino e gli standard di deposito fissati, raccolgono i prezzi sul mercato delle merci e dei materiali di cui rifornirsi, seguono le procedure di acquisto e di consegna, raccolgono le richieste dei diversi uffici e settori dell'impresa o dell'organizzazione, distribuiscono, documentandone le consegne, merci e materiali secondo necessità e richieste.
CP-2021;4;4312;431;4.3.1.2;Addetti alla gestione dei magazzini e professioni assimilate;Le professioni classificate in questa categoria seguono le procedure relative alla tenuta dei magazzini e alla gestione dei depositi di merci e materiali, tengono scrittura delle operazioni di entrata e di uscita delle merci e dei materiali, verificano la corrispondenza tra consistenza fisica e contabile dei materiali e delle merci, supportano le attività di contabilità del magazzino, applicano le procedure di acquisizione e di consegna.
CP-2021;4;4313;431;4.3.1.3;Addetti alla gestione amministrativa dei trasporti merci;Le professioni classificate in questa categoria sono addetti alla predisposizione ed al controllo delle pratiche amministrative relative ai trasporti di merci e materiali e alla loro organizzazione, predispongono la documentazione di accompagnamento, provvedono alle pratiche doganali di importazione, esportazione e sdoganamento delle merci, seguono le procedure verificando e controllando l'esistenza delle condizioni necessarie alla partenza e al viaggio dei convogli, anche ferroviari.
CP-2021;4;4321;432;4.3.2.1;Addetti alla contabilità;Le professioni classificate in questa categoria supportano, anche utilizzando appositi mezzi informatici, le operazioni di tenuta delle scritture contabili annotando le operazioni, compilando e archiviando la relativa documentazione, eseguendo calcoli e operazioni di verifica.
CP-2021;4;4322;432;4.3.2.2;Addetti alle buste paga;Le professioni classificate in questa categoria eseguono attività finalizzate alla redazione delle buste paga, raccogliendo ed elaborando dati sulle presenze, le ore di lavoro e le assenze per ferie o per altri motivi e acquisendo la documentazione relativa.
CP-2021;4;4323;432;4.3.2.3;Addetti alle operazioni finanziarie per conto dell'impresa o dell'organizzazione;Le professioni classificate in questa categoria svolgono attività di supporto alla gestione e al controllo delle attività finanziarie dell'impresa o dell'organizzazione, eseguono operazioni presso le banche, seguono le procedure per la gestione dei depositi bancari, per la richiesta di fidi o altri tipi di prestiti, per il pagamento dei tributi e l'incasso delle fatture.
CP-2021;4;4324;432;4.3.2.4;Addetti ai servizi statistici;Le professioni classificate in questa categoria reperiscono, rilevano, raccolgono, organizzano e provvedono ad elaborazioni elementari di dati e di altri materiali documentali necessari alle attività dell'ufficio, dell'impresa o dell'organizzazione, anche con l'uso di tecnologie informatiche.
CP-2021;4;4325;432;4.3.2.5;Addetti agli uffici interni di cassa;Le professioni classificate in questa categoria incassano, tenendo scrittura delle operazioni effettuate e seguendo le procedure stabilite, i corrispettivi in denaro per le forniture o i servizi resi dall'impresa o dall'organizzazione e per il rilascio di titoli di accesso ai servizi offerti.
CP-2021;4;4411;441;4.4.1.1;Personale addetto a compiti di controllo, verifica e professioni assimilate;Le professioni classificate in questa categoria svolgono operazioni di controllo e verifica di conformità degli atti, delle operazioni, delle acquisizioni e delle cessioni di merci, materiali e simili rispetto alle procedure codificate o a quanto preventivato.
CP-2021;4;4412;441;4.4.1.2;Addetti al controllo della documentazione di viaggio;Le professioni classificate in questa categoria controllano la completezza e la correttezza della documentazione e dei titoli di viaggio di merci e persone, nei trasporti aerei, marittimi, su gomma o ferroviari, intervenendo nel caso in cui siano rilevate non conformità.
CP-2021;4;4413;441;4.4.1.3;Addetti allo smistamento e al recapito della posta;Le professioni classificate in questa categoria provvedono, presso gli uffici postali, all'accusa e allo smistamento della posta e della documentazione in ingresso e al recapito della stessa ai destinatari.
CP-2021;4;4421;442;4.4.2.1;Addetti ad archivi, schedari e professioni assimilate;Le professioni classificate in questa categoria classificano, schedano, archiviano e conservano documenti e materiali raccolti o ricevuti, seguendo criteri e procedure predefiniti che ne rendono possibile la reperibilità.
CP-2021;4;4422;442;4.4.2.2;Addetti a biblioteche e professioni assimilate;Le professioni classificate in questa categoria classificano, schedano, archiviano, conservano e rendono disponibili al pubblico in biblioteche materiali documentari e libri.
CP-2021;4;5111;511;5.1.1.1;Esercenti delle vendite all'ingrosso;"Le professioni comprese in questa categoria definiscono, pianificano, implementano e gestiscono - direttamente e senza supporti alle decisioni e all'organizzazione imprenditoriali, anche non specialistici - le strategie e le politiche di vendita di esercizi commerciali all'ingrosso di piccole dimensioni; valutano i risultati dell'attività; negoziano con i fornitori e i clienti, programmano e controllano l'uso efficiente delle risorse; reclutano personale e definiscono i processi di innovazione organizzativa e di vendita. Sono direttamente impegnati nelle attività di vendita assistendo, informando e consigliando i clienti sugli acquisti."
CP-2021;4;5112;511;5.1.1.2;Esercenti delle vendite al minuto;"Le professioni comprese in questa categoria definiscono, pianificano, implementano e gestiscono â€“ direttamente e senza supporti alle decisioni e all'organizzazione imprenditoriali, anche non specialistici â€“ le strategie e le politiche di vendita di esercizi di piccole dimensioni per la vendita di prodotti e beni destinati al consumo finale, anche situati nei mercati o in posti fissi a loro assegnati; valutano i risultati dell'attività; negoziano con i fornitori e i clienti, programmano e controllano l'uso efficiente delle risorse; reclutano personale e definiscono i processi di innovazione organizzativa e di vendita. Sono direttamente impegnati nelle attività di vendita assistendo, informando e consigliando i clienti sugli acquisti."
CP-2021;4;5113;511;5.1.1.3;Esercenti di distributori di carburanti ed assimilati;"Le professioni comprese in questa categoria definiscono, pianificano, implementano e gestiscono â€“ direttamente e senza supporti alle decisioni e all'organizzazione imprenditoriali, anche non specialistici â€“ le strategie e le politiche di vendita di esercizi di piccole dimensioni per la distribuzione di carburanti e di prodotti simili destinati al consumo finale; valutano i risultati dell'attività; negoziano con i fornitori e i clienti; programmano e controllano l'uso efficiente delle risorse; reclutano personale e definiscono i processi di innovazione organizzativa e di vendita. Sono direttamente impegnati nelle attività di vendita assistendo, informando e consigliando i clienti sugli acquisti."
CP-2021;4;5121;512;5.1.2.1;Commessi delle vendite all'ingrosso;Le professioni comprese in questa categoria assistono, consigliano e informano i clienti, negli esercizi di vendita riservata a produttori o altri rivenditori e distributori, sugli acquisti di prodotti e la fornitura di beni, relativamente agli aspetti merceologici e di prezzo.
CP-2021;4;5122;512;5.1.2.2;Commessi delle vendite al minuto;Le professioni comprese in questa categoria assistono, consigliano e informano i clienti sugli acquisti di prodotti e la fornitura di beni, inclusa la fornitura di energia e i servizi di telefonia e assimilati. Possono svolgere compiti organizzativi di base dell'attività come smistare merci, prendere nota di quelle in entrata e in uscita dal negozio, incassare i corrispettivi delle vendite e mansioni organizzative simili.
CP-2021;4;5123;512;5.1.2.3;Addetti ad attività organizzative delle vendite;"Le professioni comprese in questa categoria svolgono, negli esercizi di vendita, attività di coordinamento e di supporto organizzativo; supervisionano e istruiscono gli addetti alle vendite, stabiliscono la suddivisione degli incarichi, curano l'allestimento delle merci negli scaffali, provvedono alla raccolta degli ordini, si assicurano che i clienti ricevano un servizio adeguato."
CP-2021;4;5124;512;5.1.2.4;Cassieri di esercizi commerciali;Le professioni comprese in questa categoria incassano il corrispettivo delle merci o dei servizi venduti all'ingrosso e al minuto, rilasciando apposita quietanza e mantenendo nota delle operazioni effettuate
CP-2021;4;5125;512;5.1.2.5;Venditori a domicilio, a distanza e professioni assimilate;"Le professioni comprese in questa categoria vendono vari tipi di merci o di servizi porta a porta, direttamente presso il domicilio di potenziali clienti; sollecitano ordini di merci o di servizi telefonando a possibili clienti o raggiungendoli con appositi programmi televisivi."
CP-2021;4;5126;512;5.1.2.6;Addetti ai distributori di carburanti ed assimilati;Le professioni comprese in questa categoria assistono i clienti sugli acquisti di carburanti e prodotti simili destinati al consumo finale. Possono svolgere compiti organizzativi di base dell'attività come smistare merci, prender nota di quelle in entrata e in uscita dall'esercizio, incassare i corrispettivi delle vendite e mansioni organizzative simili. Possono inoltre svolgere compiti semplici di supporto al mantenimento delle condizioni di efficienza degli autoveicoli dei clienti.
CP-2021;4;5131;513;5.1.3.1;Indossatori, modelli e professioni assimilate;Le professioni comprese in questa categoria posano per manifestazioni e produzioni artistiche o pubblicitarie, ovvero indossano e mostrano capi, accessori di abbigliamento ed altri prodotti in sfilate di moda o altre modalità di esposizione destinate a rivenditori o a consumatori.
CP-2021;4;5132;513;5.1.3.2;Dimostratori e professioni assimilate;Le professioni comprese in questa categoria rispondono alle domande e mostrano ai clienti le caratteristiche, la convenienza e le modalità d'uso di prodotti e merci per invogliarne l'acquisto.
CP-2021;4;5133;513;5.1.3.3;Vetrinisti e professioni assimilate;Le professioni comprese in questa categoria allestiscono vetrine ed espositori di attività commerciali, stand di fiere e di altre manifestazioni o attività simili, per mostrare campioni significativi delle merci in vendita e delle loro caratteristiche e sollecitare l'attenzione di potenziali clienti.
CP-2021;4;5134;513;5.1.3.4;Addetti all'informazione e all'assistenza dei clienti;Le professioni comprese in questa categoria informano o assistono direttamente i distributori o i consumatori finali su merci, prodotti o servizi.
CP-2021;4;5211;521;5.2.1.1;Esercenti nelle attività ricettive;"Le professioni comprese nella categoria definiscono, pianificano, implementano e gestiscono â€“ direttamente e senza supporti alle decisioni e all'organizzazione imprenditoriali, anche non specialistici â€“ le strategie e le politiche di vendita di esercizi di piccole dimensioni impiegati in attività ricettive; valutano i risultati dell'attività; negoziano con i fornitori e i clienti, programmano e controllano l'uso efficiente delle risorse; reclutano personale e definiscono i processi di innovazione organizzativa e gestionale. Sono direttamente impegnati nell'accogliere, assistere, informare e consigliare gli avventori."
CP-2021;4;5221;522;5.2.2.1;Cuochi in alberghi e ristoranti;Le professioni comprese in questa categoria dirigono la preparazione o preparano direttamente su ordinazione del cliente cibi come antipasti, primi e secondi piatti, insalate e dessert a base di vegetali, di carni o di altri prodotti, curandone la presentazione, il condimento e la cottura. Predispongono menu giornalieri, ordinano gli alimenti e i prodotti necessari per la cucina, si occupano della loro conservazione e sovrintendono all'igiene dei luoghi e delle attrezzature per la preparazione.
CP-2021;4;5222;522;5.2.2.2;Addetti alla preparazione, alla cottura e alla distribuzione di cibi;"Le professioni comprese in questa categoria cucinano grandi quantità di cibi per la ristorazione collettiva di scuole, ospedali, mense aziendali o altre istituzioni seguendo menu predefiniti; in esercizi con menu limitati, in fast food o in attività, anche ambulanti, che offrono cibi che richiedono tempi brevi di preparazione; provvedono a servire dai banconi vivande, alimenti e bevande agli avventori di mense, fast-food, tavole calde ed esercizi assimilati; confezionano cibi precotti o crudi a base di vegetali, carni o altri prodotti. Curano la conservazione degli alimenti e sovrintendono all'igiene dei luoghi e delle attrezzature."
CP-2021;4;5223;522;5.2.2.3;Camerieri e professioni assimilate;"Le professioni comprese in questa categoria assistono i clienti degli esercizi pubblici nei loro bisogni e curano le loro richieste, ovvero li accolgono e li accompagnano al momento dell'arrivo e della partenza negli esercizi alberghieri, governano i piani e le stanze d'albergo; fanno accomodare e assistono i clienti ai tavoli nei ristoranti, prendono le ordinazioni e le sottopongono in cucina, consigliano e informano sui cibi, sui vini e sugli alcolici da abbinare e li servono secondo le regole, preparano e sottopongono il conto; sovrintendono e provvedono alla cura e all'igiene dei luoghi e delle attrezzature."
CP-2021;4;5224;522;5.2.2.4;Baristi e professioni assimilate;"Le professioni comprese in questa categoria preparano e servono bevande e snack ai clienti direttamente o tramite camerieri nei bar, nei ristoranti e in altri esercizi pubblici; sovrintendono e provvedono alla cura e all'igiene dei luoghi e delle attrezzature."
CP-2021;4;5225;522;5.2.2.5;Esercenti nelle attività di ristorazione;"Le professioni comprese in questa categoria definiscono, pianificano, implementano e gestiscono â€“ direttamente e senza supporti alle decisioni e all'organizzazione imprenditoriali, anche non specialistici â€“ le strategie e le politiche di vendita di ristoranti, bar, fast food, pizzerie ed altre attività di ristorazione di piccole dimensioni, anche svolte nei mercati o in posti fissi assegnati; valutano i risultati dell'attività; negoziano con i fornitori e i clienti, programmano e controllano l'uso efficiente delle risorse; reclutano personale e definiscono i processi di innovazione organizzativa e gestionale. Sono direttamente impegnati nell'accogliere, assistere, informare e consigliare gli avventori."
CP-2021;4;5231;523;5.2.3.1;Hostess, steward e professioni assimilate;"Le professioni comprese in questa categoria ricevono e assistono i clienti nei viaggi aerei; nei viaggi e nelle crociere marittime e terrestri e nelle manifestazioni congressuali e fieristiche."
CP-2021;4;5232;523;5.2.3.2;Accompagnatori turistici;Le professioni comprese in questa categoria assistono e accompagnano visitatori e turisti nei giri panoramici e nelle visite a scorci, a quartieri e a luoghi suggestivi di città.
CP-2021;4;5311;531;5.3.1.1;Professioni qualificate nei servizi sanitari e sociali ;"Le professioni comprese in questa categoria supportano il personale sanitario nella somministrazione di terapie e nella sorveglianza e nella tutela dell'igiene e della sicurezza sanitaria pubblica; effettuano assistenza fisico manuale svolgendo, nell'ambito delle proprie competenze, la prevenzione, la cura, la riabilitazione e il recupero funzionale mediante massoterapia, balneoterapia e idroterapia; svolgono interventi di assistenza finalizzati a soddisfare i bisogni primari dei pazienti; si occupano dello sviluppo psicologico, motorio, ludico e sanitario dei bambini."
CP-2021;4;5411;541;5.4.1.1;Esercenti di cinema, teatri e attività sportive e ricreative;"Le professioni comprese in questa categoria definiscono, pianificano, implementano e gestiscono â€“ direttamente e senza supporti alle decisioni e all'organizzazione imprenditoriali, anche non specialistici â€“ le strategie e le politiche di vendita nei cinema e teatri; nei locali notturni e discoteche; nelle attività ricreative; di palestre e di altri impianti sportivi; di sale scommesse di piccole dimensioni; valutano i risultati dell'attività; negoziano con i fornitori e i clienti, programmano e controllano l'uso efficiente delle risorse; reclutano personale e definiscono i processi di innovazione organizzativa e gestionale. Sono direttamente impegnati nell'accogliere, assistere, informare e consigliare gli avventori."
CP-2021;4;5412;541;5.4.1.2;Allibratori, croupiers e professioni assimilate;Le professioni comprese in questa categoria accettano puntate e scommesse in denaro su gare sportive, giochi d'azzardo esercitati in luoghi consentiti, ricevono puntate per il gioco del lotto e per giochi simili, pagano le somme dovute in caso di vincita.
CP-2021;4;5413;541;5.4.1.3;Astrologi, preveggenti, chiromanti e professioni assimilate;Le professioni comprese in questa categoria predicono il futuro alle persone, le informano sugli esiti delle loro azioni e dei loro comportamenti, danno indicazione per prevenire eventuali esiti negativi auspicando eventi positivi attraverso l'astrologia, la chiromanzia, la lettura della mano ed altre pratiche simili.
CP-2021;4;5511;551;5.5.1.1;Acconciatori;Le professioni comprese in questa categoria forniscono servizi di cura estetica e cosmetica della persona, massaggiano, trattano il cuoio capelluto e applicano parrucche, tagliano, spuntano, lavano e danno forma a capelli e barbe.
CP-2021;4;5512;551;5.5.1.2 ;Estetisti e truccatori;Le professioni comprese in questa categoria applicano trucchi, eliminano peli superflui, forniscono servizi di manicure e di pedicure, eseguono trattamenti e massaggi cosmetici sul corpo per migliorarne l'aspetto estetico.
CP-2021;4;5513;551;5.5.1.3 ;Massaggiatori ed operatori termali;Le professioni comprese in questa categoria eseguono trattamenti termali (fanghi, inalazioni, ecc.) e massaggi per tonificare il corpo e migliorare il benessere della persona.
CP-2021;4;5521;552;5.5.2.1 ;Personale di compagnia e personale qualificato di servizio alle famiglie;Le professioni comprese in questa categoria offrono alle famiglie servizi qualificati di assistenza domestica, di compagnia alle persone, di supervisione e governo della casa e delle attività familiari, e servizi simili.
CP-2021;4;5522;552;5.5.2.2;Addetti alla sorveglianza di bambini e professioni assimilate;Le professioni comprese in questa categoria sorvegliano le attività ludiche dei bambini e li assistono nei loro bisogni presso le famiglie o nelle istituzioni, li intrattengono facendoli giocare, li accompagnano e li riprendono nei luoghi delle attività quotidiane.
CP-2021;4;5523;552;5.5.2.3;Addetti all'assistenza personale;Le professioni comprese in questa unità assistono, nelle istituzioni o a domicilio, le persone anziane, in convalescenza, disabili, in condizione transitoria o permanente di non autosufficienza o con problemi affettivi, le aiutano a svolgere le normali attività quotidiane, a curarsi e a mantenere livelli accettabili di qualità della vita.
CP-2021;4;5531;553;5.5.3.1;Addestratori di animali;Le professioni comprese in questa categoria domano e addestrano gli animali per farli partecipare a competizioni sportive e a mostre, per far loro eseguire determinati compiti e prestazioni, per garantire sicurezza al padrone e alle sue proprietà, obbedienza ai comandi e assistenza a persone disabili, li abituano al contatto, alla voce umana e li condizionano a rispondere a comandi prestabiliti.
CP-2021;4;5532;553;5.5.3.2 ;Custodi e allevatori di animali domestici e da esposizione;Le professioni comprese in questa unità allevano, custodiscono, alimentano, assistono, curano, puliscono e mantengono in forma animali domestici e/o da esibizione, non da produzione, presso canili, zoo, ricoveri, acquari ed altri ambienti.
CP-2021;4;5541;554;5.5.4.1 ;Esercenti di agenzie per il disbrigo di pratiche e professioni assimilate;"Le professioni comprese in questa categoria definiscono, pianificano, implementano e gestiscono - direttamente e senza supporti alle decisioni e all'organizzazione imprenditoriali, anche non specialistici - le strategie e le politiche di agenzie per il disbrigo di pratiche di piccole dimensioni, valutano i risultati dell'attività; negoziano con i fornitori e i clienti, programmano e controllano l'uso efficiente delle risorse; reclutano personale e definiscono i processi di innovazione organizzativa e gestionale. Sono direttamente impegnati nell'attività lavorativa propria dell'esercizio."
CP-2021;4;5542;554;5.5.4.2 ;Addetti di agenzie per il disbrigo di pratiche e professioni assimilate;Le professioni comprese in questa categoria assistono le persone e le famiglie nel disbrigo di pratiche amministrative, curano ricerche documentali per i clienti, li informano e li guidano nelle procedure di attestazione, di certificazione, di ricorso e di stipula di accordi con terze parti.
CP-2021;4;5551;555;5.5.5.1 ;Esercenti di agenzie di pompe funebri;"Le professioni comprese nella categoria definiscono, pianificano, implementano e gestiscono - direttamente e senza supporti alle decisioni e all'organizzazione imprenditoriali, anche non specialistici - le strategie e le politiche di agenzie di onoranze funebri di piccole dimensioni, valutano i risultati dell'attività; negoziano con i fornitori e i clienti, programmano e controllano l'uso efficiente delle risorse; reclutano personale e definiscono i processi di innovazione organizzativa e gestionale. Sono direttamente impegnati nell'attività lavorativa propria dell'esercizio."
CP-2021;4;5552;555;5.5.5.2 ;Addetti alle agenzie di pompe funebri;"Le professioni comprese in questa categoria preparano i corpi dei deceduti per il funerale, dispongono la bara nella camera ardente o nella cappella prima del rito funebre; sistemano i fiori o le luci attorno alla bara; guidano od accompagnano i partecipanti al funerale; chiudono la bara e sbrigano le procedure di tumulazione."
CP-2021;4;5611;561;5.6.1.1 ;Personale di guardiania territoriale;Le professioni comprese in questa categoria tutelano l'integrità del demanio comunale e controllano l'applicazione sul territorio delle norme e dei regolamenti che lo tutelano.
CP-2021;4;5612;561;5.6.1.2 ;Vigili urbani;Le professioni comprese in questa categoria assicurano il rispetto delle norme e dei regolamenti cittadini, regolano il traffico, pattugliano le strade, prevengono o sanzionano infrazioni, controllano l'esercizio del commercio, visitano mercati, negozi e locali pubblici controllando l'igiene e la provenienza delle merci vendute, forniscono informazioni sulla città, collaborano con le forze dell'ordine nella tutela della sicurezza dei cittadini.
CP-2021;4;5613;561;5.6.1.3 ;Agenti della polizia di stato e professioni assimilate;"Le professioni comprese in questa categoria fanno rispettare le leggi, proteggono le persone e la proprietà, prevengono e reprimono reati, perlustrano il territorio intervenendo in caso di reati, incidenti e situazioni di pericolo o di emergenza, scortano persone, mezzi di trasporto, valori, svolgono attività investigative su attività criminali e notizie di reato; prevengono, ricercano e denunciano evasioni e violazioni finanziarie, vigilano sull'adempimento delle disposizioni di interesse politico-economico, pattugliano il mare per fini di polizia finanziaria, collaborano nella difesa delle frontiere e svolgono attività di polizia doganale; tutelano l'ambiente, il paesaggio e l'ecosistema, intervengono nelle situazioni di emergenza, nelle catastrofi naturali occupandosi dei soccorsi e di protezione civile, intervengono a difesa del suolo, sorvegliano i parchi nazionali e le riserve naturali dello Stato, controllano il commercio internazionale delle specie animali e vegetali in estinzione, reprimono le frodi in campo agroalimentare e forestale, svolgono compiti di polizia venatoria e di controllo sulla pesca nelle acque interne."
CP-2021;4;5614;561;5.6.1.4 ;Vigili del fuoco e professioni assimilate;"Le professioni comprese in questa categoria prevengono, controllano ed estinguono gli incendi, intervengono nelle situazioni di emergenza quando sono in pericolo la vita, la proprietà o l'ambiente, intervengono in caso di calamità naturali, incidenti, verificano la rispondenza di impianti ed attrezzature alle norme antincendio e di sicurezza; esercitano la vigilanza antincendio in boschi, impianti e locali pubblici."
CP-2021;4;5615;561;5.6.1.5 ;Agenti di istituti di pena e rieducazione;Le professioni comprese in questa categoria sorvegliano i detenuti all'interno degli istituti di pena e di rieducazione, durante il trasferimento tra gli istituti di pena, tra questi e il tribunale o altri luoghi, in conformità con i regolamenti e con le procedure stabilite.
CP-2021;4;5616;561;5.6.1.6 ;Guardie private di sicurezza;"Le professioni comprese in questa categoria tutelano la proprietà privata e la sicurezza di persone, organizzazioni o imprese; vigilano sulla integrità delle persone e dei beni protetti; prevengono intrusioni ed usi non autorizzati negli edifici."
CP-2021;4;5617;561;5.6.1.7 ;Bagnini e professioni assimilate;"Le professioni comprese in questa categoria curano la sicurezza dei bagnanti in piscina e su spiaggia, controllano le condizioni del mare e suggeriscono ai bagnanti i comportamenti pi&ugrave; opportuni; controllano le persone nell'acqua e intervengono in caso di pericolo o rischio di annegamento; somministrano i primi soccorsi in caso di incidente in acqua. La professione di bagnino pu&ograve; essere regolata da normativa pubblica."
CP-2021;4;5618;561;5.6.1.8 ;Esercenti di garage ed autorimesse;"Le professioni comprese in questa categoria definiscono, pianificano, implementano e gestiscono â€“ direttamente e senza supporti alle decisioni e all'organizzazione imprenditoriali, anche non specialistici â€“ le strategie e le politiche di conduzione di garage, autorimesse e parcheggi all'aperto; valutano i risultati dell'attività; negoziano con i fornitori e i clienti, programmano e controllano l'uso efficiente delle risorse; reclutano personale e definiscono i processi di innovazione organizzativa e gestionale. Sono direttamente impegnati nell'attività lavorativa propria dell'esercizio."
CP-2021;4;6111;611;6.1.1.1;Brillatori (addetti alle esplosioni);Le professioni comprese in questa categoria preparano e innescano esplosivi, ne determinano la quantità e li posizionano nei modi più adeguati a far esplodere la roccia necessaria per creare tunnel e gallerie, ovvero per ricavare i minerali in cave e miniere. Curano le norme di sicurezza legate all'esercizio della loro attività e la stessa conservazione in sicurezza degli esplosivi e degli apparati detonanti.
CP-2021;4;6112;611;6.1.1.2;Tagliatori di pietre, scalpellini e marmisti;"Le professioni comprese in questa categoria eseguono operazioni di prima, seconda lavorazione e finitura di pietre, marmi, ardesie, alabastro ed affini; tagliano, squadrano e sgrossano il materiale in cava, ovvero lo preparano per l’uso e gli danno la forma voluta modellandolo a scalpello, tagliandolo, fresandolo o molandolo, lucidano o bocciardano le singole parti del prodotto; progettano come realizzarle, le montano o le riparano."
CP-2021;4;6113;611;6.1.1.3;Coltivatori di saline;Le professioni comprese in questa categoria si occupano delle diverse operazioni connesse all’alimentazione con acqua marina delle saline, procedono alle fasi della loro coltivazione, raccolgono e raffinano il sale prodotto.
CP-2021;4;6121;612;6.1.2.1;Muratori in pietra, mattoni, refrattari;"Le professioni comprese in questa categoria costruiscono strutture edili in muratura, interpretano e traducono operativamente i disegni e le indicazioni del progettista; scelgono e predispongono gli impasti e le malte adatte ai materiali utilizzati e al tipo di muratura da edificare, sagomano e posano in opera pietre e mattoni e materiali refrattari."
CP-2021;4;6122;612;6.1.2.2;Muratori in cemento armato;"Le professioni comprese in questa categoria costruiscono strutture edili in cemento armato armando e predisponendo la ferratura delle forme di colata; montano e smontano i casseri e le strutture in cui colare gli impasti; preparano le miscele di sabbie, pietrisco e cemento più adatte, preparano e colano gli impasti di calcestruzzo edificando le strutture progettate."
CP-2021;4;6123;612;6.1.2.3;Carpentieri e falegnami nell'edilizia (esclusi i parchettisti);Le professioni comprese in questa categoria costruiscono, montano e manutengono i manufatti in legno che fanno da base o da supporto alle operazioni di costruzione di opere edili, quali le armature e le puntellature volte a sorreggere strutture e a contenere le colate in calcestruzzo e cemento o le controforme per particolari murature e colate.
CP-2021;4;6124;612;6.1.2.4;Ponteggiatori;Le professioni comprese in questa categoria costruiscono ed installano ponteggi in ferro o in legno per consentire l’accesso alle strutture di edifici in costruzione, l’innalzamento delle strutture murarie e la tinteggiatura, pulizia o manutenzione delle stesse.
CP-2021;4;6125;612;6.1.2.5;Armatori di gallerie, addetti all'armamento ferroviario e professioni assimilate;"Le professioni comprese in questa categoria costruiscono e rinforzano con strutture di sostegno gallerie, cunicoli e piccoli tunnel di comunicazione; preparano le massicciate, posizionano le traversine, posano i binari, montano e manutengono ferrovie e altre strade ferrate."
CP-2021;4;6126;612;6.1.2.6;Pavimentatori stradali e professioni assimilate;"Le professioni comprese in questa categoria pavimentano strade e altre superfici utilizzando tecniche e materiali diversi; preparano impasti bituminosi per gli asfalti, li posano preparando il substrato, ne verificano l’adesione e li comprimono per raggiungere la giusta compattezza e resistenza alle sollecitazioni; le lastricano con colate di cemento, posando lastre di materiali diversi, selci, ciottoli o altri materiali resistenti all’attrito."
CP-2021;4;6127;612;6.1.2.7;Montatori di manufatti prefabbricati e di preformati;Le professioni comprese in questa categoria edificano manufatti montando e assemblando, su adeguati basamenti e supporti, parti prefabbricate o preformate in cemento armato o in altri materiali usati in edilizia, le saldano fra loro rendendo agibili per gli usi previsti le strutture così costruite.
CP-2021;4;6131;613;6.1.3.1;Copritetti e professioni assimilate;"Le professioni comprese in questa categoria si occupano della sistemazione definitiva dei tetti e della relativa manutenzione, rivestono i solai con asfalto, bitume, tegole, legno o altri materiali; installano grondaie e pluviali, ed eseguono lavori di impermeabilizzazione e coibentazione."
CP-2021;4;6132;613;6.1.3.2;Pavimentatori e posatori di rivestimenti;"Le professioni comprese in questa categoria si occupano della rifinitura delle pareti e dei piani di calpestio degli edifici posando e riparando pavimenti e parquet in legno o in altri materiali sintetici, in mosaico, marmo, pietra, ceramica, cotto, vetrocemento o in altri materiali duri; ne eliminano le imperfezioni di posa arrotandoli, lucidandoli e curandone la manutenzione; rivestono le pareti applicando maioliche, marmi, pietre, ceramiche o altri materiali duri da rifinitura e ornamento."
CP-2021;4;6133;613;6.1.3.3;Intonacatori;Le professioni comprese in questa categoria preparano le malte, i gessi o altri materiali da rinzaffo e intonacatura, li stendono in uno o più strati sulle pareti grezze del fabbricato rifinendole per agevolarne la pittura o l'applicazione di rivestimenti di altro tipo.
CP-2021;4;6134;613;6.1.3.4;Installatori di impianti di isolamento e insonorizzazione;Le professioni comprese in questa categoria provvedono alla scelta e alla installazione di barriere fisiche, quali pannelli, schiume e resine dotate di proprietà coibentanti e fonoassorbenti, contenute all'interno di opere murarie o a vista, per ridurre gli scambi energetici fra l’interno e l’esterno degli edifici e/o per attenuare la rumorosità ambientale.
CP-2021;4;6135;613;6.1.3.5;Vetrai;Le professioni comprese in questa categoria provvedono alla scelta, al taglio, alla lavorazione, alla sostituzione e alla installazione di vetri e specchi su porte, finestre, lucernai, vetrine, espositori, facciate di edifici, pareti interne, soffitti, ripiani garantendo la sicurezza delle installazioni, la loro tenuta statica e le condizioni per resistere agli agenti atmosferici e alle sollecitazioni standard per gli usi individuati.
CP-2021;4;6136;613;6.1.3.6;Idraulici e posatori di tubazioni idrauliche e di gas;"Le professioni comprese in questa categoria si occupano della costruzione, della messa in opera secondo le norme e della manutenzione degli impianti idraulici e termici nei manufatti edilizi; installano, riparano e manutengono le tubazioni di scarico delle acque reflue e di adduzione di gas e di acqua potabile o sanitaria, calda o fredda, ai servizi di abitazioni o di altre costruzioni civili, ne definiscono e ne regolano la portata considerando le pressioni disponibili e le pendenze da superare, utilizzano i materiali prescritti dalle norme; installano, riparano e manutengono gli impianti di riscaldamento e di condizionamento degli edifici utilizzando le tubature di alimentazione, le superfici e i sistemi radianti, i supporti, le coibentazioni e le apparecchiature prescritti dalle norme."
CP-2021;4;6137;613;6.1.3.7;Elettricisti nelle costruzioni civili e professioni assimilate;Le professioni comprese in questa categoria si occupano della installazione, della riparazione e della manutenzione, secondo norma, degli impianti elettrici di edifici adibiti ad usi civili o provvedono all’adattamento di impianti elettrici già esistenti installando linee, interruttori e prese adatti all’assorbimento di energia delle singole apparecchiature previste, sistemi di illuminazione, apparati di sicurezza, linee telefoniche, televisive e di trasmissione dati.
CP-2021;4;6138;613;6.1.3.8;Installatori di infissi e serramenta;Le professioni comprese in questa categoria installano, riparano e manutengono infissi, avvolgibili, serrande ed altra serramenteria all’ interno o all’esterno degli edifici.
CP-2021;4;6141;614;6.1.4.1;Pittori, stuccatori, laccatori e decoratori;"Le professioni comprese in questa categoria si occupano della finitura di pareti, superfici o di altri elementi di costruzioni e manufatti edili; pitturano e decorano pareti, impianti, edifici, ponti ed altri manufatti edili; applicano stucchi ornamentali e realizzano decorazioni a stucco; tracciano e realizzano segnaletiche orizzontali di strade o di altre strutture; dipingono insegne, cartelli ed indicazioni."
CP-2021;4;6142;614;6.1.4.2;Pulitori di facciate;Le professioni comprese in questa categoria provvedono alla rimozione dalle facciate degli edifici o di altri manufatti edili di patine e sedimenti depositati nel tempo da agenti atmosferici o di altro tipo, utilizzando tecniche di intervento fisico (scrostatura manuale, lavaggio, acqua o sabbia in pressione, vapore) o chimico (solventi, acidi o altri agenti) e all’eventuale applicazione di materiali protettivi.
CP-2021;4;6151;615;6.1.5.1;Operai addetti ai servizi di igiene e pulizia;"Le professioni comprese in questa categoria svolgono attività di igienizzazione su vasta scala degli ambienti interni ed esterni di edifici e di altri manufatti edili, in genere con l'ausilio di macchinari, tecniche e materiali specifici; ne eseguono la pulizia straordinaria; la disinfezione e la disinfestazione da parassiti, roditori o da altri animali."
CP-2021;4;6152;615;6.1.5.2;Operai addetti alla manutenzione degli impianti fognari e professioni assimilate;Le professioni comprese in questa categoria svolgono costruiscono, riparano e si occupano della manutenzione degli impianti fognari di edifici civili o di altri manufatti edili.
CP-2021;4;6211;621;6.2.1.1;Fonditori e animisti di fonderia;"Le professioni comprese in questa categoria si occupano della prima lavorazione dei metalli; fondono i metalli utilizzando appositi forni e crogioli; predispongono le forme entro cui colare il metallo fuso, colano, raffreddano ed estraggono il manufatto così realizzato."
CP-2021;4;6212;621;6.2.1.2;Saldatori e tagliatori a fiamma;Le professioni comprese in questa categoria eseguono, con cannelli a combustione controllata di gas, saldature di parti in metallo, tagliando parti di spessore e dimensioni diverse.
CP-2021;4;6213;621;6.2.1.3;Lattonieri e calderai, compresi i tracciatori;"Le professioni comprese in questa categoria si occupano della lavorazione della lamiera sottile ovvero creano manualmente manufatti e oggetti di lattoneria, di forma anche complessa, asportando e deformando, a freddo o a caldo, la lamiera; incidono o tracciano le linee che delimitano il materiale da asportare e i punti dove intervenire per formare, con lavorazioni successive, il manufatto progettato."
CP-2021;4;6214;621;6.2.1.4;Montatori di carpenteria metallica;Le professioni comprese in questa categoria si occupano, in officina o in cantiere della costruzione e dell’assemblaggio di elementi e giunti metallici di strutture portanti, di tubi e di condotte in campo civile, navale, aeronautico e ferroviario.
CP-2021;4;6215;621;6.2.1.5;Attrezzatori e montatori di cavi metallici per uso industriale e di trasporto;Le professioni comprese in questa categoria predispongono, posano e montano cavi metallici di sostegno di strutture fisse (ponti sospesi) o semoventi per il trasporto di merci o passeggeri (ascensori, impianti di sollevamento, funivia, ponti levatoi, etc.).
CP-2021;4;6216;621;6.2.1.6;Sommozzatori e lavoratori subacquei;Le professioni comprese in questa categoria costruiscono, montano, riparano o manutengono strutture e manufatti (metallici) posati al di sotto della superficie del mare.
CP-2021;4;6217;621;6.2.1.7;Specialisti di saldatura elettrica ed a norme ASME;Le professioni comprese in questa categoria si occupano della saldatura elettrica di parti in metallo con strumenti o tecnologie diverse, in officina o in cantiere.
CP-2021;4;6218;621;6.2.1.8;Lastroferratori;"Le professioni comprese in questa categoria lavorano lamiere non sottili ovvero riparano carrozzerie e scocche e le costruiscono artigianalmente; tagliano, piegano e lavorano lamiere, per asportazione e deformazione, per costruire stampi o altri manufatti."
CP-2021;4;6221;622;6.2.2.1;Fabbri, lingottai e operatori di presse per forgiare;"Le professioni comprese in questa categoria lavorano manualmente, anche con l’ausilio di macchine non automatiche o semi-automatiche, lingotti, lamiere e profilati in metallo ovvero realizzano sia singoli manufatti in ferro, bronzo, alluminio, metallo, ottone che manufatti composti da più parti che assemblano; trasformano e modellano a caldo, nei manufatti progettati, lingotti o profilati metallici."
CP-2021;4;6222;622;6.2.2.2;Costruttori di utensili modellatori e tracciatori meccanici;Le professioni comprese in questa categoria costruiscono, manualmente o con l’ausilio di macchine non automatiche o semi-automatiche, utensili e attrezzi, tracciano e modellano i blocchi di metallo per realizzare l’utensile o il manufatto progettato.
CP-2021;4;6223;622;6.2.2.3;Attrezzisti di macchine utensili e professioni assimilate;"Le professioni comprese in questa categoria provvedono alla preparazione di macchine utensili di precisione e alla realizzazione, con tali macchine, del primo pezzo o di manufatti non in serie ovvero provvedono ad attrezzare e a tarare torni, presse, fresatrici con gli utensili necessari al tipo di lavorazione da eseguire; rifiniscono, manualmente o con l’impiego di tali macchine utensili, le superfici, piane o curve, di manufatti in metallo, eseguendo la rettifica di precisione di superfici curve per eliminare imperfezioni o deformazioni delle stesse, portandole alle dimensioni previste; provvedono all’aggiustamento e alla correzione manuale degli utensili da utilizzare ed eventualmente degli stessi manufatti realizzati."
CP-2021;4;6231;623;6.2.3.1;Meccanici artigianali, riparatori e manutentori di automobili e professioni assimilate;"Le professioni comprese in questa categoria provvedono alla manutenzione dei veicoli a motore e non e di altri congegni meccanici non di uso industriale ovvero identificano e rimuovono le cause di malfunzionamento, riparando i guasti o sostituendo i componenti danneggiati dei motori, dei loro sistemi di alimentazione e di raffreddamento, degli apparati di trasmissione e di guida di veicoli a motore terrestri e di motocicli; riparano e sostituiscono pneumatici equilibrandoli e tarando l’assetto di guida dei veicoli; riparano biciclette e veicoli non a motore e le loro parti."
CP-2021;4;6232;623;6.2.3.2;Meccanici e riparatori di motori di aerei;Le professioni comprese in questa categoria svolgono attività sistematiche di controllo e manutenzione delle parti meccaniche e dei motori degli aeromobili, ne diagnosticano i malfunzionamenti, ne identificano e prevengono eventuali cause, definiscono le modalità di intervento nel rispetto delle normative internazionali, sostituiscono le parti non funzionanti con pezzi di ricambio o intervengono con specifiche tecnologie e attrezzature per il loro ripristino.
CP-2021;4;6233;623;6.2.3.3;Meccanici e montatori di macchinari industriali ed assimilati;"Le professioni comprese in questa categoria si occupano della manutenzione e dell’installazione di macchinari ed impianti industriali ovvero costruiscono artigianalmente, manutengono e riparano, in officina o sugli impianti stessi, macchinari e impianti industriali o le loro parti; montano i loro componenti nei luoghi di installazione partendo da progetti, istruzioni o da altre rappresentazioni, verificano la corrispondenza del contesto ai requisiti richiesti, modificano o adattano eventualmente le parti da montare e collaudano le macchine o gli impianti così realizzati."
CP-2021;4;6234;623;6.2.3.4;Frigoristi;Le professioni comprese in questa categoria installano, manutengono e riparano macchine e impianti frigoriferi ad uso industriale o le loro parti, impianti e sistemi di refrigerazione e di condizionamento e i relativi componenti a bordo di navi o di altri mezzi di trasporto marittimo.
CP-2021;4;6235;623;6.2.3.5;Meccanici e montatori di apparecchi industriali termici, idraulici e di condizionamento;"Le professioni comprese in questa categoria riparano e manutengono in ambito industriale gli impianti e gli apparecchi di riscaldamento e di condizionamento dell’aria, dell’acqua o di altri fluidi; installano e montano le loro parti, verificano i contesti dove impianti e apparati opereranno, individuando gli adattamenti e le installazioni più adeguate, collaudano e verificano le condizioni di operatività dei sistemi installati."
CP-2021;4;6236;623;6.2.3.6;Meccanici collaudatori;Le professioni comprese in questa categoria svolgono collaudano e verificando l'effettivo rispetto degli standard fisici e di prestazione progettati di motori, macchine e alti apparati meccanici, attraverso operazioni di misura – manuali o supportate da tecnologie ed attrezzature particolari – sul complesso dell’apparato o sulle sue singole parti, siano esse fisse o in movimento.
CP-2021;4;6237;623;6.2.3.7;Verniciatori artigianali ed industriali;Le professioni comprese in questa categoria preparano, scegliendo e operando i trattamenti preliminari, superfici metalliche e le verniciano utilizzando tecnologie e attrezzature prevalentemente manuali.
CP-2021;4;6238;623;6.2.3.8;Meccanici e attrezzisti navali;"Le professioni comprese in questa categoria provvedono alla manutenzione e alla riparazione delle macchine di bordo ovvero riparano, adattano o realizzano, con le macchine utensili disponibili a bordo, parti o pezzi di ricambio dei diversi apparati meccanici; identificano e rimuovono le cause di malfunzionamento, riparando i guasti o sostituendo i componenti danneggiati dei motori, degli apparati di trasmissione del moto e di guida della nave."
CP-2021;4;6241;624;6.2.4.1;Installatori e riparatori di apparati elettrici ed elettromeccanici;"Le professioni comprese in questa categoria, considerando disegni o altre rappresentazioni schematiche installano, riparano, sostituiscono parti e testano apparati di distribuzione, trasformazione ed utilizzo dell'energia elettrica, ovvero installano, riparano e verificano impianti elettrici industriali o specifici per particolari apparati, cabine e trasformatori elettrici; riparano elettrodomestici o altri apparati e apparecchi elettrici; costruiscono -manualmente o con l’ausilio di attrezzature semi-automatiche- montano, riparano e testano avvolgimenti per bobine, rotori e statori di apparati di trasformazione dell’energia elettrica; installano, riparano e manutengono apparati di produzione e conservazione dell’energia elettrica e i relativi sistemi di controllo e misura; installano, riparano e manutengono gli impianti e gli apparati elettrici degli autoveicoli."
CP-2021;4;6242;624;6.2.4.2;Manutentori e riparatori di apparati elettronici industriali e di misura;Le professioni comprese in questa categoria, considerando disegni o altre rappresentazioni schematiche riparano, sostituiscono parti e testano grandi apparati elettronici e strumenti elettronici di misura, agendo in laboratorio o direttamente sui luoghi in cui sono installati.
CP-2021;4;6243;624;6.2.4.3;Riparatori di apparecchi radio, televisivi e assimilati;Le professioni comprese in questa categoria, considerando disegni o altre rappresentazioni schematiche, riparano, sostituiscono parti e testano apparecchi di ricezione radio-televisiva, agendo in laboratorio o direttamente sui luoghi in cui sono installati.
CP-2021;4;6244;624;6.2.4.4;Installatori e riparatori di apparati di telecomunicazione;Le professioni comprese in questa categoria considerando disegni o altre rappresentazioni schematiche, installano, riparano, sostituiscono parti e testano apparati telefonici e di telecomunicazione, agendo in laboratorio, in centrali di commutazione, lungo le reti fisiche o direttamente sui luoghi in cui sono installati.
CP-2021;4;6245;624;6.2.4.5;Installatori di linee elettriche, riparatori e cavisti;Le professioni comprese in questa categoria posano, riparano e manutengono i cavi di elettrodotti e di altre linee aeree e sotterranee di distribuzione di energia elettrica ad alta ed a bassa tensione, ne curano la posa su isolatori o in sedi protette, la loro giunzione fisica e le connessioni con gli apparati di produzione, trasformazione ed utilizzo dell’energia trasportata.
CP-2021;4;6246;624;6.2.4.6;Installatori, manutentori e riparatori di apparecchiature informatiche;"Le professioni comprese in questa categoria installano, riparano e testano apparecchiature informatiche; installano, manutengono e sostituiscono parti di personal computer e delle loro componenti periferiche."
CP-2021;4;6311;631;6.3.1.1;Meccanici di precisione;"Le professioni comprese in questa categoria costruiscono, riparano e tarano strumenti e manufatti di precisione ovvero realizzano, anche con l’ausilio di macchine utensili semiautomatiche, montano, controllano e mettono a punto, riparano e sostituiscono parti di manufatti e di strumenti di precisione;"
CP-2021;4;6312;631;6.3.1.2;Meccanici e riparatori di protesi (dentali ed ortopediche);Le professioni comprese in questa categoria realizzano e riparano protesi, ortesi, tutori ortopedici e simili per il ripristino delle funzionalità e la riduzione delle disabilità fisiche nell’uomo rispettando standard medicali e sottoponendo gli apparecchi realizzati a collaudo tecnico.
CP-2021;4;6313;631;6.3.1.3;Artigiani ed operai addetti alla costruzione, al montaggio e all'accordatura di strumenti musicali;"Le professioni comprese in questa categoria accordano strumenti nei laboratori e nei luoghi in cui sono collocati, utilizzando l’apposita strumentazione di paragone e intonandoli anche secondo il tipo di musica da suonare e i gusti dello strumentista; costruiscono artigianalmente, riparano, restaurano e si occupano della manutenzione di strumenti musicali e delle loro parti non elettroniche."
CP-2021;4;6314;631;6.3.1.4;Addetti alla costruzione e riparazione di orologi;Le professioni comprese in questa categoria costruiscono, riparano e manutengono orologi di vario tipo e dimensione.
CP-2021;4;6315;631;6.3.1.5;Costruttori di strumenti ottici e lenti;"Le professioni comprese in questa categoria lavorano il vetro o altri materiali adatti allo scopo per attribuirvi le proprietà richieste dalle lenti, ovvero rifiniscono e formano le lenti così realizzate anche per montarle su occhiali; costruiscono, montano, tarano e riparano apparecchiature ottiche per fini scientifici."
CP-2021;4;6316;631;6.3.1.6;Orafi, gioiellieri e professioni assimilate;"Le professioni comprese in questa categoria lavorano, anche artigianalmente, metalli, pietre preziose e materiali simili per produrre oggetti ornamentali ovvero costruiscono artigianalmente e riparano gioielli ed articoli di oreficeria; fondono, trafilano, formano, saldano, puliscono e levigano oro e altri metalli preziosi; tagliano, sfaccettano e levigano pietre preziose secondo modelli adatti ad amplificarne brillantezza e luce; costruiscono artigianalmente articoli di bigiotteria, rosari e articoli simili."
CP-2021;4;6321;632;6.3.2.1;Vasai e professioni assimilate (prodotti in ceramica ed abrasivi);"Le professioni comprese in questa categoria realizzano oggetti e manufatti utilizzando come materia prima impasti di terre e altri supporti inorganici lavorati e formati con stampi, torni o altre tecniche e successivamente sottoposti a varie tipologie di trattamenti termici ovvero lavorano e realizzano oggetti in terracotta, in maiolica, paste refrattarie e abrasive; oggetti e manufatti in ceramica e porcellana."
CP-2021;4;6322;632;6.3.2.2;Soffiatori, modellatori, tagliatori, molatori e levigatori di vetro;"Le professioni comprese in questa categoria lavorano il vetro per produrre oggetti e manufatti di varia natura ovvero fondono e modellano per soffiatura il vetro realizzando oggetti e manufatti di artigianato artistico; tagliano, molano e levigano a freddo e temperano il vetro con l’ausilio di macchine semiautomatiche realizzando vetrerie e manufatti in vetro di vario genere ed uso."
CP-2021;4;6323;632;6.3.2.3;Incisori ed acquafortisti su vetro;Le professioni comprese in questa categoria incidono il vetro con mezzi meccanici e chimici per realizzare oggetti e manufatti per fini decorativi.
CP-2021;4;6324;632;6.3.2.4;Pittori e decoratori su vetro e ceramica;Le professioni comprese in questa categoria decorano, argentano, dorano, laccano, smaltano e ritoccano manufatti finiti in vetro e ceramica.
CP-2021;4;6331;633;6.3.3.1;Artigiani delle lavorazioni artistiche del legno e di materiali assimilati;"Le professioni comprese in questa categoria lavorano artigianalmente il legno e i suoi derivati, ovvero intarsiano, incidono e intagliano il legno per realizzare oggetti e manufatti ornamentali o per decorare e impreziosire mobili, porte o altri prodotti in legno; riparano e restaurano mobili e oggetti ornamentali di particolare rifinitura, utilizzando legni pregiati; realizzano, rifiniscono e riparano oggetti e manufatti in cartapesta."
CP-2021;4;6332;633;6.3.3.2;Artigiani delle lavorazioni artistiche a mano di tessili, cuoio e simili;"Le professioni comprese in questa categoria lavorano artigianalmente tessuto e cuoio, ovvero realizzano manufatti e oggetti di artigianato artistico in tessuto, maglia o in altre fibre tessili; in cuoio, in pelle o materiali simili."
CP-2021;4;6341;634;6.3.4.1;Operatori delle attività poligrafiche di pre-stampa;Le professioni comprese in questa categoria si occupano della disposizione manuale con caratteri mobili, meccanica o digitale del testo, delle immagini e di altri segni da riprodurre sul supporto da stampare, definendo dimensioni delle immagini e dei caratteri, spaziature e crenature, allineamenti, interlinee e quant’altro necessario a disporre il tutto in modo ordinato, leggibile e ben organizzato allo sguardo o al tatto.
CP-2021;4;6342;634;6.3.4.2;Stampatori offset e alla rotativa;Le professioni comprese in questa categoria stampano testi, disegni, immagini ed altro materiale con macchine offset o di altro tipo basate sull’impressione di superfici curve, curano il posizionamento delle matrici, regolano l'inchiostratura, la successione dei supporti da stampare o la continuità della bobina di carta.
CP-2021;4;6343;634;6.3.4.3;Zincografi, stereotipisti ed elettrotipisti;Le professioni comprese in questa categoria generano la matrice di stampa utilizzando tecniche di incisione chimica, per calco o fusione del bassorilievo tipografico o per deposito elettrolitico o galvanoplastico.
CP-2021;4;6344;634;6.3.4.4;Artigiani incisori, acquafortisti, serigrafisti e professioni assimilate;"Le professioni comprese in questa categoria applicano tecniche di incisione manuale e chimica per generare tipi diversi di matrici da stampa, ovvero incidono su lastre metalliche protette da vernici asportando rispettivamente le immagini positive e negative con soluzioni chimiche; riportano gli oggetti da riprodurre su seta trattata con soluzioni fotosensibili, su pietre calcaree o su lastre di metallo poroso fissando, in positivo, sul supporto sostanze grasse idrorepellenti e lipofile."
CP-2021;4;6345;634;6.3.4.5;Rilegatori e professioni assimilate;Le professioni comprese in questa categoria assemblano, cuciono, incollano e rifilano i singoli fogli di carta stampata in blocchi e libri applicando copertine o altri tipi di rifiniture.
CP-2021;4;6411;641;6.4.1.1;Agricoltori e operai agricoli specializzati di colture in pieno campo;Le professioni classificate in questa categoria curano e mettono a produzione colture in pieno campo di cereali, verdure, tabacco, girasole, piante medicinali, fieno ed altre produzioni alimentari o destinate alla trasformazione e alla produzione industriale.
CP-2021;4;6412;641;6.4.1.2;Agricoltori e operai agricoli specializzati di coltivazioni legnose agrarie (vite, olivo, agrumi e alberi da frutta);Le professioni classificate in questa categoria curano e mettono a produzione viti, alberi da frutta e da legno, olivi ed altre produzioni legnose destinate all’alimentazione o alla trasformazione e alla produzione industriale.
CP-2021;4;6413;641;6.4.1.3;Agricoltori e operai agricoli specializzati di giardini e vivai, di coltivazioni di fiori e piante ornamentali, di ortive protette o di orti stabili;"Le professioni classificate in questa categoria producono in serre e in tutte le stagioni fiori, piante ornamentali e simili, allevano e selezionano in vivai piante destinate alle coltivazioni agricole; curano l'allestimento di aree verdi, coltivando piante ornamentali e sistemando le aiuole in parchi e giardini; coltivano in serre e in orti stabili o protetti ortaggi e prodotti agricoli fuori stagione destinati al consumo alimentare."
CP-2021;4;6414;641;6.4.1.4;Agricoltori e operai agricoli specializzati di colture miste;Le professioni classificate in questa categoria curano e mettono a produzione in modo non specialistico o univoco più tipologie di colture (in pieno campo, legnose, vivaistiche, terricole, ortive).
CP-2021;4;6421;642;6.4.2.1;Allevatori e operai specializzati degli allevamenti di bovini ed equini;Le professioni comprese in questa categoria allevano, per produrre carne, latte o altri prodotti, bovini ed equini mantenendoli in salute, alimentandoli in stalla o al pascolo, custodendoli, programmandone la riproduzione e assistendoli nei parti, occupandosi della manutenzione degli ambienti connessi all’attività produttiva e delle operazioni di mungitura e di trasformazione e conservazione del latte.
CP-2021;4;6422;642;6.4.2.2;Allevatori e operai specializzati degli allevamenti di ovini e caprini;Le professioni comprese in questa categoria allevano, per produrre carne, latte o altri prodotti, ovini e caprini mantenendoli in salute, alimentandoli in stalla o al pascolo, custodendoli, programmandone la riproduzione e assistendoli nei parti, occupandosi della manutenzione degli ambienti connessi all’attività produttiva e delle operazioni di mungitura e di trasformazione e conservazione del latte.
CP-2021;4;6423;642;6.4.2.3;Allevatori e operai specializzati degli allevamenti di suini;Le professioni comprese in questa categoria allevano, per produrre carne o altri prodotti, suini mantenendoli in salute, alimentandoli in stalla o al pascolo, custodendoli, programmandone la riproduzione e assistendoli nei parti, occupandosi della manutenzione degli ambienti connessi all’attività produttiva.
CP-2021;4;6424;642;6.4.2.4;Allevatori e operai specializzati degli allevamenti avicoli;Le professioni comprese in questa categoria allevano, per produrre carne, uova o altri prodotti, avicoli mantenendoli in salute, alimentandoli in luoghi di stabulazione o sull’aia, custodendoli, programmandone la riproduzione e incubando le uova, occupandosi della manutenzione degli ambienti connessi all’attività produttiva.
CP-2021;4;6425;642;6.4.2.5;Allevatori e operai specializzati degli allevamenti misti;Le professioni comprese in questa categoria allevano, per produrre carne, latte uova o altri prodotti, bestiame misto mantenendolo in salute, alimentandolo nei luoghi di stabulazione o sull’aia, custodendolo, programmandone la riproduzione e assistendoli nei parti o incubando le uova, occupandosi della manutenzione degli ambienti connessi all’attività produttiva.
CP-2021;4;6426;642;6.4.2.6;Allevatori e operai specializzati degli allevamenti di insetti;Le professioni comprese in questa categoria allevano insetti per produrre bozzoli da seta, miele o altri prodotti, custodendoli e occupandosi della manutenzione degli ambienti connessi all’attività produttiva.
CP-2021;4;6429;642;6.4.2.9;Altri allevatori e operai specializzati della zootecnia;Le professioni comprese in questa categoria allevano animali da selvaggina, da pelliccia e altri animali mantenendoli in salute, alimentandoli nei luoghi di stabulazione o sull’aia, custodendoli, programmandone la riproduzione, occupandosi della manutenzione degli ambienti connessi all’attività produttiva.
CP-2021;4;6431;643;6.4.3.1;Allevatori e agricoltori;Le professioni comprese in questa categoria curano e mettono a produzione in modo non specialistico o univoco una o più tipologie colturali e di allevamento, seminano, coltivano, raccolgono prodotti agricoli, allevano vari tipi di animali mantenendoli in salute, alimentandoli nei luoghi di stabulazione, custodendoli, programmandone la riproduzione e occupandosi della manutenzione degli ambienti connessi all’attività produttiva.
CP-2021;4;6441;644;6.4.4.1;Lavoratori forestali specializzati;"Le professioni comprese in questa categoria curano, conservano e rendono produttive risorse forestali abbattendo o sfoltendo e cimando alberi e arbusti per manutenere il bosco, produrre legna da ardere e legname per l’industria, eseguendo stoccaggi e prime lavorazioni; ripopolando di alberi, piante e animali selvatici gli ecosistemi boschivi; raccogliendo cortecce, sugheri e resine pregiate."
CP-2021;4;6451;645;6.4.5.1;Acquacoltori e professioni assimilate;Le professioni comprese in questa categoria allevano diverse specie ittiche, curandole, mantenendole in salute, alimentandole in bacini interni, marini o lacustri, programmandone la riproduzione, occupandosi della manutenzione, della pulizia e dell’igiene dei luoghi di allevamento e di altri ambienti connessi all’attività produttiva.
CP-2021;4;6452;645;6.4.5.2;Pescatori della pesca costiera ed in acque interne;Le professioni comprese in questa categoria si occupano della pesca costiera e in acque interne, svolgono tutte le operazioni relative alla ricerca, l’abbattimento e la cattura di specie ittiche o comunque acquatiche, quali crostacei, molluschi, spugne, telline, destinati all’alimentazione o alla trasformazione industriale.
CP-2021;4;6453;645;6.4.5.3;Pescatori d'alto mare;Le professioni comprese in questa categoria ricercano, abbattono e catturano in alto mare pesci, molluschi, crostacei, spugne ed altri prodotti acquatici destinati all’alimentazione o alla trasformazione industriale.
CP-2021;4;6454;645;6.4.5.4;Cacciatori;Le professioni comprese in questa categoria ricercano, catturano e abbattono selvaggina da carne o da pelliccia nel suo ambiente naturale.
CP-2021;4;6511;651;6.5.1.1;Macellai, pesciaioli e professioni assimilate;"Le professioni comprese in questa categoria lavorano o conservano carne o pesce freschi da destinare al consumo ovvero macellano gli animali, si occupano della scuoiatura, della pulitura, della sezionatura, del taglio, della pezzatura e dell’eventuale confezionamento e conservazione della carne fresca; tritano, speziano, salano, insaccano e conservano carni suine o di altri animali; puliscono, pezzano, salano, marinano prodotti ittici freschi; lavorano in cottura, affumicatura o con altre tecniche di conservazione carni e pesce da conservare."
CP-2021;4;6512;651;6.5.1.2;Panettieri e pastai artigianali;"Le professioni comprese in questa categoria lavorano le farine in prodotti alimentari per produrre pane e paste alimentari ovvero impastano artigianalmente uno o più tipi di farina con o senza lievito e danno all’impasto la forma e la dimensione del pane da infornare e destinare al consumo; impastano uno o più tipi di farine per produrre paste artigianali alimentari fresche ed essiccate, lavorate o meno con uova, anche ripiene, trafilate o lavorate con altre tecniche."
CP-2021;4;6513;651;6.5.1.3;Pasticcieri, gelatai e conservieri artigianali;"Le professioni comprese in questa categoria producono artigianalmente dolciumi ed altri alimenti, ovvero preparano e cuociono impasti dolci lievitati, creme, lavorano e montano panna, burro, uova e grassi vegetali, lavorano lo zucchero, grassi e polveri di cacao per produrre cioccolato; preparano miscele aromatiche e addensanti per realizzare creme gelato, gelati a base di frutta e granite aromatizzate; gelatinizzano e candiscono frutta ed altri prodotti vegetali, li lavorano e cuociono per produrre marmellate e conserve."
CP-2021;4;6514;651;6.5.1.4;Degustatori e classificatori di prodotti alimentari e di bevande;Le professioni comprese in questa categoria selezionano, classificano e valutano le caratteristiche organolettiche di prodotti alimentari e bevande, utilizzando i propri sensi e giudicando secondo standard predefiniti.
CP-2021;4;6515;651;6.5.1.5;Artigiani ed operai specializzati delle lavorazioni artigianali casearie;Le professioni comprese in questa categoria lavorano e trasformano latte di varia provenienza per produrre panna, burro, formaggi freschi e stagionati ed altri prodotti caseari.
CP-2021;4;6516;651;6.5.1.6;Operai della preparazione e della lavorazione delle foglie di tabacco;Le professioni comprese in questa categoria scelgono, essiccano, lavorano e trattano, sottoponendole a vari tipi di concia, le foglie di tabacco per produrre sigari, tabacco da masticare e miscele triturate da annusare o fumare in pipe o sigarette.
CP-2021;4;6521;652;6.5.2.1;Artigiani ed operai specializzati del trattamento del legno (curvature a vapore, stagionatura artificiale, trattamenti chimici);"Le professioni comprese in questa categoria provvedono al primo trattamento del legno ovvero tagliano e pezzano i tronchi tenendo conto dell'uso e del valore del materiale che si intende ottenere, provvedono alla stagionatura, naturale o in forno, del materiale ricavato e ad eventuali trattamenti chimici dello stesso; curvano e sagomano assi e tavole secondo standard predefiniti."
CP-2021;4;6522;652;6.5.2.2;Falegnami ed attrezzisti di macchine per la lavorazione del legno;"Le professioni comprese in questa categoria lavorano artigianalmente il legno realizzando infissi, mobili o altri manufatti, ovvero si occupano della sgrossatura e della prima trasformazione delle assi in legno con l’ausilio di macchine utensili manuali o semi automatiche (seghe a nastro e circolari, piallatrici, levigatrici, frese a pantografo); realizzano e riparano infissi, porte finestre e altri serramenti in legno, casse, botti, doghe bauli, carrozze, scheletri, sostegni e simili manufatti di carpenteria in legno; montano e smontano mobili e componenti di arredamento su misura e componibili, in legno ed altri materiali."
CP-2021;4;6523;652;6.5.2.3;Impagliatori, cestai, spazzolai, sugherai e professioni assimilate;"Le professioni comprese in questa categoria producono oggetti e manufatti lavorando artigianalmente fibre e materiali da intreccio, canne, sugheri e spugne ovvero trattano vimine, paglia e crine vegetale per realizzare cappelli, cesti, canestri, pennelli, spazzole ed altri oggetti simili; intrecciano fibre di vario genere per produrre corde e reti; lavorano giunchi e canne per realizzare mobili, complementi di arredo o altri tipologie di prodotto; trattano e lavorano il sughero e le spugne per produrre diverse tipologie di oggetti e di complementi ornamentali."
CP-2021;4;6531;653;6.5.3.1;Preparatori di fibre;Le professioni comprese in questa categoria provvedono alla prima lavorazione e al primo trattamento, anche chimico, delle fibre vegetali e non, producendo filati di vario genere per la tessitura o altre lavorazioni.
CP-2021;4;6532;653;6.5.3.2;Tessitori e maglieristi a mano e su telai manuali;"Le professioni comprese in questa categoria provvedono artigianalmente a tessere filati e maglie e al loro successivo trattamento ovvero realizzano e rifiniscono tessuti, arazzi, tappeti o manufatti simili a mano o con l’ausilio di macchine semiautomatiche; confezionano e rifiniscono artigianalmente capi di maglieria; colorano i tessuti artigianalmente e li sottopongono ad eventuali trattamenti chimici."
CP-2021;4;6533;653;6.5.3.3;Sarti e tagliatori artigianali, modellisti e cappellai;"Le professioni comprese in questa categoria realizzano artigianalmente capi e complementi di abbigliamento ovvero riportano su cartamodello i disegni del capo da realizzare dimensionandoli alle misure del cliente o a misure standard; tagliano e confezionano il capo di abbigliamento per intero o nelle sue parti in sartorie semiartigianali; disegnano, tagliano e confezionano l’intero capo su misura del cliente; realizzano cappelli in tessuto, lana o feltro."
CP-2021;4;6534;653;6.5.3.4;Pellicciai, modellatori di pellicceria e professioni assimilate;"Le professioni comprese in questa categoria realizzano artigianalmente capi e complementi di abbigliamento in pelle o pelliccia ovvero riportano su cartamodello i disegni del capo da realizzare dimensionandoli alle misure del cliente o a misure standard; tagliano e confezionano il capo o il complemento di abbigliamento per intero o nelle sue parti in laboratori semiartigianali; disegnano, tagliano e confezionano l’intero capo su misura del cliente."
CP-2021;4;6535;653;6.5.3.5;Biancheristi, ricamatori a mano e professioni assimilate;"Le professioni comprese in questa categoria realizzano artigianalmente capi di biancheria e relative rifiniture ovvero tagliano, cuciono, confezionano, rifiniscono e guarniscono capi di abbigliamento intimo; confezionano biancheria per la casa; realizzano merletti, ricami anche con fili d’oro e argento, fiocchi, nastri, decorazioni con pajettes e grani colorati; producono bottoni di forma e materiali diversi."
CP-2021;4;6536;653;6.5.3.6;Tappezzieri e materassai;"Le professioni comprese in questa categoria realizzano ornamenti in tessuto o pelle per interni, poltrone, divani, pouf e oggetti simili in laboratori o industrie semiartigianali secondo standard e linee definite ovvero tagliano, confezionano, montano, riparano e restaurano tende, drappeggi e imbottiture su pareti, porte e finestre, realizzano piccoli complementi di arredo in tessuto; trasferiscono su dime e sagome i disegni degli scheletri, delle imbottiture e dei rivestimenti di poltrone, divani, pouf e simili, dimensionandoli ai manufatti da realizzare; ne realizzano gli scheletri e le imbottiture, ne tagliano i rivestimenti e li confezionano per intero o in parti inserendo le imbottiture; li riparano e li restaurano, su misura e ordinazione del cliente; realizzano materassi e altri manufatti simili, curano il rifacimento di materassi in uso attraverso la cardatura della lana, l'inserimento di molle o altri interventi di manutenzione."
CP-2021;4;6537;653;6.5.3.7;Artigiani e addetti alle tintolavanderie;Le professioni comprese in questa categoria lavano, puliscono a secco e stirano per le famiglie, articoli di abbigliamento, renna, pelle, pellicce, lenzuola, tende, biancheria fine, stuoie e tappeti, modificano o ripristinano il loro colore, identificano le macchie sui tessuti e applicano soluzioni chimiche per rimuoverle.
CP-2021;4;6541;654;6.5.4.1;Conciatori di pelli e di pellicce;Le professioni comprese in questa categoria si occupano della prima lavorazione e rifinitura del cuoio, delle pelli e delle pellicce, raschiano, sottopongono a concia, nappano, scamosciano, rifilano e portano a diverso grado di rifinitura i materiali della pelle animale in modo da renderli utilizzabili per confezionare capi e complementi di abbigliamento, accessori di varia utilità, calzature, rivestimenti e altri manufatti in cuoio e pelle.
CP-2021;4;6542;654;6.5.4.2;Artigiani ed operai specializzati delle calzature ed assimilati;"Le professioni comprese in questa categoria realizzano artigianalmente prodotti in cuoio, pelle e materiali simili ovvero trasferiscono su dime e sagome i disegni di calzature dimensionandoli ai prodotti da realizzare; tagliano, cuciono, confezionano, rifiniscono e guarniscono calzature, per intero o in parti, secondo modelli e misure standard, in laboratori semi artigianali; riparano, tagliano, cuciono, confezionano, rifiniscono e guarniscono calzature su misura del cliente in laboratori artigianali; realizzano selle, finimenti e altri oggetti in cuoio."
CP-2021;4;6543;654;6.5.4.3;Valigiai, borsettieri e professioni assimilate (anche su articoli di similpelle e stoffa);"Le professioni comprese in questa categoria realizzano artigianalmente accessori da viaggio e complementi di abbigliamento in pelle o in materiali simili ovvero trasferiscono su dime e sagome i disegni dimensionandoli agli oggetti da realizzare; tagliano, cuciono, rifiniscono e guarniscono valigie ed accessori simili per intero o in parti, secondo misure standard in laboratori semiartigianali; riparano, tagliano, cuciono, rifiniscono e guarniscono valigie ed accessori simili su misura o ordinazione del cliente in laboratori artigianali."
CP-2021;4;6551;655;6.5.5.1;Macchinisti ed attrezzisti di scena;Le professioni comprese in questa categoria realizzano, predispongono e alternano le scene e le ambientazioni necessarie allo svolgimento di uno spettacolo o di una ripresa cinematografica, televisiva o di spettacoli simili ovvero si occupano dell’attrezzeria e delle macchine di scena a disposizione di registi, attori e macchinisti, la fanno funzionare, realizzano montano, modificano scene e ambientazioni avvalendosi di pedane mobili, pannelli, botole, carri e macchine simili.
CP-2021;4;7111;711;7.1.1.1;Conduttori di macchinari in miniere e cave;Le professioni comprese in questa categoria conducono macchinari per asportare, scavare, tagliare, tracciare, sollevare e trasportare minerali, pietra e marmo da miniere e cave a cielo aperto.
CP-2021;4;7112;711;7.1.1.2;Conduttori di impianti per il primo trattamento di minerali e di pietre;Le professioni comprese in questa categoria conducono macchine per separare, frantumare, depurare, vagliare, agglomerare e in generale per le operazioni di primo trattamento di minerali e pietra in impianti associati a miniere e cave a cielo aperto.
CP-2021;4;7113;711;7.1.1.3;Trivellatori e sondatori di pozzi petroliferi, di gas naturale, operatori di prospezione e professioni assimilate;"Le professioni comprese in questa categoria conducono macchine per trivellare e attrezzare all’uso pozzi minerari e per l’estrazione di petrolio, gas naturale e acqua; per sondare il sottosuolo, prelevarne campioni ed effettuare prospezioni geologiche."
CP-2021;4;7121;712;7.1.2.1;Fonditori, operatori di altoforno, di convertitori e di forni di raffinazione (siderurgia);"Le professioni comprese in questa categoria conducono macchine e impianti di caricamento e di posizionamento dei minerali e dei rottami nei forni ed altoforni, conducono questi ultimi; conducono gli impianti siderurgici di colata in lingotti, lastre e barre e taglio della ghisa, del ferro e dell’acciaio prodotti."
CP-2021;4;7122;712;7.1.2.2;Operatori di forni di seconda fusione, colatori di metalli e leghe e operatori di laminatoi;"Le professioni comprese in questa categoria conducono macchine e impianti di caricamento del metallo in forni di seconda fusione e conducono questi ultimi; conducono treni ed impianti di laminazione a freddo e a caldo delle colate di ferro e acciaio."
CP-2021;4;7123;712;7.1.2.3;Operatori di impianti per il trattamento termico dei metalli;Le professioni comprese in questa categoria conducono macchine e impianti, basati su tecnologie diverse, per la tempera, la ricottura e per altri trattamenti termici di metalli e leghe metalliche.
CP-2021;4;7124;712;7.1.2.4;Trafilatori ed estrusori di metalli;"Le professioni comprese in questa categoria conducono macchine e impianti per la produzione a mezzo di deformazione plastica di semilavorati e prodotti finiti in metallo ovvero di macchine e di impianti per la trafilatura di corpi piatti, pieni e cavi e di fili; per l’estrusione diretta e inversa di metalli duttili e la profilatura a caldo o a freddo di metalli ferrosi e non."
CP-2021;4;7125;712;7.1.2.5;Operatori di impianti per la produzione e la raffinazione di metalli non ferrosi;Le professioni classificate in questa categoria conducono macchine e impianti per la produzione e la raffinazione di metalli non ferrosi ovvero conducono impianti e macchinari per la riduzione, la alligazione e la raffinazione termica dei minerali e dei metalli non ferrosi nonché per la loro riduzione e raffinazione per elettrolisi e per lisciviazione.
CP-2021;4;7131;713;7.1.3.1;Conduttori di impianti per dosare, miscelare ed impastare materiali per la produzione del vetro, della ceramica e dei laterizi;Le professioni comprese in questa categoria conducono impianti e macchinari per dosare, miscelare e impastare sabbie, minerali, vetro di recupero, terre e argille per la produzione del vetro, di manufatti in terracotta, in ceramica e in laterizio.
CP-2021;4;7132;713;7.1.3.2;Conduttori di forni e di altri impianti per la lavorazione del vetro;"Le professioni comprese in questa categoria conducono impianti e macchinari per la produzione e la lavorazione del vetro ovvero impianti e macchinari di caricamento nei forni e fusione di sabbie, di minerali e vetro di recupero necessari alla produzione; impianti e macchinari per la produzione di lastre, per la trafilatura, l’estrusione, il taglio, lo stampaggio, il trattamento termico e la rifinitura del vetro e degli oggetti in vetro prodotti in serie."
CP-2021;4;7133;713;7.1.3.3;Conduttori di impianti per la formatura di articoli in ceramica e terracotta;"Le professioni comprese in questa categoria conducono impianti e macchinari per la produzione e la lavorazione di manufatti in ceramica e terracotta ovvero impianti e macchinari per formare, stampare e comprimere i manufatti da realizzare; per essiccare, cuocere e sottoporre ad ulteriori trattamenti termici tali manufatti."
CP-2021;4;7134;713;7.1.3.4;Conduttori di forni e di altri impianti per la produzione di laterizi, tegole e assimilati;"Le professioni comprese in questa categoria conducono impianti e macchinari per la produzione e la lavorazione di laterizi e di materiali affini per l’edilizia, ovvero impianti e macchinari per formare, stampare e comprimere i manufatti da realizzare; per essiccare, cuocere e sottoporre ad ulteriori trattamenti termici tali manufatti."
CP-2021;4;7141;714;7.1.4.1;Conduttori di impianti per la fabbricazione in serie di pannelli in legno (compensati, truciolati ed assimilati);"Le professioni comprese in questa categoria conducono impianti e macchinari per la produzione in serie di pannelli semilavorati in legno, trucioli e segatura di legno destinati alla produzione industriale; assemblano, impiallacciano e incollano strati incrociati di varie essenze in pannelli compensati o multistrato di vario spessore e qualità; impastano, stendono e pressano trucioli in legno, segature, colle e resine in pannelli di diverso spessore e caratteristiche fisiche."
CP-2021;4;7142;714;7.1.4.2;Operatori di impianti per la preparazione della pasta di legno e di altri materiali per cartiera;"Le professioni comprese in questa categoria conducono impianti e macchinari per la trasformazione di materiali a base di cellulosa in paste di legno e materie prime simili per cartiera; caricano legno, stracci ed altri materiali a base di cellulosa negli impianti di preparazione delle miscele, conducono gli impianti e i reattori chimici per la loro trasformazione in paste di cellulosa e per i trattamenti di affinamento di queste ultime."
CP-2021;4;7143;714;7.1.4.3;Operatori di impianti per la fabbricazione della carta;Le professioni comprese in questa categoria conducono impianti e macchinari per la trasformazione delle paste di cellulosa in carta, per darle la consistenza fisica richiesta e stenderla e trasformarla in carta, per sbiancare quest’ultima, lisciarla, patinarla o filigranarla, avvolgere i fogli in bobine o confezionarli in risme di diversa dimensione.
CP-2021;4;7151;715;7.1.5.1;Conduttori di impianti per la raffinazione dei prodotti petroliferi;"Le professioni comprese in questa categoria conducono distillatori, reattori ed altri impianti e macchinari per la lavorazione dei prodotti petroliferi ovvero provvedono alla loro raffinazione alimentando e conducendo distillatori e reattori e stoccando i prodotti derivati; conducono impianti e macchine per la loro stazzatura e per l’imbottigliamento dei gas derivati dal processo di raffinazione."
CP-2021;4;7152;715;7.1.5.2;Operatori di macchinari e di impianti per la chimica di base e la chimica fine;"Le professioni comprese in questa categoria conducono impianti e macchine per filtrare, depurare liquidi e gas, per separare fanghi e altre componenti solide da fluidi, per separare liquidi e gas di diverse densità per successive lavorazioni e produzioni; conducono distillatori per la produzione di sostanze chimiche di base provvedendo anche all'alimentazione degli impianti e allo stoccaggio delle sostanze prodotte; provvedono alla conduzione e al controllo di reattori e di altri impianti chimici effettuando analisi strumentali standard e agendo attraverso quadri di manovra che riportano in tempo reale lo stato dei parametri fisici e chimici essenziali e che consentono l'azionamento di valvole, pompe, generatori di calore ed altri dispositivi di gestione dei processi chimici e delle condizioni energetiche in cui avvengono."
CP-2021;4;7153;715;7.1.5.3;Operatori di macchinari per la fabbricazione di prodotti derivati dalla chimica;"Le professioni classificate in questa categoria conducono e controllano impianti e macchinari per la produzione dei farmaci, dei prodotti cosmetici, dei detergenti e dei tensioattivi e dei loro principi attivi, delle miscele con eccipienti, del loro dosaggio e del relativo confezionamento per il consumo finale; conducono impianti e macchinari per la produzione delle miscele e preparati esplosivi, dei loro dosaggi in cariche, per il confezionamento di munizioni, detonatori, candelotti o altri tipi di esplosivi per usi industriali e non; conducono reattori ed altri impianti e macchinari per la produzione di materie intermedie derivate dalla produzione chimica primaria quali soluzioni chimiche decolorate, gas, coke e altri derivati dalla lavorazione del carbone, fertilizzanti, fibre sintetiche derivate dalla lavorazione o estrusione di polimeri, materie e sostanze radioattive e prodotti simili; conducono impianti e macchinari per la fabbricazione di prodotti derivati dalla produzione chimica secondaria quali candele, linoleum, gas alogeni, vernici, adesivi, colle, resine."
CP-2021;4;7161;716;7.1.6.1;Conduttori di caldaie a vapore e di motori termici in impianti industriali;Le professioni comprese in questa categoria conducono e controllano impianti e macchinari per la produzione di energia termica e di vapore, nonché motori termici a combustione interna asserviti ad impianti industriali.
CP-2021;4;7162;716;7.1.6.2;Operatori di impianti di recupero e riciclaggio dei rifiuti e di trattamento e distribuzione delle acque;Le professioni comprese in questa categoria conducono e controllano impianti per il recupero e il riciclaggio dei rifiuti e per il trattamento e la distribuzione delle acque.
CP-2021;4;7171;717;7.1.7.1;Operatori di catene di montaggio automatizzate;Le professioni comprese in questa categoria conducono e controllano l’attività di catene di montaggio automatizzate e di robot industriali, provvedono al loro avviamento e operano sui meccanismi di funzionamento in relazione alle esigenze produttive programmate.
CP-2021;4;7181;718;7.1.8.1;Conduttori di mulini e impastatrici;Le professioni comprese in questa categoria conducono impianti e macchinari per macinare, separare, granulare ed impastare minerali o sostanze chimiche per successive trasformazioni e lavorazioni.
CP-2021;4;7182;718;7.1.8.2;Conduttori di forni e di analoghi impianti per il trattamento termico dei minerali;Le professioni comprese in questa categoria conducono forni ed altri impianti per il trattamento termico dei minerali per trasformarli mediante processi termici di ossidazione, disidratazione, riduzione e decomposizione in materie prime per successive lavorazioni e produzioni.
CP-2021;4;7211;721;7.2.1.1;Operai addetti a macchine utensili automatiche e semiautomatiche industriali;Le professioni comprese in questa categoria conducono e supportano il funzionamento di macchine utensili industriali automatiche, semiautomatiche e a controllo numerico e dei relativi centri di produzione per lavorazioni per asportazione e deformazione di semilavorati in metallo (fresatrici, torni, trapani, alesatrici, rettificatici, piallatici, presse…).
CP-2021;4;7212;721;7.2.1.2;Operai addetti a macchinari per la produzione di manufatti in cemento e assimilati;Le professioni comprese in questa categoria conducono e sorvegliano impianti e macchinari per la produzione di manufatti in cemento e in materiali simili, conducono e sorvegliano impianti e macchine per produrre e miscelare i componenti, impastarli e colarli, di formatura, pressatura e rifinitura dei manufatti prodotti.
CP-2021;4;7213;721;7.2.1.3;Conduttori di macchinari per la produzione di abrasivi e manufatti abrasivi minerali;Le professioni comprese in questa categoria conducono e sorvegliano impianti e macchinari per la produzione di manufatti in minerali abrasivi e simili conducono e sorvegliano impianti e macchine per produrre le sabbie, miscelarle e impastarli, di formatura, pressatura e rifinitura dei manufatti prodotti.
CP-2021;4;7221;722;7.2.2.1;Finitori, operai dei rivestimenti metallici, della galvanoplastica e assimilati;Le professioni comprese in questa categoria conducono impianti e macchinari per il trattamento, il rivestimento, la rifinitura, la placcatura chimica ed elettrochimica di metalli e oggetti in metallo.
CP-2021;4;7222;722;7.2.2.2;Operai addetti a macchinari per la fabbricazione di prodotti fotografici (film, pellicole e assimilati);Le professioni comprese in questa categoria conducono impianti e macchinari per la produzione di emulsioni fotografiche e la fabbricazione di supporti fotosensibili (pellicole e carte fotografiche, pellicole radiografiche, cinematografiche …)
CP-2021;4;7231;723;7.2.3.1;Conduttori di macchinari per la confezione e vulcanizzazione dei pneumatici;Le professioni comprese in questa categoria conducono impianti e macchinari per la fabbricazione dei pneumatici, per i processi di vulcanizzazione della gomma, di cucitura, armatura, budellatura dei pneumatici e per la loro ricostruzione.
CP-2021;4;7232;723;7.2.3.2;Conduttori di macchinari per la fabbricazione di altri articoli in gomma;Le professioni comprese in questa categoria conducono impianti e macchinari per la lavorazione della gomma e la fabbricazione di prodotti in gomma, diversi dai pneumatici, destinati al consumo finale o alla produzione industriale.
CP-2021;4;7233;723;7.2.3.3;Conduttori di macchinari per la fabbricazione di articoli in plastica e assimilati;Le professioni comprese in questa categoria conducono impianti e macchinari per la lavorazione della plastica e la fabbricazione di prodotti in plastica destinati al consumo finale o alla produzione industriale.
CP-2021;4;7241;724;7.2.4.1;Operai addetti a macchinari in impianti per la produzione in serie di mobili e di articoli in legno;Le professioni comprese in questa categoria conducono impianti e macchinari per la produzione in serie di mobili e di articoli in legno e simili, conducono e sorvegliano i macchinari per tagliare, sagomare, intagliare, perforare, piallare, tornire e levigare il legno e pannelli in legno o materiali simili, sorvegliano la regolarità dei processi di lavorazione e intervengono in caso di malfunzionamento degli impianti e dei macchinari.
CP-2021;4;7251;725;7.2.5.1;Conduttori di macchinari per tipografia e stampa su carta e cartone;Le professioni comprese in questa categoria conducono impianti e macchinari per la stampa in serie e in continuo di carta e cartone, diversamente lavorati, destinati alla confezione di prodotti industriali e alla realizzazione di articoli e prodotti per il consumo finale e la produzione industriale, curano le prove colore e verificano la correttezza del processo di stampa
CP-2021;4;7252;725;7.2.5.2;Conduttori di macchinari per la fabbricazione di prodotti in carta e cartone;Le professioni comprese in questa categoria conducono impianti e macchinari per la fabbricazione in serie di prodotti in carta e cartone, diversamente lavorati, destinati alla confezione di prodotti industriali e alla produzione di altri articoli per il consumo finale e la produzione industriale.
CP-2021;4;7253;725;7.2.5.3;Conduttori di macchinari per rilegatura di libri e assimilati;Le professioni comprese in questa categoria conducono impianti e macchinari per rilegare in serie libri, riviste e articoli simili.
CP-2021;4;7261;726;7.2.6.1;Operai addetti a macchinari per la filatura e la bobinatura;Le professioni comprese in questa categoria conducono impianti e macchinari automatici per la filatura e la sbobinatura in continuo di fibre naturali e sintetiche.
CP-2021;4;7262;726;7.2.6.2;Operai addetti a telai meccanici per la tessitura e la maglieria;Le professioni comprese in questa categoria conducono impianti e macchinari automatici per la tessitura in continuo di filati e di maglie.
CP-2021;4;7263;726;7.2.6.3;Operai addetti a macchinari industriali per confezioni di abbigliamento in stoffa e assimilati;Le professioni comprese in questa categoria conducono impianti e macchinari automatici per la produzione in serie di capi e complementi di abbigliamento e di articoli simili, sorvegliano e conducono macchine per tagliare, assemblare e cucire i tessuti secondo misure e modelli predefiniti.
CP-2021;4;7264;726;7.2.6.4;Operai addetti a macchinari per il trattamento di filati e tessuti industriali;Le professioni comprese in questa categoria conducono impianti e macchinari automatici per il trattamento chimico e fisico, il carbonissaggio, il degodronaggio, la brovatura, il decatissaggio, la follatura, la tintura, il candeggio, il lavaggio, la stiratura l’apprettatura e trattamenti simili di filati e di tessuti industriali.
CP-2021;4;7265;726;7.2.6.5;Operai addetti a macchinari per la stampa dei tessuti;Le professioni comprese in questa categoria conducono impianti e macchinari automatici per la stampa in continuo dei tessuti, curano le prove colore, verificano la correttezza del processo di stampa.
CP-2021;4;7266;726;7.2.6.6;Addetti a macchinari industriali per la preparazione e produzione in serie di articoli in pelli e pellicce;"Le professioni comprese in questa categoria conducono impianti e macchinari automatici per la lavorazione di pelli e di pellicce e per la produzione in serie di articoli in questi materiali; sorvegliano e conducono macchine per tagliare, assemblare, incollare e cucire i materiali secondo misure e modelli predefiniti."
CP-2021;4;7267;726;7.2.6.7;Addetti a macchinari per la produzione in serie di calzature;Le professioni comprese in questa categoria conducono impianti e macchinari automatici per la produzione in serie di calzature, sorvegliano e conducono macchine per tagliare, assemblare, incollare e cucire i materiali secondo misure e modelli predefiniti.
CP-2021;4;7269;726;7.2.6.9;Altri operai addetti a macchinari dell'industria tessile, delle confezioni ed assimilati;"Le professioni comprese in questa categoria conducono impianti e macchinari automatici per la produzione e confezione in serie di materiali e di articoli per l’abbigliamento e di accessori diversi dai capi di vestiario ovvero conducono impianti e macchinari per la produzione in serie di passamaneria, feltreria e simili; sorvegliano e conducono macchine per tagliare, assemblare, incollare e cucire i materiali secondo misure e modelli predefiniti."
CP-2021;4;7271;727;7.2.7.1;Assemblatori in serie di parti di macchine;Le professioni comprese in questa categoria montano, in catene o linee semiautomatiche di assemblaggio e con l’ausilio di utensili manuali o semiautomatici, componenti di macchine o di parti di macchine.
CP-2021;4;7272;727;7.2.7.2;Assemblatori e cablatori di apparecchiature elettriche;Le professioni comprese in questa categoria montano, in catene o linee semiautomatiche di assemblaggio e con l’ausilio di utensili manuali o semiautomatici, e cablano componenti di apparati e di apparecchiature elettriche o di loro parti.
CP-2021;4;7273;727;7.2.7.3;Assemblatori e cablatori di apparecchiature elettroniche e di telecomunicazioni;Le professioni comprese in questa categoria montano, in catene o linee semiautomatiche di assemblaggio e con l’ausilio di utensili manuali o semiautomatici, e cablano componenti di apparecchiature elettroniche e di telecomunicazione e di loro parti.
CP-2021;4;7274;727;7.2.7.4;Assemblatori in serie di articoli vari in metallo, in gomma e in materie plastiche;Le professioni comprese in questa categoria montano, in catene o linee semiautomatiche di assemblaggio e con l’ausilio di utensili manuali o semiautomatici, componenti di articoli in metallo, gomma e materie plastiche o di loro parti.
CP-2021;4;7275;727;7.2.7.5;Assemblatori in serie di articoli in legno e in materiali assimilati;Le professioni comprese in questa categoria montano, in catene o linee semiautomatiche di assemblaggio e con l’ausilio di utensili manuali o semiautomatici, componenti di articoli in legno e materiali simili.
CP-2021;4;7276;727;7.2.7.6;Assemblatori in serie di articoli in cartone, in tessuto e materie assimilate;Le professioni comprese in questa categoria montano, in catene o linee semiautomatiche di assemblaggio e con l’ausilio di utensili manuali o semiautomatici, componenti di articoli in cartone, tessuto e materiali simili.
CP-2021;4;7279;727;7.2.7.9;Altri operai addetti all’assemblaggio ed alla produzione in serie di articoli industriali;Le professioni comprese in questa categoria montano, in catene o linee semiautomatiche di assemblaggio e con l’ausilio di utensili manuali o semiautomatici, pezzi di articoli composti da materiali e apparati di diversa natura e funzione.
CP-2021;4;7281;728;7.2.8.1;Operai addetti a macchine confezionatrici di prodotti industriali;Le professioni comprese in questa categoria conducono e sono addetti a impianti e macchinari per il confezionamento, l’imbottigliamento, l’inscatolamento, l’invasatura, l’imballo e simili di prodotti industriali.
CP-2021;4;7311;731;7.3.1.1;Operai addetti agli impianti fissi in agricoltura e nell’allevamento;"Le professioni comprese in questa categoria conducono impianti e macchinari fissi per il primo trattamento e la prima lavorazione dei prodotti agricoli e di allevamento ovvero conducono impianti e macchinari fissi per la pulitura, vagliatura, essiccazione, insilaggio e conservazione dei prodotti agricoli freschi; conducono impianti e macchinari fissi di pulizia e di tenuta igienica dei luoghi e di alimentazione degli animali in allevamento, di raccolta, lavaggio, pulizia, stoccaggio e operazioni simili di prodotti di allevamento diversi dal latte."
CP-2021;4;7312;731;7.3.1.2;Operai addetti agli impianti per la trasformazione delle olive;Le professioni comprese in questa categoria conducono impianti e macchinari da frantoio la trasformazione delle olive e delle sanse in oli.
CP-2021;4;7313;731;7.3.1.3;Operai addetti alla refrigerazione, trattamento igienico e prima trasformazione del latte;Le professioni comprese in questa categoria conducono impianti e macchinari per la refrigerazione, l’igienizzazione, il primo trattamento del latte e la prima trasformazione del latte.
CP-2021;4;7321;732;7.3.2.1;Conduttori di macchinari per la lavorazione e la conservazione della carne e del pesce;Le professioni comprese in questa categoria conducono impianti e macchinari per la lavorazione e la conservazione della carne e del pesce, per tagliare, tritare e impastare carne e pesce, per essiccarli, salarli, affumicarli, insaccarli, cuocerli, inscatolarli e confezionarli in prodotti destinati al consumo alimentare.
CP-2021;4;7322;732;7.3.2.2;Conduttori di apparecchi per la lavorazione industriale di prodotti lattiero–caseari;Le professioni comprese in questa categoria conducono impianti e macchinari per la lavorazione industriale di prodotti lattiero-caseari, per centrifugare, pastorizzare, concentrare il latte, fermentarlo, cagliarlo, per produrre burro, panna, latticini, formaggi freschi, per stagionare formaggi e per lavorazioni e produzioni simili.
CP-2021;4;7323;732;7.3.2.3;Conduttori di macchinari industriali per la lavorazione dei cereali e delle spezie e per prodotti a base di cereali (pasta e assimilati);"Le professioni comprese in questa categoria conducono impianti e macchinari industriali per la lavorazione dei cereali e delle spezie e dei loro derivati ovvero conducono impianti e macchine per la molitura dei cereali, l’abburattamento e la selezione delle farine; per la pulitura, la selezione e la lavorazione delle spezie; per la lavorazione e la produzione industriale di paste alimentari fresche e essiccate."
CP-2021;4;7324;732;7.3.2.4;Conduttori di macchinari per il trattamento e la conservazione della frutta, delle mandorle, delle verdure, dei legumi e del riso;"Le professioni comprese in questa categoria conducono impianti e macchinari industriali per il trattamento e la conservazione di prodotti agricoli freschi destinati al consumo, ovvero impianti e macchinari per la pulizia, la calibratura, e la selezione di prodotti ortofrutticoli; per la conservazione di frutta e verdura fresca e la loro lavorazione in prodotti conservati; per la vagliatura, pulitura, selezione, lavorazione e conservazione dei legumi e del riso; per la lavorazione dei semi e la successiva produzione di oli."
CP-2021;4;7325;732;7.3.2.5;Conduttori di macchinari per la produzione e la raffinazione dello zucchero;Le professioni comprese in questa categoria conducono impianti e macchinari industriali per la lavorazione della materia prima (canna o barbabietola da zucchero) e la produzione e la raffinazione dello zucchero.
CP-2021;4;7326;732;7.3.2.6;Conduttori di macchinari per la preparazione e la produzione del the, del caffè, del cacao e della cioccolata;"Le professioni comprese in questa categoria conducono impianti e macchinari industriali per la preparazione e la produzione del the, del caffé, del cacao e della cioccolata, ovvero conducono impianti e macchinari per l’essiccazione, il trattamento, la miscelazione, la torrefazione e la molitura dei chicchi di caffé, dei semi di cacao e delle foglie di the; impianti e macchinari per la produzione, raffinazione e tempera della cioccolata e prodotti industriali a base di cioccolata."
CP-2021;4;7327;732;7.3.2.7;Conduttori di macchinari per la lavorazione dei prodotti del tabacco;Le professioni comprese in questa categoria conducono impianti e macchinari industriali per la lavorazione del tabacco, per essiccarlo, trinciarlo, conciarlo, miscelarlo e confezionarlo in sigari, sigarette, tavolette e polvere.
CP-2021;4;7328;732;7.3.2.8;Vinificatori industriali, birrai ed operai addetti a macchinari per la preparazione di liquori e bevande analcoliche e gassate;"Le professioni comprese in questa categoria conducono impianti e macchinari industriali per la produzione di vino, birra, liquori e bevande, ovvero impianti e macchinari per la vinificazione delle uve e la produzione e l’invecchiamento e la conservazione del vino; per la fermentazione dei cereali, la preparazione dei mosti e per la preparazione, la lavorazione, l’invecchiamento e la conservazione della birra; per la distillazione di vinacce, di cereali e di puree di frutta o di altri vegetali fermentati, per l’infusione di erbe e semi aromatici in alcool e la lavorazione, la produzione, l’invecchiamento e la conservazione di liquori, distillati e bevande alcoliche; per la lavorazione di frutta, ortaggi ed altri prodotti naturali o aromatici e per la produzione e la conservazione di bevande analcoliche e gassate."
CP-2021;4;7329;732;7.3.2.9;Conduttori di macchinari per la produzione di pasticceria e prodotti da forno;Le professioni comprese in questa categoria conducono impianti e macchinari industriali per la produzione di pasticceria e di prodotti da forno, per miscelare e impastare farine e altri composti, farcire, modellare, essiccare, cuocere.
CP-2021;4;7411;741;7.4.1.1;Conduttori di convogli ferroviari;Le professioni comprese in questa categoria conducono locomotori ferroviari con propulsori diesel, elettrici o a vapore per il trasporto su rotaia di persone e merci.
CP-2021;4;7412;741;7.4.1.2;Operatori di verifica, circolazione e formazione treni;"Le professioni comprese in questa categoria controllano e azionano i dispositivi di frenatura dei convogli ferroviari in relazione alla loro composizione, i dispositivi di segnalazione dello stato del percorso ferroviario e del convoglio e di scambio; verificano e manutengono i dispositivi di sicurezza; eseguono la composizione e la scomposizione dei treni all'interno delle stazioni; manovrano e conducono altri mezzi rotabili e di trazione di supporto alle attività di sorveglianza, di mantenimento in sicurezza del traffico ferroviario e di manutenzione del materiale rotabile."
CP-2021;4;7413;741;7.4.1.3;Manovratori di impianti a fune;Le professioni comprese in questa categoria controllano e azionano i dispositivi di movimentazione e frenatura dei convogli funiviari e teleferici, in condizioni di sicurezza rispetto alle condizioni atmosferiche, alle portate massime e alle segnalazioni dei dispositivi di controllo.
CP-2021;4;7421;742;7.4.2.1;Autisti di taxi, conduttori di automobili, furgoni e altri veicoli per trasporto di persone;Le professioni comprese in questa categoria conducono motocicli, autoveicoli, furgoni, navette, autoambulanze e altri veicoli leggeri per il trasporto di persone, bagagli o assimilati, dotati di motore a combustione interna o ad energia elettrica, ne effettuano il carico, lo scarico ed il rifornimento, facilitano la salita e la discesa dei passeggeri, gestiscono le relazioni economiche ed informative con gli stessi, agendo nel rispetto delle caratteristiche meccaniche del mezzo, delle condizioni viarie e delle norme applicabili.
CP-2021;4;7422;742;7.4.2.2;Conduttori di autobus, di tram e di filobus;Le professioni comprese in questa categoria guidano autobus, tram, filobus ed altri mezzi dotati di motore a combustione interna o ad energia elettrica, facilitano la salita e la discesa dei passeggeri, gestiscono le relazioni informative con gli stessi, nel rispetto degli itinerari, delle disposizione di corsa, delle condizioni viarie e delle norme di sicurezza applicabili.
CP-2021;4;7423;742;7.4.2.3;Conduttori di mezzi pesanti e camion;Le professioni comprese in questa categoria guidano autotreni e mezzi pesanti per il trasporto di merci, sovrintendono alle operazioni di carico e di scarico, provvedendo al rifornimento, agendo nel rispetto delle caratteristiche meccaniche, delle condizioni viarie e delle norme applicabili.
CP-2021;4;7424;742;7.4.2.4;Conduttori di veicoli a trazione animale;Le professioni comprese in questa categoria guidano veicoli a trazione animale, ne effettuano il carico e lo scarico, curano le condizioni dell'animale al traino, agendo nel rispetto delle caratteristiche dell’animale, del mezzo, delle condizioni viarie e delle norme applicabili.
CP-2021;4;7431;743;7.4.3.1;Conduttori di trattori agricoli;Le professioni comprese in questa categoria guidano trattori agricoli e macchine agricole per la semina, l’aratura e la concimazione dei terreni, agganciano e sganciano le motrici da carrelli e attrezzi, provvedendo al rifornimento e agendo nel rispetto delle caratteristiche meccaniche, delle condizioni del terreno e delle norme applicabili.
CP-2021;4;7432;743;7.4.3.2;Conduttori di macchine raccoglitrici, mietitrici, trinciatrici e pressatrici agricole;Le professioni comprese in questa categoria guidano macchine agricole per mietere, trinciare, raccogliere prodotti agricoli, pressare e imballare fieno e paglia, ne curano l'efficienza, ne dirigono e controllano l'azione durante il lavoro sul terreno, provvedono al rifornimento, agendo nel rispetto delle caratteristiche meccaniche, delle condizioni del terreno, del tipo di raccolto e delle norme applicabili.
CP-2021;4;7433;743;7.4.3.3;Conduttori di macchine forestali;Le professioni comprese in questa categoria guidano macchine per disboscare, tagliare, segare, estirpare o eseguire altre lavorazioni forestali, curano l'efficienza delle attrezzature, ne dirigono e controllano l'azione durante il lavoro sul terreno, provvedono al rifornimento, agendo nel rispetto delle caratteristiche meccaniche, delle condizioni del terreno, dei materiali da trattare e delle norme applicabili.
CP-2021;4;7441;744;7.4.4.1;Conduttori di macchinari per il movimento terra;Le professioni comprese in questa categoria manovrano macchine per il movimento terra e simili, ne curano l'efficienza delle attrezzature, ne dirigono e controllano l'azione durante il lavoro, provvedono al rifornimento, agendo nel rispetto delle caratteristiche meccaniche, delle condizioni del terreno, del tipo di scavo o di sterro da svolgere e delle norme applicabili.
CP-2021;4;7442;744;7.4.4.2;Conduttori di macchinari mobili per la perforazione nelle costruzioni;Le professioni comprese in questa categoria manovrano macchine per la perforazione nel settore delle costruzioni, ne curano l'efficienza, ne effettuano il posizionamento, ne dirigono e controllano l'azione durante il lavoro, provvedono al rifornimento, agendo nel rispetto delle caratteristiche meccaniche, delle condizioni del terreno e dei materiali da perforare, del tipo di lavoro da svolgere e delle norme applicabili.
CP-2021;4;7443;744;7.4.4.3;Conduttori di gru e di apparecchi di sollevamento;Le professioni comprese in questa categoria manovrano macchine, fisse, mobili o semoventi, per il sollevamento di materiali, ne curano l'efficienza, effettuano il posizionamento, ne dirigono e controllano l'azione durante il lavoro, effettuano le operazioni di aggancio e sgancio delle masse da sollevare, agendo nel rispetto delle caratteristiche meccaniche, delle condizioni atmosferiche e di contesto, della natura del carico e delle norme applicabili.
CP-2021;4;7444;744;7.4.4.4;Conduttori di carrelli elevatori;Le professioni comprese in questa categoria manovrano carrelli elevatori per il sollevamento e lo spostamento di merci e di grandi masse, ne curano l'efficienza, ne dirigono e controllano l'azione durante il lavoro, effettuano le operazioni di carico e scarico delle masse sollevate, agendo nel rispetto delle caratteristiche meccaniche, delle condizioni atmosferiche e di contesto, della natura del carico e delle norme applicabili.
CP-2021;4;7451;745;7.4.5.1;Marinai di coperta;"Le professioni comprese in questa categoria eseguono le manovre di bordo utilizzando le attrezzature fisse e semoventi di sollevamento e piazzamento in stiva o su ponte di merci e container; operano sulle saracinesche e le pompe dedicate al carico e scarico dei carichi liquidi; assicurano il carico a mezzo di corde e tiranti; effettuano operazioni di fardaggio, agendo nel rispetto delle caratteristiche meccaniche, delle condizioni atmosferiche e di contesto, della natura del carico e delle norme applicabili; mantengono pulite e in efficienza le attrezzature di bordo, ormeggiano, eseguono segnalazioni e curano i rifornimenti."
CP-2021;4;7452;745;7.4.5.2;Conduttori di caldaie ed altre attrezzature navali;"Le professioni comprese in questa categoria conducono caldaie e turbine a vapore su navi, garantendone l’alimentazione in funzione dell'energia richiesta; controllando le condizioni di temperatura e pressione; curano l'utilizzo e mantengono in efficienza gli altri mezzi meccanici di bordo."
CP-2021;4;7453;745;7.4.5.3;Conduttori di barche e battelli a motore;Le professioni comprese in questa categoria guidano barche e battelli con motore a combustione interna, ne effettuano il carico, lo scarico ed il rifornimento, facilitano la salita e la discesa degli eventuali passeggeri, agendo nel rispetto delle caratteristiche meccaniche, delle condizioni atmosferiche e di contesto, della natura del carico e delle norme applicabili.
CP-2021;4;8111;811;8.1.1.1;Venditori ambulanti di beni;Le professioni classificate in questa categoria commerciano prodotti alimentari, manufatti, biglietti della lotteria, oggetti e articoli di varia natura per strada o in luoghi pubblici in postazioni non fisse.
CP-2021;4;8112;811;8.1.1.2;Venditori ambulanti di servizi;Le professioni classificate in questa categoria offrono servizi di vario genere, esercitano piccoli mestieri di strada, lustrano e riparano scarpe, affilano lame, riparano ombrelli ed altri oggetti per strada, porta a porta o in luoghi pubblici in postazioni non fisse.
CP-2021;4;8121;812;8.1.2.1;Uscieri e professioni assimilate;"Le professioni classificate in questa categoria eseguono le procedure di accoglienza di clienti o visitatori presso gli uffici di imprese o organizzazioni, li registrano e li indirizzano verso uffici o impiegati, fornendo loro indicazioni su come arrivarci; ricevono e distribuiscono documenti, materiali e pacchi fra gli uffici o all’esterno; notificano ufficialmente documenti a persone, imprese, organizzazioni o istituzioni accusandone ricevuta."
CP-2021;4;8122;812;8.1.2.2;Lettori di contatori, collettori di monete e professioni assimilate;"Le professioni classificate in questa categoria provvedono alla lettura dei consumi registrati da contatori presso abitazioni, imprese, organizzazioni o istituzioni trasferendo l’informazione agli uffici competenti; raccolgono monete e denaro da distributori automatici di merci, da parchimetri, biglietterie automatiche e simili o da altri ricevitori; ricaricano di merci o altro materiale i distributori automatici, provvedendo alla loro piccola manutenzione"
CP-2021;4;8131;813;8.1.3.1;Facchini, addetti allo spostamento merci ed assimilati;"Le professioni classificate in questa categoria provvedono alle operazioni di carico, scarico e movimentazione delle merci all’interno di aeroporti, stazioni ferroviarie, porti, imprese, organizzazioni e per le stesse famiglie; raccolgono e trasportano i bagagli dei viaggiatori e dei clienti di alberghi e di altre strutture ricettive."
CP-2021;4;8132;813;8.1.3.2;Personale non qualificato addetto all'imballaggio e al magazzino;Le professioni classificate in questa categoria supportano le attività dei magazzini imballando e disimballando merci, etichettandole, consegnandole ai clienti o ai commessi, ricevendole dai fornitori e spostandole all’interno del magazzino.
CP-2021;4;8133;813;8.1.3.3;Addetti alle consegne;Le professioni classificate in questa categoria ritirano e consegnano, nelle zone urbane ed extraurbane assegnate, pacchi, documenti e materiali su chiamata diretta.
CP-2021;4;8141;814;8.1.4.1;Personale non qualificato addetto alla pulizia nei servizi di alloggio e nelle navi;"Le professioni classificate in questa categoria cura il riordino e la pulizia delle camere, dei bagni, delle cucine e degli ambienti comuni; provvede alla sostituzione delle lenzuola, degli asciugamani e di altri accessori a disposizione dei clienti."
CP-2021;4;8142;814;8.1.4.2;Personale non qualificato nei servizi di ristorazione;Le professioni classificate in questa categoria svolgono attività di supporto in cucina, a cuochi e camerieri, lavando le stoviglie, il pentolame, mantenendo pulite le attrezzature, predisponendo gli ingredienti da lavorare e verificandone la disponibilità in dispensa.
CP-2021;4;8143;814;8.1.4.3;Personale non qualificato addetto ai servizi di pulizia di uffici ed esercizi commerciali;Le professioni classificate in questa categoria mantengono puliti e in ordine gli ambienti di imprese, organizzazioni, enti pubblici ed esercizi commerciali.
CP-2021;4;8144;814;8.1.4.4;Addetti al lavaggio veicoli;"Le professioni classificate in questa categoria lavano a mano vetri e parti esterne di automobili o altri veicoli; utilizzano aspirapolveri, strumenti di pulitura a secco o detergenti per rimuovere polvere o macchie dalle tappezzerie interne."
CP-2021;4;8145;814;8.1.4.5;Operatori ecologici e altri raccoglitori e separatori di rifiuti;Le professioni classificate in questa categoria provvedono alla raccolta dei rifiuti nelle strade, negli edifici, nelle industrie e nei luoghi pubblici e al loro caricamento sui mezzi di trasporto presso i luoghi di smaltimento, si occupano della raccolta dagli appositi contenitori dei materiali riciclabili e del loro caricamento su mezzi di trasporto.
CP-2021;4;8151;815;8.1.5.1;Bidelli e professioni assimilate;Le professioni classificate in questa categoria sorvegliano e mantengono pulite strutture e ambienti scolastici, accolgono e indirizzano i visitatori, consegnano e smistano comunicazioni agli insegnanti, sbrigano piccole commissioni.
CP-2021;4;8152;815;8.1.5.2;Portantini e professioni assimilate;Le professioni classificate in questa categoria trasportano ammalati o utenti all’interno di strutture sanitarie, di ricovero e di lunga degenza per anziani o disabili, si occupano della pulizia degli ambienti e dell’igiene personale degli utenti impossibilitati.
CP-2021;4;8161;816;8.1.6.1;Personale non qualificato addetto ai servizi di custodia di edifici, attrezzature e beni;"Le professioni classificate in questa classe custodiscono edifici, impianti, attrezzature, merci e beni; vigilano sugli accessi e prevengono l’ingresso di persone indesiderate; svolgono attività di portierato presso condomini privati; sorvegliano gli oggetti lasciati in custodia."
CP-2021;4;8211;821;8.2.1.1;Personale non qualificato nei servizi ricreativi e culturali;Le professioni classificate in questa categoria svolgono attività non qualificate di accoglienza, accompagnamento e assistenza dei clienti nella fruizione di servizi ricreativi e culturali.
CP-2021;4;8221;822;8.2.2.1;Collaboratori domestici e professioni assimilate;"Le professioni classificate in questa categoria mantengono in ordine e puliti gli ambienti domestici, svolgono piccoli lavori di manutenzione della casa; puliscono, smacchiano, lavano e stirano a mano presso le famiglie capi di abbigliamento, di biancheria, tende, materassi, lane e oggetti e materiali simili; fanno la spesa giornaliera, cucinano e servono i pasti."
CP-2021;4;8311;831;8.3.1.1;Braccianti agricoli;Le professioni classificate in questa categoria eseguono lavori manuali non qualificati in agricoltura, vangano il terreno, mantengono pulite le colture, le diserbano manualmente dalle piante infestanti, spostano attrezzi, sementi e prodotti agricoli, caricano e scaricano i mezzi che li trasportano, provvedono a raccogliere i prodotti delle colture, portano acqua e cibo sui campi.
CP-2021;4;8312;831;8.3.1.2;Personale non qualificato addetto alla manutenzione del verde;"Le professioni classificate in questa categoria eseguono lavori manuali non qualificati nella cura di piante, fiori o alberi in parchi pubblici o giardini privati; vangano e irrigano il terreno, mantengono pulite le aiuole, le diserbano manualmente dalle piante infestanti, spostano attrezzi, caricano e scaricano i mezzi che li trasportano."
CP-2021;4;8321;832;8.3.2.1;Personale forestale non qualificato;Le professioni classificate in questa categoria svolgono attività manuali non qualificate di scavo del terreno nelle operazioni di rimboschimento e di disboscamento, di pulizia del sottobosco, di taglio della legna, di ripulitura dei tronchi dai rami, di carico del legname sui mezzi di trasporto, di scarico e di stivatura dello stesso.
CP-2021;4;8322;832;8.3.2.2;Personale non qualificato addetto alla cura degli animali;Le professioni classificate in questa categoria svolgono attività manuali non qualificate di cura degli animali, mantengono puliti i luoghi di allevamento, alimentano manualmente le mangiatoie, accompagnano al pascolo il bestiame, lo custodiscono nei luoghi di ricovero, raccolgono manualmente e conservano i prodotti dell’allevamento.
CP-2021;4;8323;832;8.3.2.3;Personale non qualificato addetto alla pesca ed alla caccia;Le professioni classificate in questa categoria svolgono attività manuali non qualificate di supporto alla pesca in acque interne, costiere o in alto mare e alle attività di ricerca, cattura e abbattimento di selvaggina, stendono e ritirano reti, vagliano e selezionano il pescato, abbattono pesci di grandi dimensioni, fungono da battitori nella caccia, tengono e curano i cani, raccolgono e preparano la selvaggina.
CP-2021;4;8411;841;8.4.1.1;Manovali ed altro personale non qualificato delle miniere e delle cave;Le professioni classificate in questa categoria svolgono compiti semplici e routinari di supporto alle attività di miniere e cave, caricano e scaricano materiali e attrezzature, li movimentano manualmente, puliscono e lubrificano macchine e attrezzature da estrazione, mantengono sgombra da impedimenti l’area di lavoro.
CP-2021;4;8421;842;8.4.2.1;Manovali e personale non qualificato dell’edilizia civile e professioni assimilate;Le professioni classificate in questa categoria svolgono lavori manuali non qualificati nell’edilizia civile, caricano e scaricano materiali e attrezzature, li movimentano manualmente, puliscono e preparano i cantieri, porgono le attrezzature e il materiale da costruzione, mantengono sgombra da impedimenti l’area di lavoro, rimuovono macerie e residui.
CP-2021;4;8422;842;8.4.2.2;Manovali e personale non qualificato della costruzione e manutenzione di strade, dighe e altre opere pubbliche;"Le professioni classificate in questa categoria svolgono lavori manuali non qualificati nei cantieri stradali e autostradali, nei lavori di costruzione di dighe, gallerie o di altre grandi opere; caricano e scaricano materiali e attrezzature, li movimentano manualmente, puliscono e preparano i cantieri, scavano e puntellano trincee, porgono attrezzature e materiali da costruzione, mantengono sgombra da impedimenti l’area di lavoro, rimuovono macerie e residui."
CP-2021;4;8431;843;8.4.3.1;Personale non qualificato delle attività industriali e professioni assimilate;Le professioni classificate in questa categoria svolgono lavori manuali non qualificati presso le imprese industriali, porgono utensili e materiali, aiutano a sostenere parti da montare o da lavorare, mantengono in ordine, puliti e lubrificati gli utensili e le attrezzature, sgombra e pulita l'area di lavoro, scaricano e caricano, imballano manualmente materiali e prodotti, smontano e demoliscono oggetti, macchine e attrezzature.
CP-2021;4;9111;911;9.1.1.1;Ufficiali delle forze armate;Le professioni di questa categoria garantiscono l'integrità territoriale e politica della nazione e la sua sicurezza in tempo di pace e di guerra. Sono compresi in questa categoria i membri delle Forze Armate con il grado uguale o superiore a quello di Sottotenente (o Guardiamarina nel caso della marina militare)
CP-2021;4;9211;921;9.2.1.1;Sergenti, sovraintendenti e marescialli delle forze armate;Le professioni di questa categoria garantiscono l'integrità territoriale e politica della nazione e la sua sicurezza in tempo di pace e di guerra. Sono compresi in questa categoria i membri delle Forze Armate con il grado compreso fra Sergente (o Vicebrigadiere nel caso dell'arma dei carabinieri) e Primo Maresciallo Luogotenente (o M.A.s. UPS Luogotenente nel caso dell'arma dei carabinieri).
CP-2021;4;9311;931;9.3.1.1;Truppa delle forze armate;Le professioni di questa categoria garantiscono l'integrità territoriale e politica della nazione e la sua sicurezza in tempo di pace e di guerra. Sono compresi in questa categoria i membri delle Forze Armate con grado uguale o inferiore a Caporalmaggiore Capo Scelto (nel caso dell'esercito), Sottocapo di 1° Classe Scelto ( per la marina militare), 1° Aviere Capo Scelto (nel caso dell'Aeronautica Militare) e Appuntato Scelto (per l'arma dei carabinieri).
CP-2021;5;11111;1111;1.1.1.1.1;Membri di organismi di governo e di assemblee nazionali con potestà legislativa e regolamentare;Le professioni classificate in questa unità definiscono, discutono e approvano leggi, regolamenti e statuti validi sull’intero territorio nazionale, definiscono le politiche di governo individuando e allocando le risorse necessarie alla loro realizzazione.
CP-2021;5;11112;1111;1.1.1.1.2;Membri di autorità indipendenti con potestà regolamentare;Le professioni classificate in questa unità definiscono, discutono e approvano atti di regolamentazione validi sull’intero territorio nazionale e destinati agli operatori di settori oggetto di regolazione e controllo
CP-2021;5;11120;1112;1.1.1.2.0;Membri di organismi di governo e di assemblee regionali e di Province autonome con potestà legislativa e regolamentare;Le professioni classificate in questa unità applicano sul territorio leggi nazionali e, negli ambiti previsti dall’organizzazione dello Stato, definiscono, discutono e approvano leggi, regolamenti e statuti validi sul territorio regionale e delle Province autonome, definiscono le politiche di governo locale individuando e allocando le risorse necessarie alla loro realizzazione.
CP-2021;5;11130;1113;1.1.1.3.0;Membri di organismi di governo e di assemblee provinciali con potestà regolamentare o di città metropolitana;Le professioni classificate in questa unità applicano sul territorio leggi nazionali e locali e, negli ambiti previsti dall’organizzazione dello Stato e della Regione di appartenenza, definiscono, discutono e approvano regolamenti e statuti validi sul territorio provinciale, definiscono le politiche di governo locale individuando e allocando le risorse necessarie alla loro realizzazione.
CP-2021;5;11140;1114;1.1.1.4.0;Membri di organismi di governo e di assemblee sub-provinciali e comunali con potestà regolamentare;Le professioni classificate in questa unità applicano sul territorio leggi nazionali e locali e, negli ambiti previsti dall’organizzazione dello Stato, della Regione e della Provincia di appartenenza, definiscono, discutono e approvano regolamenti e statuti validi sul territorio comunale o sub-provinciale, definiscono le politiche di governo locale individuando e allocando le risorse necessarie alla loro realizzazione.
CP-2021;5;11210;1121;1.1.2.1.0;Ambasciatori, ministri plenipotenziari ed alti dirigenti della carriera diplomatica;Le professioni classificate in questa unità agiscono per conto dello Stato e del governo e li rappresentano presso altri Stati e presso le organizzazioni internazionali, tutelano gli interessi nazionali e i diritti dei concittadini all’estero e, nei casi previsti dalla legge, garantiscono la vigilanza sulle attività di organismi nazionali operanti all’estero e svolgono funzioni amministrative sussidiarie.
CP-2021;5;11221;1122;1.1.2.2.1;Prefetti, vice prefetti e alti dirigenti della carriera prefettizia;"Le professioni classificate in questa unità assicurano e garantiscono sul territorio l’unitarietà e l’efficacia delle politiche di governo e dell’azione delle amministrazioni periferiche dello Stato, coordinando attività e funzioni di queste ultime con quelle delle amministrazioni locali; rappresentano il governo sul territorio."
CP-2021;5;11222;1122;1.1.2.2.2;Responsabili della sicurezza pubblica;Le professioni classificate in questa unità sovrintendono alle attività degli organi di pubblica sicurezza e di protezione civile e adottano misure volte a garantire la sicurezza dei cittadini.
CP-2021;5;11231;1123;1.1.2.3.1;Direttori generali, dipartimentali ed equiparati delle amministrazioni dello Stato, degli enti pubblici non economici ;Le professioni classificate in questa unità dirigono grandi strutture dell’amministrazione statale e locale e degli enti pubblici non economici, formulano proposte e pareri agli organi cui fanno riferimento, curano l’attuazione dei programmi e delle politiche adottando e definendo le modalità organizzative e le risorse necessarie alla loro realizzazione, esercitando poteri di spesa e attribuendo ai dirigenti subordinati le responsabilità di progetti nonché le risorse necessarie a realizzarli, verificandone e controllandone le attività rispetto agli obiettivi fissati e mantenendo la responsabilità della gestione e dei risultati raggiunti.
CP-2021;5;11232;1123;1.1.2.3.2;Rettori di università, direttori di istituzioni dell’Alta Formazione e di enti di ricerca;Le professioni classificate in questa unità dirigono università pubbliche e private, istituzioni dell'Alta Formazione Artistica, Musicale e Coreutica riconosciute, che rilasciano titoli di livello universitario ed enti di ricerca, formulano proposte e pareri agli organi cui fanno riferimento, curano l’attuazione dei programmi e delle politiche adottando e definendo le modalità organizzative e le risorse necessarie alla loro realizzazione, esercitando poteri di spesa e attribuendo ai dirigenti subordinati le responsabilità di progetti nonché le risorse necessarie a realizzarli, verificandone e controllandone le attività rispetto agli obiettivi fissati e mantenendo la responsabilità della gestione e dei risultati raggiunti.
CP-2021;5;11233;1123;1.1.2.3.3;Direttori generali ed equiparati nella sanità;Le professioni classificate in questa unità dirigono grandi strutture del Servizio Sanitario Nazionale, formulano proposte e pareri agli organi cui fanno riferimento, curano l’attuazione dei programmi e delle politiche adottando e definendo le modalità organizzative e le risorse necessarie alla loro realizzazione, esercitando poteri di spesa e attribuendo ai dirigenti subordinati le responsabilità di progetti nonchè le risorse necessarie a realizzarli, verificandone e controllandone le attività rispetto agli obiettivi fissati e mantenendo la responsabilità della gestione e dei risultati raggiunti.
CP-2021;5;11234;1123;1.1.2.3.4;Direttori generali ed equiparati nelle regioni, nelle province autonome e negli enti locali;Le professioni classificate in questa unità dirigono grandi strutture dell'amministrazione  locale e degli enti locali, formulano proposte e pareri agli organi cui fanno riferimento, curano l'attuazione dei programmi e delle politiche adottando e definendo le modalità organizzative e le risorse necessarie alla loro realizzazione, esercitando poteri di spesa e attribuendo ai dirigenti subordinati le responsabilità di progetti nonchè le risorse necessarie a realizzarli, verificandone e controllandone le attività rispetto agli obiettivi fissati e mantenendo la responsabilità della gestione e dei risultati raggiunti.
CP-2021;5;11235;1123;1.1.2.3.5;Sovrintendenti al patrimonio culturale nazionale;Le professioni classificate in questa unità attuano sul territorio gli indirizzi in materia di tutela, salvaguardia e conservazione dei beni storico-artistici, archeologici, architettonici, paesaggistici e archivistici vigilando sull’osservanza delle leggi in materia di tutela da parte di soggetti pubblici e privati detentori dei suddetti beni, proponendo priorità nell'allocazione delle risorse e promuovendo iniziative per il recupero e la valorizzazione.
CP-2021;5;11241;1124;1.1.2.4.1;Dirigenti amministrativi;"Le professioni classificate in questa unità dirigono l'area amministrativa delle articolazioni funzionali dell'amministrazione statale e delle sue articolazioni territoriali, degli enti pubblici non economici, delle regioni e delle province autonome, delle università, degli enti di ricerca, degli enti locali e del Servizio Sanitario Nazionale. Organizzano, predispongono e gestiscono attività economiche e di bilancio; adottano atti e provvedimenti amministartivi autonomamente rispetto ai poteri di spesa e alle risorse finanziarie assegnate; definiscono gli obiettivi da raggiungere, ripartiscono gli incarichi ai loro subordinati e ne controllano l'operato.   "
CP-2021;5;11242;1124;1.1.2.4.2;Dirigenti tecnici e professionali;Le professioni classificate in questa unità dirigono l'area tecnica delle articolazioni funzionali dell'amministrazione statale e locale, degli enti pubblici non economici, delle università, degli enti di ricerca, degli enti locali e della sanità. Curano l'attuazione dei progetti loro affidati adottando e definendo, nei limiti di competenza, le modalità organizzative e le risorse necessarie alla loro realizzazione, esercitando i poteri di spesa loro attribuiti, coordinando le attività degli uffici loro subordinati, individuando i responsabili delle procedure affidate al proprio ufficio e verificando e controllando le attività complessive dell'ufficio rispetto agli obiettivi fissati. Sono responsabili della gestione e dei risultati raggiunti.
CP-2021;5;11243;1124;1.1.2.4.3;Dirigenti nella sanità;Le professioni classificate in questa unità dirigono, coordinano e organizzano articolazioni funzionali del Servizio Sanitario Nazionale, impartiscono direttive al personale e formulano i provvedimenti necessari alla fornitura e all'espletamento corretto dei servizi. Sono responsabili delle scelte nei riguardi degli interventi preventivi, clinici, diagnostici e terapeutici. Curano l'attuazione dei progetti loro affidati adottando e definendo, nei limiti di competenza, le modalità organizzative e le risorse necessarie alla loro realizzazione, esercitando i poteri di spesa loro attribuiti, coordinando le attività degli uffici loro subordinati, individuando i responsabili delle procedure affidate al proprio ufficio e verificando e controllando le attività complessive dell'ufficio rispetto agli obiettivi fissati. Sono responsabili della gestione e dei risultati raggiunti. La dirigenza sanitaria è disciplinata dal dlgs. 3 febbraio 1993, n.29 e dalle successive modifiche introdotte dal dlgs 19 giugno 1999, n°229 
CP-2021;5;11244;1124;1.1.2.4.4;Dirigenti delle professioni sanitarie;Le professioni classificate in questa unità dirigono articolazioni funzionali del Servizio Sanitario Nazionale, formulano proposte e pareri ai direttori generali o dipartimentali da cui dipendono, curano l'attuazione dei progetti loro affidati adottando e definendo, nei limiti di competenza, le modalità organizzative e le risorse necessarie alla loro realizzazione, esercitando i poteri di spesa loro attribuiti, coordinando le attività degli uffici loro subordinati, individuando i responsabili delle procedure affidate al proprio ufficio e verificando e controllando le attività complessive dell'ufficio rispetto agli obiettivi fissati. Sono responsabili della gestione e dei risultati raggiunti. La dirigenza sanitaria è disciplinata dal dlgs. 3 febbraio 1993, n.29 e dalle successive modifiche introdotte dal dlgs 19 giugno 1999, n°229 
CP-2021;5;11245;1124;1.1.2.4.5;Dirigenti scolastici ed equiparati;"Le professioni comprese in questa unità dirigono, coordinano e organizzano l'attività delle istituzioni scolastiche di ogni ordine e grado, pubbliche e private riconosciute, assicurano e sono responsabili della gestione delle risorse finanziarie e strumentali dell'istituzione scolastica, ne hanno la rappresentanza legale. Valorizzano le risorse umane, promuovono interventi e attività per assicurare la qualità dei processi formativi e la collaborazione delle risorse culturali, professionali, sociali ed economiche del territorio; garantiscono l'esercizio della libertà di insegnamento e di innovazione metodologica e didattica, la scelta educativa delle famiglie e l'attuazione del diritto all'apprendimento da parte degli alunni. Coinvolgono il personale docente e gli organi collegiali nelle decisioni in materia di organizzazione delle attività scolastiche, di didattica ed offerta formativa."
CP-2021;5;11246;1124;1.1.2.4.6;Segretari comunali e provinciali;"Le professioni classificate in questa unità svolgono, in ciascun comune ed ogni provincia, compiti di collaborazione e funzioni di assistenza giuridico-amministrativa nei confronti degli organi dell'ente in ordine alla conformità dell'azione amministrativa alle leggi, allo statuto e ai regolamenti. Sovrintendono allo svolgimento delle funzioni dei dirigenti dell’ente e ne coordinano l'attività. Partecipano con funzioni consultive, referenti e di assistenza alle riunioni del consiglio e della giunta e ne curano la verbalizzazione; esprimono il parere previsto in relazione agli atti della giunta e del consiglio dell’ ente in assenza dei responsabili dei servizi; rogano, su richiesta dell’ente, i contratti nei quali l’ente è parte e autentica scritture private ed atti unilaterali nell'interesse dell'ente; esercitano ogni altra funzione attribuitagli dallo statuto o dai regolamenti, o conferitagli dal sindaco o dal presidente della provincia. Esercitano le funzioni di direttore generale, ove conferite dal Sindaco, nei comuni con popolazione superiore ai 100.000 abitanti. Sono, di norma, Responsabili della prevenzione della corruzione e della trasparenza. "
CP-2021;5;11310;1131;1.1.3.1.0;Magistrati con funzioni direttive superiori, di indirizzo e di coordinamento;Le professioni classificate in questa unità presiedono, dirigono e organizzano gli uffici giudiziari e le loro articolazioni interne, ne coordinano le attività, distribuiscono il lavoro fra i giudici, vigilano sulla loro attività e su quelle dei servizi ausiliari, curano e garantiscono lo scambio di informazioni giurisprudenziali.
CP-2021;5;11411;1141;1.1.4.1.1;Dirigenti di partiti e movimenti politici;"Le professioni classificate in questa unità definiscono, promuovono, dirigono e attuano le politiche e le strategie dei partiti e movimenti politici; organizzano campagne elettorali e di propaganda."
CP-2021;5;11412;1141;1.1.4.1.2;Dirigenti di sindacati e altre organizzazioni a tutela di interessi economici e sociali;"Le professioni classificate in questa unità definiscono, promuovono, dirigono e attuano le politiche e le strategie delle organizzazioni sindacali ovvero di altre associazioni che tutelano gli interessi economici dei cittadini, di categorie economiche o sociali; rappresentano le suddette organizzazioni o associazioni nei confronti di parti terze e agiscono per loro conto; organizzano campagne di promozione delle finalità associative nonché il reclutamento e la formazione degli associati."
CP-2021;5;11420;1142;1.1.4.2.0;Dirigenti di associazioni umanitarie, culturali, scientifiche e sportive di interesse nazionale o sovranazionale;"Le professioni classificate in questa unità definiscono, promuovono, dirigono e attuano le politiche e le strategie delle organizzazioni di cui fanno parte; le rappresentano nei confronti di parti terze e agiscono per loro conto; organizzano campagne di promozione delle finalità associative nonché il reclutamento e la formazione degli associati."
CP-2021;5;12110;1211;1.2.1.1.0;Imprenditori e amministratori di grandi aziende che operano nell'agricoltura, nell'allevamento, nella silvicoltura, nella caccia e nella pesca;Le professioni classificate in questa unità guidano imprese o organizzazioni che operano nel settore economico dell’agricoltura, silvicoltura e pesca, classificato sotto la Sezione A della Classificazione delle attività economiche, direttamente come proprietari o per conto della proprietà, le rappresentano nei confronti di terze parti e, con il supporto di uno o più direttori che coordinano strutture dirigenziali, ne definiscono, pianificano, dirigono e coordinano le politiche, le strategie produttive e le attività, generalmente seguendo le direttive di un consiglio di amministrazione o di direzione a cui rispondono per le decisioni prese e i risultati ottenuti.
CP-2021;5;12121;1212;1.2.1.2.1;Imprenditori e amministratori di grandi aziende che operano nella manifattura e nell'estrazione di minerali;Le professioni classificate in questa unità guidano imprese o organizzazioni che operano nei settori economici delle attività estrattive e manifatturiere, classificati sotto le Sezioni B e C della Classificazione delle attività economiche, direttamente come proprietari o per conto della proprietà, le rappresentano nei confronti di terze parti e, con il supporto di uno o più direttori che coordinano strutture dirigenziali, ne definiscono, pianificano, dirigono e coordinano le politiche, le strategie produttive e le attività, generalmente seguendo le direttive di un consiglio di amministrazione o di direzione a cui rispondono per le decisioni prese e i risultati ottenuti.
CP-2021;5;12122;1212;1.2.1.2.2;Imprenditori e amministratori di grandi aziende che operano nella produzione e distribuzione di energia elettrica, gas e acqua e nella gestione dei rifiuti;Le professioni classificate in questa unità guidano imprese o organizzazioni che operano nei settori economici della fornitura di energia elettrica, gas, vapore e aria condizionata, della fornitura di acqua delle reti fognarie e delle attività di trattamento dei rifiuti e risanamento, classificati rispettivamente sotto le Sezioni D ed E della Classificazione delle attività economiche, direttamente come proprietari o per conto della proprietà, le rappresentano nei confronti di terze parti e, con il supporto di uno o più direttori che coordinano strutture dirigenziali, ne definiscono, pianificano, dirigono e coordinano le politiche, le strategie produttive e le attività, generalmente seguendo le direttive di un consiglio di amministrazione o di direzione a cui rispondono per le decisioni prese e i risultati ottenuti. Nelle attività di pianificazione e coordinamento strategico si relazionano anche con l'amministrazione centrale e gli Enti locali per erogare, nel rispetto di complesse normative nazionali e comunitarie, servizi di pubblico interesse contraddistinti da un'elevata caratterizzazione ambientale. Possono interagire, inoltre, con le comunità locali, applicando tecniche e strumenti di progettazione partecipata per facilitare la condivisione e accettazione di grandi opere e progetti con possibili impatti ambientali e/o socio-economici.
CP-2021;5;12130;1213;1.2.1.3.0;Imprenditori e amministratori di grandi aziende di costruzioni;Le professioni classificate in questa unità guidano imprese o organizzazioni che operano nel settore economico delle costruzioni, classificato sotto la Sezione F della Classificazione delle attività economiche, direttamente come proprietari o per conto della proprietà, le rappresentano nei confronti di terze parti e, con il supporto di uno o più direttori che coordinano strutture dirigenziali, ne definiscono, pianificano, dirigono e coordinano le politiche, le strategie produttive e le attività, generalmente seguendo le direttive di un consiglio di amministrazione o di direzione a cui rispondono per le decisioni prese e i risultati ottenuti.
CP-2021;5;12141;1214;1.2.1.4.1;"Imprenditori e amministratori di grandi aziende nel commercio e riparazione di autoveicoli e motocicli
";"Le professioni classificate in questa unità guidano imprese o organizzazioni che operano nel settore economico del commercio all’ingrosso e al dettaglio e della riparazione di autoveicoli e motocicli, classificato nella Divisione 45 della Classificazione delle attività economiche, direttamente come proprietari o per conto della proprietà, le rappresentano nei confronti di terze parti e, con il supporto di uno o più direttori che coordinano strutture dirigenziali, ne definiscono, pianificano, dirigono e coordinano le politiche, le strategie produttive e le attività, generalmente seguendo le direttive di un consiglio di amministrazione o di direzione a cui rispondono per le decisioni prese e i risultati ottenuti. Nello svolgimento delle loro attività, adattano le loro strategie a un mercato ad elevato dinamismo, caratterizzato da intensa accelerazione tecnologica e dematerializzazione del prodotto, che rende necessari visione sistemica, approccio evolutivo, propensione all’interdisciplinarità e capacità di valutazione delle anticipazioni strategiche del prodotto venduto in termini di personalizzazione dei servizi.
"
CP-2021;5;12142;1214;1.2.1.4.2;"Imprenditori e amministratori di grandi aziende nel commercio di beni (esclusi autoveicoli e motocicli)
";Le professioni classificate in questa unità guidano imprese o organizzazioni che operano nel settore economico del commercio all’ingrosso e al dettaglio di beni (esclusi autoveicoli e motocicli), classificato nelle Divisioni 46 e 47 della Classificazione delle attività economiche, direttamente come proprietari o per conto della proprietà, le rappresentano nei confronti di terze parti e, con il supporto di uno o più direttori che coordinano strutture dirigenziali, ne definiscono, pianificano, dirigono e coordinano le politiche, le strategie produttive e le attività, generalmente seguendo le direttive di un consiglio di amministrazione o di direzione a cui rispondono per le decisioni prese e i risultati ottenuti.
CP-2021;5;12150;1215;1.2.1.5.0;Imprenditori e amministratori di grandi aziende nei servizi di alloggio e ristorazione;Le professioni classificate in questa unità guidano imprese o organizzazioni che operano nel settore economico dei servizi di alloggio e ristorazione, classificato sotto la Sezione I della Classificazione delle attività economiche, direttamente come proprietari o per conto della proprietà, le rappresentano nei confronti di terze parti e, con il supporto di uno o più direttori che coordinano strutture dirigenziali, ne definiscono, pianificano, dirigono e coordinano le politiche, le strategie produttive e le attività, generalmente seguendo le direttive di un consiglio di amministrazione o di direzione a cui rispondono per le decisioni prese e i risultati ottenuti.
CP-2021;5;12161;1216;1.2.1.6.1;Imprenditori e amministratori di grandi aziende nel settore dei trasporti e magazzinaggio;Le professioni classificate in questa unità guidano imprese o organizzazioni che operano nel settore economico dei trasporti e del magazzinaggio, classificato nella Sezione H della Classificazione delle attività economiche, direttamente come proprietari o per conto della proprietà, le rappresentano nei confronti di terze parti e, con il supporto di uno o più direttori che coordinano strutture dirigenziali, ne definiscono, pianificano, dirigono e coordinano le politiche, le strategie produttive e le attività, generalmente seguendo le direttive di un consiglio di amministrazione o di direzione a cui rispondono per le decisioni prese e i risultati ottenuti.
CP-2021;5;12162;1216;1.2.1.6.2;Imprenditori e amministratori di grandi aziende nei servizi editoriali, di produzione cinematografica, radiofonica e televisiva;Le professioni classificate in questa unità guidano imprese o organizzazioni che operano nelle attività editoriali, di produzione cinematografica, di video e di programmi televisivi, di registrazioni musicali e sonore, e delle attività di programmazione e trasmissione, classificate rispettivamente nelle Divisioni 58, 59 e 60 della Classificazione delle attività economiche, direttamente come proprietari o per conto della proprietà, le rappresentano nei confronti di terze parti e, con il supporto di uno o più direttori che coordinano strutture dirigenziali, ne definiscono, pianificano, dirigono e coordinano le politiche, le strategie produttive e le attività, generalmente seguendo le direttive di un consiglio di amministrazione o di direzione a cui rispondono per le decisioni prese e i risultati ottenuti.
CP-2021;5;12163;1216;1.2.1.6.3;Imprenditori e amministratori di grandi aziende nei servizi informatici e di telecomunicazione;Le professioni classificate in questa unità guidano imprese o organizzazioni che operano nelle telecomunicazioni, nella produzione di software, nella consulenza informatica e attività connesse e nelle attività dei servizi di informazione e altri servizi informatici, classificati rispettivamente nelle Divisioni 61, 62 e 63 della Classificazione delle attività economiche, direttamente come proprietari o per conto della proprietà, le rappresentano nei confronti di terze parti e, con il supporto di uno o più direttori che coordinano strutture dirigenziali, ne definiscono, pianificano, dirigono e coordinano le politiche, le strategie produttive e le attività, generalmente seguendo le direttive di un consiglio di amministrazione o di direzione a cui rispondono per le decisioni prese e i risultati ottenuti.
CP-2021;5;12170;1217;1.2.1.7.0;Imprenditori e amministratori di grandi banche, assicurazioni, agenzie immobiliari, di intermediazione finanziaria;Le professioni classificate in questa unità guidano imprese o organizzazioni che operano nei settori economici delle attività finanziarie, assicurative e immobiliari, classificati rispettivamente sotto le Sezioni K e L della Classificazione delle attività economiche, direttamente come proprietari o per conto della proprietà, le rappresentano nei confronti di terze parti e, con il supporto di uno o più direttori che coordinano strutture dirigenziali, ne definiscono, pianificano, dirigono e coordinano le politiche, le strategie produttive e le attività, generalmente seguendo le direttive di un consiglio di amministrazione o di direzione a cui rispondono per le decisioni prese e i risultati ottenuti.
CP-2021;5;12180;1218;1.2.1.8.0;Imprenditori e amministratori di grandi aziende nei servizi alle imprese e alle persone;Le professioni classificate in questa unità guidano imprese o organizzazioni che operano nei settori economici delle attività professionali, scientifiche e tecniche, delle attività amministrative e di servizi di supporto e delle altre attività di servizi, classificati rispettivamente sotto le Sezioni M, N e S della Classificazione delle attività economiche, direttamente come proprietari o per conto della proprietà, le rappresentano nei confronti di terze parti e, con il supporto di uno o più direttori che coordinano strutture dirigenziali, ne definiscono, pianificano, dirigono e coordinano le politiche, le strategie produttive e le attività, generalmente seguendo le direttive di un consiglio di amministrazione o di direzione a cui rispondono per le decisioni prese e i risultati ottenuti.
CP-2021;5;12191;1219;1.2.1.9.1;Imprenditori e amministratori di grandi istituti scolastici, universitari e di ricerca privati;Le professioni classificate in questa unità guidano imprese o organizzazioni private che operano nel settore economico dell’istruzione, classificato sotto la Sezione P della Classificazione delle attività economiche, direttamente come proprietari o per conto della proprietà, le rappresentano nei confronti di terze parti e, con il supporto di uno o più direttori che coordinano strutture dirigenziali, ne definiscono, pianificano, dirigono e coordinano le politiche, le strategie produttive e le attività, generalmente seguendo le direttive di un consiglio di amministrazione o di direzione a cui rispondono per le decisioni prese e i risultati ottenuti.
CP-2021;5;12192;1219;1.2.1.9.2;Imprenditori e amministratori di grandi ospedali, cliniche private o grandi aziende di assistenza sociale;Le professioni classificate in questa unità guidano imprese o organizzazioni private che operano nel settore economico della sanità e dell’assistenza sociale, classificato sotto la Sezione Q della Classificazione delle attività economiche, direttamente come proprietari o per conto della proprietà, le rappresentano nei confronti di terze parti e, con il supporto di uno o più direttori che coordinano strutture dirigenziali, ne definiscono, pianificano, dirigono e coordinano le politiche, le strategie produttive e le attività, generalmente seguendo le direttive di un consiglio di amministrazione o di direzione a cui rispondono per le decisioni prese e i risultati ottenuti.
CP-2021;5;12193;1219;1.2.1.9.3;Imprenditori e amministratori di grandi aziende nel settore delle attività sportive, ricreative, di intrattenimento e di divertimento;Le professioni classificate in questa unità guidano imprese o organizzazioni che operano nel settore economico delle attività sportive, ricreative, di intrattenimento e di divertimento, classificato sotto la Sezione R della Classificazione delle attività economiche, direttamente come proprietari o per conto della proprietà, le rappresentano nei confronti di terze parti e, con il supporto di uno o più direttori che coordinano strutture dirigenziali, ne definiscono, pianificano, dirigono e coordinano le politiche, le strategie produttive e le attività, generalmente seguendo le direttive di un consiglio di amministrazione o di direzione a cui rispondono per le decisioni prese e i risultati ottenuti.
CP-2021;5;12210;1221;1.2.2.1.0;Direttori e dirigenti generali di aziende che operano nell'agricoltura, nell'allevamento, nella silvicoltura, nella caccia e nella pesca;Le professioni classificate in questa unità, nell'ambito delle imprese o organizzazioni che operano nel settore economico dell’agricoltura, silvicoltura e pesca, classificato sotto la Sezione A della Classificazione delle attività economiche, programmano, dirigono e coordinano le attività inerenti la produzione di beni e di servizi dell’impresa o dell’organizzazione in cui operano e assicurano l’utilizzazione efficiente delle risorse a disposizione e il raggiungimento degli obiettivi produttivi prefissati. Generalmente tali attività vengono esercitate in ottemperanza delle direttive degli organi decisionali dell’impresa o dell’organizzazione a cui rispondono per le decisioni prese e i risultati ottenuti, in collaborazione con le altre direzioni in cui l’impresa o l’organizzazione è strutturata.
CP-2021;5;12221;1222;1.2.2.2.1;Direttori e dirigenti generali di aziende che operano nella manifattura e nell'estrazione dei minerali;"Le professioni classificate in questa unità, nell'ambito delle imprese o organizzazioni che operano nei settori economici delle attività estrattive e manifatturiere, classificati sotto le Sezioni B e C della Classificazione delle attività economiche, programmano, dirigono e coordinano le attività inerenti la produzione di beni e di servizi dell’impresa o dell’organizzazione in cui operano e assicurano l’utilizzazione efficiente delle risorse a disposizione e il raggiungimento degli obiettivi produttivi prefissati. Generalmente tali attività vengono esercitate in ottemperanza delle direttive degli organi decisionali dell’impresa o dell’organizzazione a cui rispondono per le decisioni prese e i risultati ottenuti, in collaborazione con le altre direzioni in cui l’impresa o l’organizzazione è strutturata.
"
CP-2021;5;12222;1222;1.2.2.2.2;Direttori e dirigenti generali di aziende che operano nella produzione e distribuzione di energia elettrica, gas, acqua e nelle attività di gestione dei rifiuti;"Le professioni classificate in questa unità, nell'ambito delle imprese o organizzazioni che operano nei settori economici della fornitura di energia elettrica, gas, vapore e aria condizionata, della fornitura di acqua delle reti fognarie e delle attività di trattamento dei rifiuti e risanamento, classificati rispettivamente sotto le Sezioni D ed E della Classificazione delle attività economiche, programmano, dirigono e coordinano le attività inerenti la produzione di beni e di servizi dell’impresa o dell’organizzazione in cui operano e assicurano l’utilizzazione efficiente delle risorse a disposizione e il raggiungimento degli obiettivi produttivi prefissati. Generalmente tali attività vengono esercitate in ottemperanza delle direttive degli organi decisionali dell’impresa o dell’organizzazione a cui rispondono per le decisioni prese e i risultati ottenuti, in collaborazione con le altre direzioni in cui l’impresa o l’organizzazione è strutturata. Inoltre, operando per erogare servizi di pubblico interesse contraddistinti da un'elevata caratterizzazione ambientale, nel rispetto di complesse normative nazionali e comunitarie, possono relazionarsi con l’amministrazione centrale e gli Enti locali.
"
CP-2021;5;12230;1223;1.2.2.3.0;Direttori e dirigenti generali di aziende nelle costruzioni;Le professioni classificate in questa unità, nell'ambito delle imprese o organizzazioni che operano nel settore economico delle costruzioni, classificato sotto la Sezione F della Classificazione delle attività economiche, programmano, dirigono e coordinano le attività inerenti la produzione di beni e di servizi dell’impresa o dell’organizzazione in cui operano e assicurano l’utilizzazione efficiente delle risorse a disposizione e il raggiungimento degli obiettivi produttivi prefissati. Generalmente tali attività vengono esercitate in ottemperanza delle direttive degli organi decisionali dell’impresa o dell’organizzazione a cui rispondono per le decisioni prese e i risultati ottenuti, in collaborazione con le altre direzioni in cui l’impresa o l’organizzazione è strutturata.
CP-2021;5;12241;1224;1.2.2.4.1;Direttori e dirigenti generali di aziende nel commercio e riparazione di autoveicoli e motocicli;Le professioni classificate in questa unità, nell'ambito delle imprese o organizzazioni che operano nel settore economico del commercio all’ingrosso e al dettaglio e della riparazione di autoveicoli e motocicli, classificato nella Divisione 45 della Classificazione delle attività economiche, programmano, dirigono e coordinano le attività inerenti la produzione di servizi dell’impresa o dell’organizzazione in cui operano e assicurano l’utilizzazione efficiente delle risorse a disposizione e il raggiungimento degli obiettivi produttivi prefissati. Generalmente tali attività vengono esercitate in ottemperanza delle direttive degli organi decisionali dell’impresa o dell’organizzazione a cui rispondono per le decisioni prese e i risultati ottenuti, in collaborazione con le altre direzioni in cui l’impresa o l’organizzazione è strutturata. Realizzando tali attività, individuano, analizzano e propongono strategie adatte a cogliere i cambiamenti legati all'intensa accelerazione tecnologica del settore e anticipano soluzioni strategiche sul prodotto sia per la personalizzazione che per la dematerializzazione dei servizi.
CP-2021;5;12242;1224;1.2.2.4.2;Direttori e dirigenti generali di aziende nel commercio di beni (esclusi autoveicoli e motocicli);Le professioni classificate in questa unità, nell'ambito delle imprese o organizzazioni che operano nel settore economico del commercio all’ingrosso e al dettaglio di beni (esclusi autoveicoli e motocicli), classificato nelle Divisioni 46 e 47 della Classificazione delle attività economiche, programmano, dirigono e coordinano le attività inerenti la produzione di servizi dell’impresa o dell’organizzazione in cui operano e assicurano l’utilizzazione efficiente delle risorse a disposizione e il raggiungimento degli obiettivi produttivi prefissati. Generalmente tali attività vengono esercitate in ottemperanza delle direttive degli organi decisionali dell’impresa o dell’organizzazione a cui rispondono per le decisioni prese e i risultati ottenuti, in collaborazione con le altre direzioni in cui l’impresa o l’organizzazione è strutturata.
CP-2021;5;12250;1225;1.2.2.5.0;Direttori e dirigenti generali di aziende nel settore dei servizi di alloggio e ristorazione;Le professioni classificate in questa unità, nell'ambito delle imprese o organizzazioni che operano nel settore economico dei servizi di alloggio e ristorazione, classificato sotto la Sezione I della Classificazione delle attività economiche, programmano, dirigono e coordinano le attività inerenti la produzione di beni e di servizi dell’impresa o dell’organizzazione in cui operano e assicurano l’utilizzazione efficiente delle risorse a disposizione e il raggiungimento degli obiettivi produttivi prefissati. Generalmente tali attività vengono esercitate in ottemperanza delle direttive degli organi decisionali dell’impresa o dell’organizzazione a cui rispondono per le decisioni prese e i risultati ottenuti, in collaborazione con le altre direzioni in cui l’impresa o l’organizzazione è strutturata.
CP-2021;5;12261;1226;1.2.2.6.1;Direttori e dirigenti generali di aziende nel settore dei trasporti e magazzinaggio;Le professioni classificate in questa unità, nell'ambito delle imprese o organizzazioni che operano nel settore economico dei trasporti e del magazzinaggio, classificato sotto la Sezione H della Classificazione delle attività economiche programmano, dirigono e coordinano le attività inerenti la produzione di beni e di servizi dell’impresa o dell’organizzazione in cui operano e assicurano l’utilizzazione efficiente delle risorse a disposizione e il raggiungimento degli obiettivi produttivi prefissati. Generalmente tali attività vengono esercitate in ottemperanza delle direttive degli organi decisionali dell’impresa o dell’organizzazione a cui rispondono per le decisioni prese e i risultati ottenuti, in collaborazione con le altre direzioni in cui l’impresa o l’organizzazione è strutturata.
CP-2021;5;12262;1226;1.2.2.6.2;Direttori e dirigenti generali di aziende nei servizi editoriali, di produzione cinematografica, radiofonica e televisiva;Le professioni classificate in questa unità, nell'ambito delle imprese o organizzazioni che operano nelle attività editoriali, di produzione cinematografica, di video e di programmi televisivi, di registrazioni musicali e sonore, e delle attività di programmazione e trasmissione, classificate rispettivamente nelle Divisioni 58, 59 e 60 della Classificazione delle attività economiche, programmano, dirigono e coordinano le attività inerenti la produzione di beni e di servizi dell’impresa o dell’organizzazione in cui operano e assicurano l’utilizzazione efficiente delle risorse a disposizione e il raggiungimento degli obiettivi produttivi prefissati. Generalmente tali attività vengono esercitate in ottemperanza delle direttive degli organi decisionali dell’impresa o dell’organizzazione a cui rispondono per le decisioni prese e i risultati ottenuti, in collaborazione con le altre direzioni in cui l’impresa o l’organizzazione è strutturata.
CP-2021;5;12263;1226;1.2.2.6.3;Direttori e dirigenti generali di aziende nei servizi informatici e di telecomunicazione;Le professioni classificate in questa unità, nell'ambito delle imprese o organizzazioni che operano nelle telecomunicazioni, nella produzione di software, nella consulenza informatica e attività connesse e nelle attività dei servizi di informazione e altri servizi informatici, classificate rispettivamente nelle Divisioni 61, 62 e 63 della Classificazione delle attività economiche, programmano, dirigono e coordinano le attività inerenti la produzione di beni e di servizi dell’impresa o dell’organizzazione in cui operano e assicurano l’utilizzazione efficiente delle risorse a disposizione e il raggiungimento degli obiettivi produttivi prefissati. Generalmente tali attività vengono esercitate in ottemperanza delle direttive degli organi decisionali dell’impresa o dell’organizzazione a cui rispondono per le decisioni prese e i risultati ottenuti, in collaborazione con le altre direzioni in cui l’impresa o l’organizzazione è strutturata.
CP-2021;5;12270;1227;1.2.2.7.0;Direttori e dirigenti generali di banche, assicurazioni, agenzie immobiliari e di intermediazione finanziaria;Le professioni classificate in questa unità, nell'ambito delle imprese o organizzazioni che operano nel settore economico delle attività finanziarie, assicurative e immobiliari, classificato sotto le Sezioni K e L della Classificazione delle attività economiche, programmano, dirigono e coordinano le attività inerenti la produzione di servizi dell’impresa o dell’organizzazione in cui operano e assicurano l’utilizzazione efficiente delle risorse a disposizione e il raggiungimento degli obiettivi produttivi prefissati. Generalmente tali attività vengono esercitate in ottemperanza delle direttive degli organi decisionali dell’impresa o dell’organizzazione a cui rispondono per le decisioni prese e i risultati ottenuti, in collaborazione con le altre direzioni in cui l’impresa o l’organizzazione è strutturata.
CP-2021;5;12280;1228;1.2.2.8.0;Direttori e dirigenti generali di aziende di servizi alle imprese e alle persone;Le professioni classificate in questa unità, nell'ambito delle imprese o organizzazioni che operano nei settori economici delle attività professionali, scientifiche e tecniche, delle attività amministrative e di servizi di supporto e delle altre attività di servizi, classificati rispettivamente sotto le Sezioni M, N e S della Classificazione delle attività economiche, programmano, dirigono e coordinano le attività inerenti la produzione di beni e di servizi dell’impresa o dell’organizzazione in cui operano e assicurano l’utilizzazione efficiente delle risorse a disposizione e il raggiungimento degli obiettivi produttivi prefissati. Generalmente tali attività vengono esercitate in ottemperanza delle direttive degli organi decisionali dell’impresa o dell’organizzazione a cui rispondono per le decisioni prese e i risultati ottenuti, in collaborazione con le altre direzioni in cui l’impresa o l’organizzazione è strutturata.
CP-2021;5;12290;1229;1.2.2.9.0;Direttori e dirigenti generali di aziende nel settore delle attività sportive, ricreative, di intrattenimento e divertimento;Le professioni classificate in questa unità, nell'ambito delle imprese o organizzazioni che operano nel settore economico delle attività artistiche, sportive, di intrattenimento e di divertimento classificati sotto la Sezione R della Classificazione delle attività economiche, programmano, dirigono e coordinano le attività inerenti la produzione di beni e di servizi dell’impresa o dell’organizzazione in cui operano e assicurano l’utilizzazione efficiente delle risorse a disposizione e il raggiungimento degli obiettivi produttivi prefissati. Generalmente tali attività vengono esercitate in ottemperanza delle direttive degli organi decisionali dell’impresa o dell’organizzazione a cui rispondono per le decisioni prese e i risultati ottenuti, in collaborazione con le altre direzioni in cui l’impresa o l’organizzazione è strutturata.
CP-2021;5;12310;1231;1.2.3.1.0;Direttori e dirigenti della finanza ed amministrazione;Le professioni classificate in questa unità programmano, dirigono e coordinano l’amministrazione interna e/o le operazioni finanziarie, definiscono le procedure amministrative, verificano e controllano la spesa e l’uso adeguato delle risorse.
CP-2021;5;12320;1232;1.2.3.2.0;Direttori e dirigenti dell'organizzazione, gestione delle risorse umane e delle relazioni industriali;"Le professioni classificate in questa unità definiscono, dirigono e coordinano le politiche relative al personale e alle relazioni sindacali, i programmi di reclutamento e di formazione del personale, la struttura salariale, i percorsi di carriera; sovrintendono all’applicazione dei criteri di sicurezza e di salvaguardia della salute dei lavoratori."
CP-2021;5;12330;1233;1.2.3.3.0;Direttori e dirigenti delle vendite e commercializzazione;"Le professioni classificate in questa unità definiscono, dirigono e coordinano le strategie di vendita, di commercializzazione e di distribuzione dei beni o dei servizi prodotti; ne definiscono i prezzi di mercato, gli sconti, le promozioni e gli incentivi da applicare."
CP-2021;5;12340;1234;1.2.3.4.0;Direttori e dirigenti della comunicazione, pubblicità e pubbliche relazioni;Le professioni classificate in questa unità definiscono, dirigono e coordinano le strategie di comunicazione e pubblicitarie, ne negoziano i costi di diffusione, curano l’immagine dell’impresa presso cui operano definendo e gestendo programmi di informazione diretti al pubblico o a particolari corpi sociali, programmi di sostegno ad attività benefiche, culturali, sportive e ad organizzazioni umanitarie.
CP-2021;5;12350;1235;1.2.3.5.0;Direttori e dirigenti dell'approvvigionamento e distribuzione;"Le professioni classificate in questa unità pianificano, dirigono e coordinano gli approvvigionamenti, il magazzino scorte e la logistica interna dei materiali e delle attrezzature necessarie al funzionamento dell’impresa in cui operano; individuano i sistemi di inventario e di controllo dei consumi; definiscono le procedure e negoziano gli acquisti con i fornitori, assicurandone la qualità."
CP-2021;5;12360;1236;1.2.3.6.0;Direttori e dirigenti dei servizi informatici;"Le professioni classificate in questa unità sovrintendono al corretto funzionamento dei sistemi e dei servizi informatici; ne pianificano, dirigono e coordinano l’acquisto, l’installazione, l’aggiornamento e la manutenzione; definiscono le priorità e i modi dell’informatizzazione delle procedure e delle attività dell'impresa, sovrintendono al rispetto delle norme sul trattamento delle informazioni in materia di sicurezza e di tutela dei dati personali."
CP-2021;5;12370;1237;1.2.3.7.0;Direttori e dirigenti della ricerca e sviluppo;Le professioni classificate in questa unità pianificano, dirigono e coordinano, per l’impresa o su commessa esterna  attività di ricerca finalizzate a migliorare e sviluppare i processi tecnici di produzione, i beni o i servizi prodotti, i materiali necessari a produrli e il loro uso, i modi e le tecnologie di distribuzione, sovrintendendo al deposito dei brevetti.
CP-2021;5;12380;1238;1.2.3.8.0;Direttori e dirigenti della pianificazione e delle policy;"Le professioni classificate in questa categoria pianificano, organizzano, dirigono e coordinano le attività di consulenza politica e di pianificazione strategica all'interno di istituzioni pubbliche o organizzazioni private; gestiscono le attività di imprese che forniscono servizi di pianificazione politica e strategica, anche in un'ottica di sostenibilità economica, ambientale e sociale."
CP-2021;5;13110;1311;1.3.1.1.0;Imprenditori e responsabili di piccole aziende che operano nell'agricoltura, nell'allevamento, nella silvicoltura, nella caccia e nella pesca;"Le professioni classificate in questa unità sono a capo di piccole imprese di cui definiscono, pianificano, implementano e gestiscono le politiche e le strategie di produzione e valutano i risultati; negoziano con i fornitori e i clienti, programmano e controllano l’uso efficiente delle risorse; reclutano personale e definiscono i processi di innovazione organizzativa e produttiva. Le professioni classificate in questa unità esercitano le attività descritte in imprese o organizzazioni che operano nel settore economico dell’agricoltura, silvicoltura e pesca classificato sotto la Sezione A della Classificazione delle attività economiche. Tali attività sono esercitate in imprese che dispongono di un apparato organizzativo semplice, che non prevede livelli intermedi di coordinamento (nessun direttore che coordina strutture dirigenziali) a supporto dell’imprenditore nella sua attività. Le professioni comprese in questa unità possono essere saltuariamente impegnate nel processo materiale di produzione."
CP-2021;5;13121;1312;1.3.1.2.1;Imprenditori e responsabili di piccole aziende che operano nella manifattura e nell'estrazione di minerali;"Le professioni classificate in questa unità sono a capo di piccole imprese di cui definiscono, pianificano, implementano e gestiscono le politiche e le strategie di produzione e valutano i risultati; negoziano con i fornitori e i clienti, programmano e controllano l’uso efficiente delle risorse; reclutano personale e definiscono i processi di innovazione organizzativa e produttiva. Le professioni classificate in questa unità esercitano le attività descritte in imprese o organizzazioni che operano nei settori economici delle attività estrattive e manifatturiere, classificati sotto le Sezioni B e C della Classificazione delle attività economiche. Tali attività sono esercitate in imprese che dispongono di un apparato organizzativo semplice, che non prevede livelli intermedi di coordinamento (nessun direttore che coordina strutture dirigenziali) a supporto dell’imprenditore nella sua attività. Le professioni comprese in questa unità possono essere saltuariamente impegnate nel processo materiale di produzione."
CP-2021;5;13122;1312;1.3.1.2.2;Imprenditori e responsabili di piccole aziende che operano nella produzione e distribuzione di energia elettrica, gas e acqua e nelle attività di gestione dei rifiuti;"Le professioni classificate in questa unità sono a capo di piccole imprese di cui definiscono, pianificano, implementano e gestiscono le politiche e le strategie di produzione e valutano i risultati; negoziano con i fornitori e i clienti, programmano e controllano l’uso efficiente delle risorse; reclutano personale e definiscono i processi di innovazione organizzativa e produttiva. Le professioni classificate in questa unità esercitano le attività descritte in imprese o organizzazioni che operano nei settori economici della fornitura di energia elettrica, gas, vapore e aria condizionata, della fornitura di acqua delle reti fognarie e delle attività di trattamento dei rifiuti e risanamento, classificati rispettivamente sotto le Sezioni D ed E della Classificazione delle attività economiche. Tali attività sono esercitate in imprese che dispongono di un apparato organizzativo semplice, che non prevede livelli intermedi di coordinamento (nessun direttore che coordina strutture dirigenziali) a supporto dell’imprenditore nella sua attività. Le professioni comprese in questa unità possono essere saltuariamente impegnate nel processo materiale di produzione. Inoltre, operando per erogare servizi di pubblico interesse contraddistinti da un'elevata caratterizzazione ambientale, nel rispetto di complesse normative nazionali e comunitarie, possono relazionarsi con l’amministrazione centrale e gli Enti locali."
CP-2021;5;13130;1313;1.3.1.3.0;Imprenditori e responsabili di piccole aziende nelle costruzioni;"Le professioni classificate in questa unità sono a capo di piccole imprese di cui definiscono, pianificano, implementano e gestiscono le politiche e le strategie di produzione e valutano i risultati; negoziano con i fornitori e i clienti, programmano e controllano l’uso efficiente delle risorse; reclutano personale e definiscono i processi di innovazione organizzativa e produttiva. Le professioni classificate in questa unità esercitano le attività descritte in imprese o organizzazioni che operano nel settore economico delle costruzioni, classificato sotto la Sezione F della Classificazione delle attività economiche. Tali attività sono esercitate in imprese che dispongono di un apparato organizzativo semplice, che non prevede livelli intermedi di coordinamento (nessun direttore che coordina strutture dirigenziali) a supporto dell’imprenditore nella sua attività. Le professioni comprese in questa unità possono essere saltuariamente impegnate nel processo materiale di produzione."
CP-2021;5;13140;1314;1.3.1.4.0;Imprenditori e responsabili di piccole aziende nel commercio;"Le professioni classificate in questa unità sono a capo di piccole imprese di cui definiscono, pianificano, implementano e gestiscono le politiche e le strategie di produzione e valutano i risultati; negoziano con i fornitori e i clienti, programmano e controllano l’uso efficiente delle risorse; reclutano personale e definiscono i processi di innovazione organizzativa e produttiva. Le professioni classificate in questa unità esercitano le attività descritte in imprese o organizzazioni che operano nel settore economico del commercio all’ingrosso e al dettaglio e della riparazione di autoveicoli e motocicli, classificato sotto la Sezione G della Classificazione delle attività economiche. Tali attività sono esercitate in imprese che dispongono di un apparato organizzativo semplice, che non prevede livelli intermedi di coordinamento (nessun direttore che coordina strutture dirigenziali) a supporto dell’imprenditore nella sua attività. Le professioni comprese in questa unità possono essere saltuariamente impegnate nel processo di fornitura dei servizi."
CP-2021;5;13150;1315;1.3.1.5.0;Imprenditori e responsabili di piccoli alberghi, alloggi o aree di campeggio e di piccoli esercizi di ristorazione;"Le professioni classificate in questa unità sono a capo di piccole imprese di cui definiscono, pianificano, implementano e gestiscono le politiche e le strategie di produzione e valutano i risultati; negoziano con i fornitori e i clienti, programmano e controllano l’uso efficiente delle risorse; reclutano personale e definiscono i processi di innovazione organizzativa e produttiva. Le professioni classificate in questa unità esercitano le attività descritte in imprese o organizzazioni che operano nel settore economico dei servizi di alloggio e ristorazione, classificato sotto la Sezione I della Classificazione delle attività economiche. Tali attività sono esercitate in imprese che dispongono di un apparato organizzativo semplice, che non prevede livelli intermedi di coordinamento (nessun direttore che coordina strutture dirigenziali) a supporto dell’imprenditore nella sua attività. Le professioni comprese in questa unità possono essere saltuariamente impegnate nel processo di fornitura dei servizi."
CP-2021;5;13161;1316;1.3.1.6.1;Imprenditori e responsabili di piccole aziende nei trasporti e magazzinaggio;"Le professioni classificate in questa unità sono a capo di piccole imprese di cui definiscono, pianificano, implementano e gestiscono le politiche e le strategie di produzione e valutano i risultati; negoziano con i fornitori e i clienti, programmano e controllano l’uso efficiente delle risorse; reclutano personale e definiscono i processi di innovazione organizzativa e produttiva. Le professioni classificate in questa unità esercitano le attività descritte in imprese o organizzazioni che operano nel settore economico dei trasporti e del magazzinaggio, classificato sotto la Sezione H della Classificazione delle attività economiche. Tali attività sono esercitate in imprese che dispongono di un apparato organizzativo semplice, che non prevede livelli intermedi di coordinamento (nessun direttore che coordina strutture dirigenziali) a supporto dell’imprenditore nella sua attività. Le professioni comprese in questa unità possono essere saltuariamente impegnate nel processo di fornitura dei servizi."
CP-2021;5;13162;1316;1.3.1.6.2;Imprenditori e responsabili di piccole aziende nei servizi editoriali, di produzione cinematografica, radiofonica e televisiva;"Le professioni classificate in questa unità sono a capo di piccole imprese di cui definiscono, pianificano, implementano e gestiscono le politiche e le strategie di produzione e valutano i risultati; negoziano con i fornitori e i clienti, programmano e controllano l’uso efficiente delle risorse; reclutano personale e definiscono i processi di innovazione organizzativa e produttiva. Le professioni classificate in questa unità esercitano le attività descritte in imprese o organizzazioni che operano nelle attività editoriali, di produzione cinematografica, di video e di programmi televisivi, di registrazioni musicali e sonore, e delle attività di programmazione e trasmissione, classificate rispettivamente nelle Divisioni 58, 59 e 60 della Classificazione delle attività economiche. Tali attività sono esercitate in imprese che dispongono di un apparato organizzativo semplice, che non prevede livelli intermedi di coordinamento (nessun direttore che coordina strutture dirigenziali) a supporto dell’imprenditore nella sua attività. Le professioni comprese in questa unità possono essere saltuariamente impegnate nel processo di fornitura dei servizi."
CP-2021;5;13163;1316;1.3.1.6.3;Imprenditori e responsabili di piccole aziende nei servizi informatici e di telecomunicazione;"Le professioni classificate in questa unità sono a capo di piccole imprese di cui definiscono, pianificano, implementano e gestiscono le politiche e le strategie di produzione e valutano i risultati; negoziano con i fornitori e i clienti, programmano e controllano l’uso efficiente delle risorse; reclutano personale e definiscono i processi di innovazione organizzativa e produttiva. Le professioni classificate in questa unità esercitano le attività descritte in imprese o organizzazioni che operano nelle telecomunicazioni, nella produzione di software, nella consulenza informatica e attività connesse e nelle attività dei servizi di informazione e altri servizi informatici, classificate rispettivamente nelle Divisioni 61, 62 e 63 della Classificazione delle attività economiche. Tali attività sono esercitate in imprese che dispongono di un apparato organizzativo semplice, che non prevede livelli intermedi di coordinamento (nessun direttore che coordina strutture dirigenziali) a supporto dell’imprenditore nella sua attività. Le professioni comprese in questa unità possono essere saltuariamente impegnate nel processo di fornitura dei servizi."
CP-2021;5;13170;1317;1.3.1.7.0;Imprenditori e responsabili di piccoli istituti di credito e di intermediazione finanziaria, assicurativa e immobiliare;"Le professioni classificate in questa unità sono a capo di piccole imprese di cui definiscono, pianificano, implementano, gestiscono le politiche e le strategie e ne valutano i risultati; negoziano con i fornitori e i clienti, programmano e controllano l’uso efficiente delle risorse; reclutano personale e definiscono i processi di innovazione organizzativa e produttiva. Le professioni classificate in questa unità esercitano le attività descritte in imprese o organizzazioni che operano nei settori economici delle attività finanziarie, assicurative e immobiliari, classificati sotto le Sezioni K e L della Classificazione delle attività economiche. Tali attività sono esercitate in imprese che dispongono di un apparato organizzativo semplice, che non prevede livelli intermedi di coordinamento (nessun direttore che coordina strutture dirigenziali) a supporto dell’imprenditore nella sua attività. Le professioni comprese in questa unità possono essere saltuariamente impegnate nel processo di fornitura dei servizi."
CP-2021;5;13180;1318;1.3.1.8.0;Imprenditori e responsabili di piccole aziende nei servizi alle imprese e alle persone;"Le professioni classificate in questa unità sono a capo di piccole imprese di cui definiscono, pianificano, implementano, gestiscono le politiche e le strategie e ne valutano i risultati; negoziano con i fornitori e i clienti, programmano e controllano l’uso efficiente delle risorse; reclutano personale e definiscono i processi di innovazione organizzativa e produttiva. Le professioni classificate in questa unità esercitano le attività descritte in imprese o organizzazioni che operano nei settori economici delle attività professionali, scientifiche e tecniche, delle attività amministrative e di servizi di supporto e delle altre attività di servizi, classificati rispettivamente sotto le Sezioni M, N e S della Classificazione delle attività economiche. Tali attività sono esercitate in imprese che dispongono di un apparato organizzativo semplice, che non prevede livelli intermedi di coordinamento (nessun direttore che coordina strutture dirigenziali) a supporto dell’imprenditore nella sua attività. Le professioni comprese in questa unità possono essere saltuariamente impegnate nel processo di fornitura dei servizi."
CP-2021;5;13191;1319;1.3.1.9.1;Imprenditori e responsabili di piccole aziende nei servizi di istruzione, formazione e ricerca;"Le professioni classificate in questa unità sono a capo di piccole imprese di cui definiscono, pianificano, implementano, gestiscono le politiche e le strategie e ne valutano i risultati; negoziano con i fornitori e i clienti, programmano e controllano l’uso efficiente delle risorse; reclutano personale e definiscono i processi di innovazione organizzativa e produttiva. Le professioni classificate in questa unità esercitano le attività descritte in imprese o organizzazioni che operano nel settore economico dell’istruzione, classificato sotto la Sezione P della Classificazione delle attività economiche. Tali attività sono esercitate in imprese che dispongono di un apparato organizzativo semplice, che non prevede livelli intermedi di coordinamento (nessun direttore che coordina strutture dirigenziali) a supporto dell’imprenditore nella sua attività. Possono essere saltuariamente impegnati nel processo di fornitura dei servizi."
CP-2021;5;13192;1319;1.3.1.9.2;Imprenditori e responsabili di piccole aziende nei servizi di sanità e assistenza sociale;"Le professioni classificate in questa unità sono a capo di piccole imprese di cui definiscono, pianificano, implementano, gestiscono le politiche e le strategie e ne valutano i risultati; negoziano con i fornitori e i clienti, programmano e controllano l’uso efficiente delle risorse; reclutano personale e definiscono i processi di innovazione organizzativa e produttiva. Le professioni classificate in questa unità esercitano le attività descritte in imprese o organizzazioni che operano nel settore economico della sanità e dell’assistenza sociale, classificato sotto la Sezione Q della Classificazione delle attività economiche. Tali attività sono esercitate in imprese che dispongono di un apparato organizzativo semplice, che non prevede livelli intermedi di coordinamento (nessun direttore che coordina strutture dirigenziali) a supporto dell’imprenditore nella sua attività. Le professioni comprese in questa unità possono essere saltuariamente impegnate nel processo di fornitura dei servizi."
CP-2021;5;13193;1319;1.3.1.9.3;Imprenditori e responsabili di piccole aziende nel settore delle attività sportive, ricreative, di intrattenimento e divertimento;"Le professioni classificate in questa unità sono a capo di piccole imprese di cui definiscono, pianificano, implementano, gestiscono le politiche e le strategie e ne valutano i risultati; negoziano con i fornitori e i clienti, programmano e controllano l’uso efficiente delle risorse; reclutano personale e definiscono i processi di innovazione organizzativa e produttiva. Le professioni classificate in questa unità esercitano le attività descritte in imprese o organizzazioni che operano nel settore economico delle attività sportive, ricreative, di intrattenimento e di divertimento, classificato sotto la Sezione R della Classificazione delle attività economiche. Tali attività sono esercitate in imprese che dispongono di un apparato organizzativo semplice, che non prevede livelli intermedi di coordinamento (nessun direttore che coordina strutture dirigenziali) a supporto dell’imprenditore nella sua attività. Le professioni comprese in questa unità possono essere saltuariamente impegnate nel processo di fornitura dei servizi."
CP-2021;5;21111;2111;2.1.1.1.1;Fisici;Le professioni comprese in questa unità conducono ricerche sui fenomeni fisici, individuano e applicano metodi di indagine, formulano teorie e leggi sulla base di osservazioni e di esperimenti, incrementano la conoscenza scientifica in materia, utilizzano tale conoscenza per la soluzione di problemi pratici e la trasferiscono nell'industria, nel settore della ricerca scientifica, della produzione di beni e servizi e nel settore medico della diagnosi, della cura e della prevenzione.
CP-2021;5;21112;2111;2.1.1.1.2;Astronomi ed astrofisici;Le professioni comprese in questa unità conducono ricerche sui fenomeni astronomici, individuano e applicano metodi di indagine, formulano teorie e leggi sulla base di osservazioni e di esperimenti, incrementano la conoscenza scientifica in materia.
CP-2021;5;21121;2112;2.1.1.2.1;Chimici e professioni assimilate;"Le professioni comprese in questa unità conducono ricerche, test, esperimenti ed analisi qualitative e quantitative su sostanze naturali o di sintesi, ne individuano la composizione e le variazioni chimiche ed energetiche, individuano ed applicano metodi di indagine, formulano teorie e leggi sulla base delle osservazioni; migliorano le sostanze e ne sintetizzano di nuove. L'esercizio della professione di Chimico è regolato dalle leggi dello Stato."
CP-2021;5;21122;2112;2.1.1.2.2;Chimici informatori e divulgatori;Le professioni comprese in questa unità incrementano la conoscenza scientifica in materia, utilizzano e trasferiscono tale conoscenza nell'industria, nella medicina, nella farmacologia e in altri settori della produzione. L'esercizio della professione di Informatore scientifico del farmaco è regolato dalle leggi dello Stato.
CP-2021;5;21131;2113;2.1.1.3.1;Matematici;Le professioni comprese in questa unità conducono ricerche su concetti e teorie fondamentali della matematica, incrementano la conoscenza scientifica in materia, applicano le relative teorie e tecniche per individuare soluzioni matematiche da adottare nei vari settori della produzione di beni e servizi e della stessa ricerca scientifica.
CP-2021;5;21132;2113;2.1.1.3.2;Statistici e analisti di dati;Le professioni comprese in questa unità conducono ricerche su concetti e teorie fondamentali della scienza attuariale e della statistica, incrementano la conoscenza scientifica in materia, applicano le relative teorie e tecniche per raccogliere, analizzare e sintetizzare informazioni, per definire modelli di interpretazione dei dati, per individuare soluzioni statistiche da adottare nei vari settori della produzione di beni e servizi e della stessa ricerca scientifica. Applicano conoscenze e competenze per analizzare grandi quantità di dati e creano algoritmi per l'apprendimento automatico e per i sistemi che utilizzano l'intelligenza artificiale. L'esercizio della professione di Attuario è regolato dalle leggi dello Stato.
CP-2021;5;21141;2114;2.1.1.4.1;Geologi;Le professioni comprese in questa unità conducono ricerche su concetti e teorie fondamentali e incrementano la conoscenza scientifica sugli aspetti fisici della crosta terrestre, ne studiano le rocce, i minerali, la composizione e la struttura. L'esercizio della professione di Geologo è regolata dalle leggi dello Stato.
CP-2021;5;21142;2114;2.1.1.4.2;Paleontologi;Le professioni comprese in questa unità conducono ricerche finalizzate a ricostruire la storia biologica della terra attraverso l'analisi di materiale fossile.
CP-2021;5;21143;2114;2.1.1.4.3;Geofisici;Le professioni comprese in questa unità conducono ricerche su concetti e teorie fondamentali e incrementano la conoscenza scientifica sugli aspetti fisici della crosta terrestre, applicano conoscenze di chimica, fisica, biologia e matematica per spiegarne fenomeni e attività, studiano i movimenti tellurici, contribuiscono ad individuare giacimenti di minerali, di gas, di petrolio e sorgenti sotterranee d'acqua.
CP-2021;5;21144;2114;2.1.1.4.4;Meteorologi;Le professioni comprese in questa unità conducono ricerche su concetti e teorie fondamentali e incrementano la conoscenza scientifica sugli aspetti fisici dell'atmosfera terrestre, studiano i fenomeni atmosferici, elaborano ed interpretano dati per prevederli.
CP-2021;5;21145;2114;2.1.1.4.5;Idrologi;Le professioni comprese in questa unità studiano la distribuzione, la circolazione e le proprietà fisiche delle acque sotterranee e di superficie, la forma e l'intensità delle precipitazioni, il tasso di infiltrazione nel suolo, i movimenti delle acque attraverso la terra e il loro ritorno ai mari e nell'atmosfera. Applicano tali conoscenze ai problemi di ingegneria civile.
CP-2021;5;22111;2211;2.2.1.1.1;Ingegneri meccanici;Le professioni comprese in questa unità conducono ricerche ovvero applicano le conoscenze esistenti nel campo della meccanica per disegnare, progettare e controllare funzionalmente, per produrre e manutenere strumenti, motori, macchine ed altre attrezzature meccaniche. Sovrintendono e dirigono tali attività, conducono ricerche e studi sulle caratteristiche tecnologiche dei materiali utilizzati e dei loro processi di produzione.
CP-2021;5;22112;2211;2.2.1.1.2;Ingegneri navali;Le professioni comprese in questa unità conducono ricerche ovvero applicano le conoscenze esistenti nel campo della meccanica per disegnare, progettare e controllare funzionalmente, per produrre e manutenere mezzi di trasporto marini e le parti meccaniche dei relativi sistemi di propulsione e di produzione di energia. Sovrintendono e dirigono tali attività, conducono ricerche e studi sulle caratteristiche tecnologiche dei materiali utilizzati e dei loro processi di produzione.
CP-2021;5;22113;2211;2.2.1.1.3;Ingegneri aerospaziali e astronautici;Le professioni comprese in questa unità conducono ricerche ovvero applicano le conoscenze esistenti nel campo della meccanica per disegnare, progettare e controllare funzionalmente, per produrre e manutenere mezzi di trasporto aerei ed aerospaziali e le parti meccaniche dei relativi sistemi di propulsione e di produzione di energia. Sovrintendono e dirigono tali attività, conducono ricerche e studi sulle caratteristiche tecnologiche dei materiali utilizzati e dei loro processi di produzione.
CP-2021;5;22114;2211;2.2.1.1.4;Ingegneri energetici e nucleari;"Le professioni comprese in questa unità conducono ricerche e applicano le conoscenze esistenti per la produzione e l'utilizzo razionale dell'energiaÂ nei settoriÂ industrialeÂ e civile; studiano nuovi metodi di conversione dell'energia a partire dalle fonti primarie disponibili in natura, conducono ricerche su nuovi sistemi e vettori energetici e sulle problematiche del risparmio energetico e dell'impatto ambientale. Sovrintendono e dirigono tali attività."
CP-2021;5;22121;2212;2.2.1.2.1;Ingegneri metallurgici;"Le professioni comprese in questa unità conducono ricerche ovvero applicano le conoscenze esistenti nel campo della ricerca e della produzione di nuove leghe o di nuove ceramiche; applicano le conoscenze delle caratteristiche tecnologiche di particolari materiali, prodotti e processi. Sovrintendono e dirigono tali attività."
CP-2021;5;22122;2212;2.2.1.2.2;Ingegneri minerari;"Le professioni comprese in questa unità conducono ricerche geologiche e topografiche per individuare cave, giacimenti minerari, di gas e di petrolio; programmano e definiscono le modalità del loro sfruttamento, studiano e progettano sistemi e attrezzature per l'estrazione e il primo trattamento dei minerali e per la sicurezza dei processi di produzione. Sovrintendono e dirigono tali attività."
CP-2021;5;22130;2213;2.2.1.3.0;Ingegneri elettrotecnici;"Le professioni comprese in questa unità applicano le conoscenze esistenti per disegnare, progettare, controllare anche in modo automatico, produrre e manutenere sistemi, motori, apparati e attrezzature rivolte alla generazione, distribuzione ed uso di energia elettrica. Conducono ricerche sugli aspetti tecnologici di particolari materiali e processi; definiscono e progettano standard e procedure per garantire il funzionamento e la sicurezza dei sistemi di generazione e di distribuzione dell'energia elettrica, nonchè dei sistemi e degli apparati da questa alimentati. Sovrintendono e dirigono tali attività."
CP-2021;5;22141;2214;2.2.1.4.1;Ingegneri elettronici;Le professioni comprese in questa unità conducono ricerche ovvero applicano le conoscenze esistenti in materia di elettronica, di proprietà elettroniche dei materiali per disegnare, progettare e controllare funzionalmente sistemi, apparati, circuiti e componenti elettronici per usi commerciali, industriali o scientifici. Sovrintendono e dirigono tali attività.
CP-2021;5;22142;2214;2.2.1.4.2;Ingegneri progettisti di hardware;Le professioni comprese in questa unità applicano le conoscenze esistenti in materia di proprietà elettroniche dei materiali per disegnare, progettare, controllare funzionalmente sistemi, apparati elettronici per usi commerciali, industriali o scientifici. Conducono ricerche, progettano e testano le componenti hardware, le reti e le periferiche di calcolatori. Sovrintendono e dirigono tali attività.
CP-2021;5;22143;2214;2.2.1.4.3;Ingegneri in telecomunicazioni;Le professioni comprese in questa unità applicano le conoscenze esistenti in materia di telecomunicazioni per disegnare, progettare, controllare funzionalmente sistemi, apparati per usi commerciali, industriali o scientifici. Conducono ricerche, progettano e testano apparati, sistemi e reti di telecomunicazioni. Sovrintendono e dirigono tali attività.
CP-2021;5;22144;2214;2.2.1.4.4;ingegneri della automazione   ;"Le professioni comprese in questa unità applicano le conoscenze scientifiche esistenti e le tecnologie abilitanti per l’innovazione dei processi, dei prodotti e dei servizi, per progettare, dirigere, controllare funzionalmente e periziare sistemi produttivi integrati destinati all’automazione in ambiente industriale e civile. Conducono ricerche sugli aspetti tecnologici dei processi e dei sistemi di automazione; definiscono e progettano standard e procedure per garantire il funzionamento e la sicurezza di macchine, attrezzature e apparati rivolti alla produzione automatizzata."
CP-2021;5;22151;2215;2.2.1.5.1;Ingegneri chimici e petroliferi;Le professioni comprese in questa unità conducono ricerche ovvero applicano le conoscenze esistenti nel campo della chimica per progettare e controllare funzionalmente, realizzare e manutenere impianti e sistemi per la produzione di sostanze chimiche, farmaceutiche, prodotti alimentari e derivati dal petrolio. Conducono ricerche e studi per migliorarne i sistemi di produzione e per ottimizzare la produzione e la raffinazione di petrolio e di gas. Sovrintendono e dirigono tali attività.
CP-2021;5;22152;2215;2.2.1.5.2;Ingegneri dei materiali;Le professioni comprese in questa unità conducono ricerche ovvero applicano le conoscenze esistenti in materia di studio e di sviluppo dei materiali conosciuti, di possibili nuovi usi degli stessi, di progettazione e sviluppo di macchinari e processi di produzione di materiali per prodotti con prestazioni particolari. Sovrintendono e dirigono tali attività.
CP-2021;5;22161;2216;2.2.1.6.1;Ingegneri edili e ambientali;"Le professioni comprese in questa unità conducono ricerche ovvero applicano le conoscenze esistenti nel campo della pianificazione urbana e del territorio, della progettazione, della costruzione e della manutenzione di edifici, strade, ferrovie, aeroporti, ponti e sistemi per lo smaltimento dei rifiuti e di altre costruzioni civili e industriali. Definiscono e progettano standard e procedure per garantire la funzionalità e la sicurezza delle strutture. Progettano soluzioni per prevenire, controllare o risanare gli impatti negativi dell'attività antropica sull'ambiente; conducono valutazioni di impatto ambientale di progetti ed opere dell'ingegneria civile o di altre attività si occupano di prevenzione e risanamento dei fenomeni di dissesto idrogeologico e instabilità dei versanti, di sistemazione e gestione dei bacini idrografici. Sovrintendono e dirigono tali attività."
CP-2021;5;22162;2216;2.2.1.6.2;Ingegneri idraulici;Le professioni comprese in questa unità conducono ricerche ovvero applicano le conoscenze esistenti nel campo della progettazione, della costruzione e della manutenzione di porti, canali, dighe ed opere di presa, sistemi di irrigazione, oleodotti e gasdotti. Definiscono e progettano standard e procedure per garantire la funzionalità e la sicurezza delle strutture. Sovrintendono e dirigono tali attività.
CP-2021;5;22170;2217;2.2.1.7.0;Ingegneri industriali e gestionali;Le professioni comprese in questa unità conducono ricerche ovvero applicano le conoscenze esistenti in materia di progettazione, sviluppo e valutazione di sistemi integrati per la gestione dei processi di produzione industriale e nei servizi, ivi compresi il lavoro umano, i controlli di qualità, la logistica industriale, l'analisi dei costi e il coordinamento della produzione. Sovrintendono e dirigono tali attività.
CP-2021;5;22180;2218;2.2.1.8.0;Ingegneri biomedici e bioingegneri;Le professioni comprese in questa unità conducono ricerche e studi ovvero applicano le conoscenze esistenti in materia di sviluppo, progettazione e realizzazione di organi artificiali, protesi, strumentazioni per la diagnostica e la cura medica, sistemi informativi e sistemi per la gestione e la cura della salute umana. Applicano tecniche dell'ingegneria dei sistemi alla biomedicina per la realizzazione di protesi articolari e dispositivi di osteosintesi. Sovrintendono e dirigono tali attività.
CP-2021;5;22211;2221;2.2.2.1.1;Architetti;"Le professioni comprese in questa unità conducono ricerche ovvero applicano le conoscenze esistenti in materia di design, pianificazione, conservazione e restauro, progettazione, costruzione e manutenzione di opere civili e di siti industriali. Ne disegnano e progettano la forma, gli interni e i loro arredamenti; disegnano mezzi di trasporto e altri beni prodotti su scala industriale curandone gli aspetti funzionali, simbolici ed estetici; conducono ricerche sulle caratteristiche tecnologiche di particolari materiali e processi; definiscono e progettano standard e procedure per garantire la funzionalità e la sicurezza delle strutture. Sovrintendono e dirigono tali attività."
CP-2021;5;22212;2221;2.2.2.1.2;Pianificatori, paesaggisti e specialisti del recupero e della conservazione del territorio;Le professioni comprese in questa unità conducono ricerche ovvero applicano le conoscenze esistenti in materia di pianificazione, conservazione e recupero urbanistico e territoriale. Sovrintendono e dirigono tali attività.
CP-2021;5;22220;2222;2.2.2.2.0;Cartografi, fotogrammetristi e specialisti nei sistemi informativi geografici;Le professioni comprese in questa unità conducono ricerche ovvero applicano le conoscenze esistenti in materia di acquisizione, analisi, elaborazione e rappresentazione di dati geografici provenienti da indagini geodetiche, da fotografie aeree, da dati satellitari e da dati geolocalizzati, per produrre mappe del territorio e dati territoriali. Progettano i sistemi informativi geografici (GIS, SIT), le architetture e le infrastrutture tecnologiche per la gestione dei processi di manipolazione e di elaborazione all’interno dei flussi produttivi dei dati. Sovrintendono e dirigono tali attività.
CP-2021;5;23111;2311;2.3.1.1.1;Biologi e professioni assimilate;"Le professioni comprese in questa unità conducono ricerche su concetti e teorie fondamentali nel campo della biologia e della genetica, incrementano la conoscenza scientifica in materia e la applicano in attività di ricerca e nelle sperimentazioni di laboratorio; studiano le basi della vita animale e vegetale, le sue origini, i sistemi di relazione, le modalità di sviluppo e di evoluzione, le strutture genetiche e le possibilità di modificarle. Applicano e rendono disponibili tali conoscenze nella produzione di beni e servizi. L'esercizio della professione di Biologo è regolato dalle leggi dello Stato."
CP-2021;5;23112;2311;2.3.1.1.2;Biochimici;Le professioni comprese in questa unità conducono ricerche su concetti e teorie fondamentali nel campo della biologia e della genetica, incrementano la conoscenza scientifica in materia e la applicano in attività di ricerca e nelle sperimentazioni di laboratorio. Studiano le composizioni, le reazioni e le attività chimiche che influenzano i processi vitali, le strutture genetiche degli organismi viventi e le possibilità di modificarle. Applicano e rendono disponibili tali conoscenze nella produzione di beni e servizi.
CP-2021;5;23113;2311;2.3.1.1.3;Biofisici;Le professioni comprese in questa unità conducono ricerche su concetti e teorie fondamentali nel campo della biologia e della genetica, incrementano la conoscenza scientifica in materia e la applicano in attività di ricerca e nelle sperimentazioni di laboratorio. Studiano la fisica degli organismi viventi e i fenomeni energetici correlati, ne studiano le strutture genetiche e le possibilità di modificarle. Applicano e rendono disponibili tali conoscenze nella produzione di beni e servizi.
CP-2021;5;23114;2311;2.3.1.1.4;Biotecnologi;Le professioni comprese in questa unità conducono ricerche su concetti e teorie fondamentali nel campo della biologia, incrementano la conoscenza scientifica in materia e la applicano in attività di ricerca e nelle sperimentazioni di laboratorio. Utilizzano sistemi biologici e tecniche di ingegneria genetica per applicazioni in settori produttivi, quali quello agricolo, zootecnico, alimentare, chimico, medico, farmaceutico, ambientale. Applicano e rendono disponibili tali conoscenze nella produzione di beni e servizi. 
CP-2021;5;23115;2311;2.3.1.1.5;Botanici;Le professioni comprese in questa unità conducono ricerche su concetti e teorie fondamentali nel campo della botanica, incrementano la conoscenza scientifica in materia e la applicano in attività di ricerca e nelle sperimentazioni di laboratorio. Studiano le forme e le origini della vita vegetale, la genetica, i processi vitali, le malattie e le modalità di sviluppo e di evoluzione. Applicano e rendono disponibili tali conoscenze nella produzione di beni e servizi.
CP-2021;5;23116;2311;2.3.1.1.6;Zoologi;Le professioni comprese in questa unità conducono ricerche su concetti e teorie fondamentali nel campo della zoologia, incrementano la conoscenza scientifica in materia e la applicano in attività di ricerca e nelle sperimentazioni di laboratorio. Studiano le forme della vita animale, le origini, la genetica, i processi vitali, le malattie e gli stessi comportamenti animali. Applicano e rendono disponibili tali conoscenze nella produzione di beni e servizi.
CP-2021;5;23117;2311;2.3.1.1.7;Ecologi;Le professioni comprese in questa unità conducono ricerche su concetti e teorie fondamentali nel campo dell'ecologia, incrementano la conoscenza scientifica in materia e la applicano in attività di ricerca e nelle sperimentazioni di laboratorio. Studiano le interrelazioni fra gli organismi viventi e i fattori ambientali e antropici che ne influenzano la sopravvivenza. Applicano e rendono disponibili tali conoscenze nella produzione di beni e servizi.
CP-2021;5;23118;2311;2.3.1.1.8;Tecnologi alimentari ;Le professioni comprese in questa unità conducono ricerche su concetti e teorie fondamentali nel campo della alimentazione. Analizzano le sostanze alimentari, ne individuano di nuove, ne determinano la composizione e gli elementi nutrizionali, ne certificano la salubrità, studiano i fattori sottostanti al loro deterioramento. Applicano e rendono disponibili tali conoscenze nella produzione di beni e servizi. L'esercizio della professione di Tecnologo Alimentare è regolato dalle leggi dello Stato.
CP-2021;5;23121;2312;2.3.1.2.1;Farmacologi e assimilati;"Le professioni comprese in questa unità conducono ricerche su concetti e teorie fondamentali nel campo della farmacologia e degli effetti dei farmaci sugli organismi viventi. Conducono studi ed esperimenti sulla natura, sulle cause e sui processi delle malattie; sugli effetti dei farmaci e di altre sostanze naturali o di sintesi sui sistemi vitali. Applicano e rendono disponibili tali conoscenze nella medicina, nell'agricoltura e nell'allevamento degli animali, nella produzione di farmaci per la cura della salute umana, animale e vegetale."
CP-2021;5;23122;2312;2.3.1.2.2;Microbiologi;Le professioni comprese in questa unità conducono ricerche su concetti e teorie fondamentali nel campo della farmacologia e degli effetti dei farmaci sugli organismi viventi. Conducono studi ed esperimenti sulla crescita, sullo sviluppo, sulla struttura e su altre caratteristiche dei microrganismi, sulle loro relazioni con le malattie e sugli effetti delle sostanze antibiotiche sui loro processi vitali, sulla chimica e la tecnica farmaceutica. Applicano e rendono disponibili tali conoscenze nella medicina, nell'agricoltura e nell'allevamento degli animali, nella produzione di farmaci per la cura della salute umana, animale e vegetale.
CP-2021;5;23130;2313;2.3.1.3.0;Agronomi e forestali;"Le professioni comprese in questa unità conducono ricerche ovvero applicano le conoscenze esistenti nel campo della cura e dell'allevamento di animali e di vegetali. Studiano le modalità riproduttive, la genetica e le possibilità di miglioramento delle specie, i fattori di crescita e nutrizionali degli animali da allevamento, delle piante e delle colture; la composizione chimica, fisica, biologica e minerale dei suoli, individuando le colture più adattabili e a maggiore rendimento; ricercano e mettono a punto nuove pratiche e modalità colturali e di allevamento; studiano, identificano e controllano le malattie dei vegetali, ne individuano le modalità di trattamento sia chimico che biologico. Definiscono le modalità di gestione, di miglioramento, di protezione delle risorse floro-faunistiche naturali; della loro messa a produzione; di salvaguardia dell'idrologia, della qualità delle acque e della stabilità del suolo e di ripopolamento del loro habitat naturale. L'esercizio delle professioni di Dottore Agronomo e di Dottore Forestale è regolato dalle leggi dello Stato."
CP-2021;5;23140;2314;2.3.1.4.0;Medici veterinari;"Le professioni comprese in questa unità conducono ricerche ovvero applicano le conoscenze esistenti a tutela della salute degli animali e dell'uomo.
Dedicano la loro opera alla protezione dell'uomo dai pericoli e danni derivanti dall'ambiente in cui vivono gli animali, dalle malattie degli animali e dal consumo delle derrate o altri prodotti di origine animale; alla prevenzione, alla diagnosi e alla cura delle malattie degli animali e al loro benessere; alla conservazione e allo sviluppo funzionale del patrimonio zootecnico; alla conservazione e alla salvaguardia del patrimonio faunistico ispirata ai principi di tutela delle biodiversità, dell'ambiente e della coesistenza compatibile con l'uomo; alle attività legate alla vita degli animali familiari, da competizione sportiva ed esotici; alla promozione del rispetto degli animali e del loro benessere; alla promozione di campagne di prevenzione igienico-sanitaria ed educazione per un corretto rapporto animale-uomo; alle attività collegate alle produzioni alimentari, alla loro corretta gestione e alla valutazione dei rischi connessi con riguardo all'intera filiera produttiva finalizzato alla sicurezza alimentare; alle certificazioni e alle prescrizioni relative a tutti gli atti di competenza; alle attività di ricerca nei settori di competenza della sanità veterinaria; alle azioni di formazione specifica per la professione.
L'esercizio della professione di Medico veterinario è regolato dalle leggi dello Stato."
CP-2021;5;23150;2315;2.3.1.5.0;Farmacisti;"Le professioni comprese in questa unità applicano la conoscenza farmacologica nella preparazione, nella distribuzione e nella vendita di medicamenti e di farmaci. Preparano o dirigono la preparazione di farmaci e di medicamenti prescritti da medici e veterinari seguendo le formulazioni stabilite, ovvero li distribuiscono in ospedali o in farmacie registrando i movimenti di farmaci pericolosi o di veleni. Identificano i principi attivi e determinano la purezza e l'azione dei farmaci; controllano le prescrizioni assicurandosi che non superino i dosaggi raccomandati; si accertano che gli utenti abbiano compreso le istruzioni di uso e li informano sulle possibili incompatibilità dei farmaci da assumere. L'esercizio della professione di Farmacista è regolato dalle leggi dello Stato."
CP-2021;5;24110;2411;2.4.1.1.0;Medici generici;"Le professioni comprese in questa unità diagnosticano, trattano e curano le disfunzioni, le malattie e le lesioni più comuni e maggiormente diffuse nella popolazione; attuano misure per la diagnosi precoce di gravi patologie in pazienti a rischio; prescrivono farmaci e terapie non farmacologiche, esami clinici per le diagnosi, ricoveri ospedalieri e visite presso medici specialisti; seguono il decorso delle patologie e delle relative cure; sollecitano e attuano interventi di prevenzione presso i pazienti o presso le organizzazioni in cui operano."
CP-2021;5;24120;2412;2.4.1.2.0;Specialisti in terapie mediche;Le professioni comprese in questa unità conducono ricerche su teorie e metodi ovvero applicano le conoscenze esistenti nel campo della diagnosi e del trattamento specialistico non chirurgico delle lesioni, dei traumi, delle disfunzioni e delle patologie della pelle, del sangue, cardiovascolari, polmonari, endocrinologiche, allergologiche, geriatriche, pediatriche, oncologiche, neurologiche, psichiatriche, reumatologiche, gastrointestinali e dell'apparato urinario. Prescrivono farmaci, cure ed esami diagnostici.
CP-2021;5;24130;2413;2.4.1.3.0;Specialisti in terapie chirurgiche;Le professioni comprese in questa unità conducono ricerche su teorie e metodi ovvero applicano le conoscenze esistenti nel campo della diagnosi e del trattamento chirurgico specialistico delle lesioni, dei traumi, delle disfunzioni e delle patologie. Sono compresi in questa categoria gli specialisti del trattamento chirurgico delle patologie otorinolaringoiatriche, ortopediche, ginecologiche, urogenitali, oculistiche, dell'apparato digerente, del distretto toracico e di quello maxillo-facciale, del cuore e del sistema nervoso, nonchè gli specialisti che effettuano interventi chirurgici a fini estetici. Prescrivono farmaci, cure ed esami diagnostici.
CP-2021;5;24140;2414;2.4.1.4.0;Laboratoristi e patologi clinici;Le professioni comprese in questa unità conducono ricerche su teorie e metodi ovvero applicano le conoscenze esistenti nel campo dell'analisi patologica, tossicologica, genetica, embriologica, ematologica, immunologica, istologica e citologica e nel campo del funzionamento in condizioni normali e fuori dalla norma degli organi, dei tessuti, delle cellule, delle ghiandole e dei sistemi ghiandolari umani. Prescrivono farmaci, cure ed esami diagnostici.
CP-2021;5;24150;2415;2.4.1.5.0;Dentisti e odontostomatologi;"Le professioni comprese in questa unità conducono ricerche su teorie e metodi, ovvero applicano le conoscenze esistenti nel campo della diagnosi, del trattamento delle patologie, delle lesioni e delle malformazioni delle arcate dentarie e delle altre strutture della cavità orale; trattano le anomalie delle occlusioni dentali e delle altre strutture del cavo orale; trattano le patologie delle strutture nervose e degli altri tessuti dentali. Prescrivono farmaci, cure ed esami diagnostici"
CP-2021;5;24160;2416;2.4.1.6.0;Specialisti in diagnostica per immagini e radioterapia;Le professioni comprese in questa unità conducono ricerche su teorie e metodi ovvero applicano le conoscenze esistenti nel campo della diagnosi delle patologie degli organi interni attraverso immagini e tracciati prodotti da ultrasuoni, campi magnetici, radiazioni o isotopi radioattivi e nel campo del trattamento radiologico o ultrasonico di alcune patologie. Prescrivono farmaci, cure ed esami diagnostici
CP-2021;5;24171;2417;2.4.1.7.1;Dietologi e igienisti;Le professioni comprese in questa unità conducono ricerche su teorie e metodi ovvero applicano le conoscenze esistenti nel campo della prevenzione, della diagnosi e del trattamento delle patologie e delle disfunzioni derivanti da disordine alimentare, nonchè nel campo della definizione delle relative metodiche di controllo e prevenzione. Prescrivono farmaci, cure ed esami diagnostici.
CP-2021;5;24172;2417;2.4.1.7.2;Specialisti in medicina sociale e del lavoro;Le professioni comprese in questa unità conducono ricerche su teorie e metodi ovvero applicano le conoscenze esistenti nel campo della prevenzione, della diagnosi e del trattamento delle patologie e delle disfunzioni derivanti dall'esercizio di attività lavorative e sportive, nonchè nel campo della definizione delle relative metodiche di controllo e prevenzione. Prescrivono farmaci, cure ed esami diagnostici.
CP-2021;5;24173;2417;2.4.1.7.3;Epidemiologi;Le professioni comprese in questa unità conducono ricerche su teorie e metodi ovvero applicano le conoscenze esistenti nel campo della individuazione e descrizione dei fattori sottostanti alla distribuzione e alla diffusione nella popolazione delle patologie, delle disabilità, delle disfunzioni e di altre condizioni di salute, nonchè nel campo della definizione delle relative metodiche di controllo e prevenzione.
CP-2021;5;24180;2418;2.4.1.8.0;Anestesisti e rianimatori;"Le professioni comprese in questa unità conducono ricerche su teorie e metodi ovvero applicano le conoscenze esistenti nel campo della anestesiologia e della rianimazione per somministrare anestetici nel corso di interventi chirurgici o di altre procedure mediche; individuano le condizioni di sicurezza della somministrazione di anestetici; riportano i pazienti sottoposti ai trattamenti in condizioni di veglia; intervengono con farmaci salvavita e tecniche e metodiche di rianimazione in situazioni di pericolo. Prescrivono farmaci, cure ed esami diagnostici."
CP-2021;5;25111;2511;2.5.1.1.1;Specialisti della gestione nella Pubblica Amministrazione;Le professioni comprese in questa unità coordinano le attività degli uffici dell'amministrazione statale e locale, delle aziende autonome, delle Università, degli Enti di Ricerca e del Servizio Sanitario Nazionale, formulano proposte e pareri ai dirigenti da cui dipendono funzionalmente, curano l'attuazione dei progetti, delle attività amministrative e delle procedure loro affidate, coordinando le attività del personale subordinato.
CP-2021;5;25112;2511;2.5.1.1.2;Specialisti del controllo nella Pubblica Amministrazione;Le professioni comprese in questa unità verificano, controllano e forniscono assistenza sulla corretta applicazione delle leggi e dei regolamenti dello Stato, sia da parte della popolazione interessata che da parte della stessa amministrazione pubblica.
CP-2021;5;25113;2511;2.5.1.1.3;Specialisti in pubblica sicurezza;Le professioni comprese in questa unità coordinano localmente le attività degli uffici di pubblica sicurezza, di polizia tributaria e di protezione civile. Implementano strategie di prevenzione dei reati, di ricerca e denuncia delle evasioni e delle violazioni finanziarie, di vigilanza sull'adempimento delle disposizioni di interesse politico-economico, di polizia finanziaria e doganale, di mantenimento dell'ordine, della sicurezza pubblica e delle frontiere.
CP-2021;5;25120;2512;2.5.1.2.0;Specialisti della gestione e del controllo nelle imprese private;"Le professioni comprese in questa unità conducono ricerche, studi e valutazioni nel campo dell'organizzazione, della progettazione e definizione delle procedure e dei servizi amministrativi e dei sistemi di assicurazione della qualità necessari alla gestione delle attività di impresa, ovvero applicano le conoscenze in materia e le procedure esistenti per fornirli, implementarli e migliorarli; conducono studi sui costi di impresa per individuare modalità di controllo."
CP-2021;5;25131;2513;2.5.1.3.1;Specialisti in risorse umane;Le professioni comprese in questa unità si occupano della selezione e del reclutamento del personale necessario, definiscono i criteri e i programmi di sviluppo delle carriere, dei compensi e degli investimenti in formazione.
CP-2021;5;25132;2513;2.5.1.3.2;Specialisti dell'organizzazione del lavoro;Le professioni comprese in questa unità analizzano e definiscono l'organizzazione del lavoro, individuano i fabbisogni quantitativi e qualitativi di personale, redigono organigrammi, procedure, job descriptions e istruzioni.
CP-2021;5;25141;2514;2.5.1.4.1;Specialisti in contabilità;Le professioni comprese in questa unità esaminano, analizzano, interpretano le informazioni contabili per formulare pareri, preparare indicazioni e proposte su questioni contabili, fiscali e finanziarie, per certificare la correttezza e la conformità delle scritture aziendali alle leggi e ai regolamenti, ovvero coordinano le attività di gestione e di produzione delle scritture contabili. L'esercizio della professione di Dottore Commercialista è regolato dalle leggi dello Stato.
CP-2021;5;25142;2514;2.5.1.4.2;Fiscalisti e tributaristi;Le professioni comprese in questa unità esaminano, analizzano, interpretano informazioni per formulare pareri, preparare indicazioni e proposte su questioni fiscali, individuano e definiscono gli obblighi fiscali di organizzazioni o persone
CP-2021;5;25143;2514;2.5.1.4.3;Specialisti in attività finanziarie;"Le professioni comprese in questa unità esaminano, analizzano, interpretano informazioni per formulare pareri, preparare indicazioni e proposte su questioni finanziarie, conducono transazioni finanziarie assicurando la conformità con le leggi e i regolamenti relativi, svolgono analisi quantitative su programmi e piani di investimento, determinano il grado di rischio nel fornire crediti a persone o a organizzazioni; valutano, autorizzano e definiscono le modalità di corresponsione di prestiti e le condizioni della loro garanzia e restituzione"
CP-2021;5;25151;2515;2.5.1.5.1;Specialisti nell'acquisizione di beni e servizi;Le professioni comprese in questa unità analizzano le condizioni di vendita, i prezzi ed acquistano sul mercato materie prime, componenti, attrezzature e forniture di servizi per rivenderli al pubblico o per utilizzarli nelle attività dell'impresa.
CP-2021;5;25152;2515;2.5.1.5.2;Specialisti nella commercializzazione di beni e servizi (escluso il settore ICT);Le professioni comprese in questa unità si occupano dell'implementazione delle strategie di vendita, dell'efficienza della rete distributiva e commerciale, del monitoraggio delle vendite e del gradimento sul mercato dei beni o dei servizi prodotti, sia pubblici che d'impresa.
CP-2021;5;25153;2515;2.5.1.5.3;Specialisti nella commercializzazione nel settore delle tecnologie dell'informazione e della comunicazione;Le professioni comprese in questa unità si occupano dell'implementazione delle strategie di vendita di beni e servizi nel settore delle tecnologie dell'informazione e della comunicazione, dell'efficienza della rete distributiva e commerciale, del monitoraggio delle vendite e del gradimento sul mercato dei beni o dei servizi prodotti, sia pubblici che d'impresa.
CP-2021;5;25154;2515;2.5.1.5.4;Analisti di mercato;"Le professioni comprese in questa unità conducono ricerche sulle condizioni di mercato a diversi livelli territoriali per individuare le possibilità di penetrazione commerciale di prodotti o servizi; ne individuano le situazioni di competizione, i prezzi e le modalità di vendita e di distribuzione."
CP-2021;5;25160;2516;2.5.1.6.0;Specialisti delle relazioni pubbliche, dell'immagine e professioni assimilate;Le professioni comprese in questa unità promuovono le relazioni pubbliche e l'immagine di un'impresa o di un'organizzazione scrivendo testi, selezionando e diffondendo materiale pubblicistico favorevole, organizzando e sponsorizzando eventi di particolare importanza e visibilità, attività benefiche a favore della popolazione e attività similari non direttamente collegate alla promozione pubblicitaria.
CP-2021;5;25210;2521;2.5.2.1.0;Avvocati;"Le professioni comprese in questa unità rappresentano e tutelano gli interessi di persone e organizzazioni nelle procedure legali e nei diversi gradi dei processi penali, civili e amministrativi; stilano documenti, contratti e forniscono consulenze legali in materia di transazioni e di atti fra persone in vita. L'esercizio della professione di Avvocato è regolato dalle leggi dello Stato."
CP-2021;5;25221;2522;2.5.2.2.1;Esperti legali in imprese;"Le professioni comprese in questa unita affrontano, gestendo e coordinando le attività di appositi uffici, gli aspetti legali propri delle attività di imprese, rappresentandole e tutelandone eventualmente gli interessi nelle procedure legali, nei diversi gradi dei processi penali, civili ed amministrativi; stilando documenti, contratti e altri atti legali. L'esercizio della professione di Consulente in proprietà industriale è regolato dalle leggi dello Stato."
CP-2021;5;25222;2522;2.5.2.2.2;Esperi legali in enti pubblici;"Le professioni comprese in questa unità affrontano, gestendo e coordinando le attività di appositi uffici, gli aspetti legali propri delle attività di organizzazioni o della stessa Amministrazione Pubblica, rappresentandole e tutelandone eventualmente gli interessi nelle procedure legali, nei diversi gradi dei processi penali, civili ed amministrativi; stilando documenti, contratti e altri atti legali."
CP-2021;5;25230;2523;2.5.2.3.0;Notai;"Le professioni comprese in questa unità ricevono e redigono gli atti tra persone in vita e di ultima volontà attribuiscono loro pubblica fede; li conservano; ne rilasciano copia, estratti e certificazioni; accertano la volontà dei contraenti e la traducono in linguaggio giuridico, garantendo la legalità dell'atto così messo in essere; consigliano alle parti l'atto più idoneo a raggiungere gli obiettivi prefissati; verificano la legalità dei contenuti oggetto degli accordi e delle transazioni. L'esercizio della professione di Notaio è regolato dalle leggi dello Stato."
CP-2021;5;25240;2524;2.5.2.4.0;Magistrati;"Le professioni comprese in questa unità accertano le condizioni dell'azione penale e la esercitano; amministrano la giustizia penale, civile, amministrativa ed ecclesiastica nei diversi gradi del processo; controllano la liceità e la congruenza alle leggi e ai regolamenti della spesa pubblica; conducono arbitrati."
CP-2021;5;25311;2531;2.5.3.1.1;Specialisti dei sistemi economici;Le professioni comprese in questa unità conducono ricerche su concetti, teorie e metodi per analizzare e comprendere il funzionamento del mercato dei beni e dei servizi, per individuare soluzioni ai problemi economici, programmare e supportare la realizzazione delle politiche di sostegno e di regolazione dell'economia.
CP-2021;5;25312;2531;2.5.3.1.2;Specialisti dell'economia aziendale;Le professioni comprese in questa unità conducono ricerche su concetti, teorie e metodi per analizzare la strategia, la struttura e il ciclo di produzione di imprese o di organizzazioni per migliorarne le prestazioni e individuare le risposte più adeguate alle sollecitazioni provenienti dal sistema economico.
CP-2021;5;25321;2532;2.5.3.2.1;Esperti nello studio, nella gestione e nel controllo dei fenomeni sociali;Le professioni comprese in questa unità studiano e descrivono le strutture dei sistemi sociali, le popolazioni, i gruppi sociali e le istituzioni che li costituiscono, progettano, dirigono e valutano interventi nel campo delle politiche e dei servizi sociali. La professione di Assistente sociale specialista è regolata dalle leggi dello Stato.
CP-2021;5;25322;2532;2.5.3.2.2;Antropologi;Le professioni comprese in questa unità studiano i caratteri morfologici e le attitudini della specie umana nel corso dei processi evolutivi e del presente, l'origine e l'evoluzione della cultura, dei costumi e del modo di vita dei popoli, del loro agire collettivo e delle strutture sociali che li hanno caratterizzati.
CP-2021;5;25323;2532;2.5.3.2.3;Geografi;Le professioni comprese in questa unità studiano la natura e l'uso della superficie terrestre individuando le interrelazioni fra fenomeni fisici, naturali e antropici, il clima, la flora, la fauna e le implicazioni sulle attività umane e sull'organizzazione sociale, politica ed economica dei luoghi.
CP-2021;5;25324;2532;2.5.3.2.4;Archeologi;Le professioni comprese in questa unità ricostruiscono la cultura materiale e la storia dei popoli attraverso reperti provenienti da scavi o da altre metodologie di indagine archeologica.
CP-2021;5;25331;2533;2.5.3.3.1;Psicologi clinici e psicoterapeuti;"Le professioni comprese in questa unità studiano i processi mentali e i comportamenti di individui e di gruppi; diagnosticano e trattano disabilità cognitive, problemi e disordini mentali, comportamentali ed emotivi. L'esercizio della professione di Psicoterapeuta è regolato dalle leggi dello Stato."
CP-2021;5;25332;2533;2.5.3.3.2;Psicologi dello sviluppo e dell'educazione;"Le professioni comprese in questa unità studiano i processi mentali e i comportamenti di individui e di gruppi; intervengono per migliorarne il benessere psichico, promuoverne l'adattamento sociale, educativo e lavorativo."
CP-2021;5;25333;2533;2.5.3.3.3;Psicologi del lavoro e delle organizzazioni;"Le professioni comprese in questa unità professionale studiano i processi mentali e i comportamenti di individui e di gruppi; studiano gli assetti di imprese e organizzazioni e applicano i principi della psicologia per affrontare problemi di produttività del lavoro e gestione del personale, disegnare e programmare politiche di sviluppo delle carriere e della formazione della forza lavoro."
CP-2021;5;25341;2534;2.5.3.4.1;Storici;Le professioni comprese in questa unità studiano, descrivono e interpretano gli eventi del passato utilizzando fonti di varia natura, ricostruendo la storia di popoli e nazioni.
CP-2021;5;25342;2534;2.5.3.4.2;Esperti d'arte;Le professioni comprese in questa unità conducono ricerche nel campo della storia dell'arte e della produzione estetica e applicano tali conoscenze per valutare, identificare e promuovere opere d'arte ed artisti.
CP-2021;5;25343;2534;2.5.3.4.3;Specialisti in scienza politica;Le professioni comprese in questa unità studiano, descrivono e interpretano l'origine, lo sviluppo, il funzionamento e le logiche dei sistemi e delle ideologie politiche, le relazioni diplomatiche, economiche e politiche fra gli Stati. Analizzano e valutano le politiche pubbliche, i modi di costruzione delle decisioni politiche, le loro interrelazioni con l'opinione pubblica, l'attività dei governi e dei partiti, le ragioni e le conseguenze dei risultati elettorali.
CP-2021;5;25344;2534;2.5.3.4.4;Filosofi;Le professioni comprese in questa unità conducono ricerche nel campo dell'epistemologia, della metafisica, dell'etica, dell'estetica e della filosofia in generale.
CP-2021;5;25350;2535;2.5.3.5.0;Pedagogisti;Le professioni comprese in questa categoria sono specialisti dei processi educativi, formativi e di apprendimento. Si occupano di sviluppare il potenziale umano e apprenditivo del bambino come dell'adulto, attraverso l'osservazione, l'analisi dei bisogni educativi della persona e la strutturazione di interventi di natura pedagogica.
CP-2021;5;25411;2541;2.5.4.1.1;Scrittori e poeti;Le professioni comprese in questa unità concepiscono, creano e rendono disponibili al pubblico opere di scrittura letteraria e professionale.
CP-2021;5;25412;2541;2.5.4.1.2;Dialoghisti e parolieri;Le professioni comprese in questa unità scrivono soggetti e dialoghi per il cinema, la radio e la televisione, testi e libretti da musicare.
CP-2021;5;25413;2541;2.5.4.1.3;Redattori di testi per la pubblicità;Le professioni comprese in questa unità redigono testi informativi e pubblicitari di beni e servizi da diffondere a mezzo stampa, radiotelevisione e altri mezzi di comunicazione mediatica.
CP-2021;5;25414;2541;2.5.4.1.4;Redattori di testi tecnici;Le professioni comprese in questa unità scrivono manuali, guide, appendici tecniche, fogli, testi informativi e libretti di istruzione per beni di consumo, macchine e attrezzature.
CP-2021;5;25420;2542;2.5.4.2.0;Giornalisti;"Le professioni comprese in questa unità raccolgono, riportano e commentano notizie o vicende di cronaca da pubblicare su quotidiani, periodici, radio-televisione, siti Internet ed altri mezzi di comunicazione mediatica; intervistano altre persone su questioni di varia natura; scrivono editoriali ed esprimono opinioni su fatti ed avvenimenti; rivedono, selezionano e organizzano articoli ed altri materiali informativi per la pubblicazione, nel rispetto delle leggi sulla privacy. L'esercizio della professione di Giornalista è regolato dalle leggi dello Stato."
CP-2021;5;25430;2543;2.5.4.3.0;Interpreti e traduttori di livello elevato;"Le professioni comprese in questa unità traducono testi da una lingua ad un'altra assicurando che venga mantenuto il corretto significato del testo originale, che il significato di testi legali, scientifici, tecno-operativi e istituzionali sia correttamente reso e che la fraseologia, la terminologia, lo spirito e lo stile dei testi scritti e orali sia trasmesso nel modo più adeguato; interpretano discorsi da una lingua ad un'altra in convegni, trattative o in altre occasioni assicurando che siano trasmessi il corretto significato e lo spirito del discorso originale."
CP-2021;5;25441;2544;2.5.4.4.1;Linguisti e filologi;Le professioni comprese in questa unità conducono ricerche e studi sull'origine, l'evoluzione e la struttura delle lingue, le relazioni fra lingue antiche dello stesso ceppo e lingue moderne, le grammatiche ed i vocaboli, le interazioni fra linguistica e ICT.
CP-2021;5;25442;2544;2.5.4.4.2;Revisori di testi;Le professioni comprese in questa unità applicano le conoscenze in materia linguistica per la revisione critica di testi scritti da pubblicare, audiovisivi e multimediali.
CP-2021;5;25451;2545;2.5.4.5.1;Archivisti e conservatori di documenti digitali;"Le professioni comprese in questa unità conducono ricerche, acquisiscono, valutano e garantiscono  la gestione e conservazione di archivi correnti, di deposito o storici sia analogici che digitali, ne garantiscono la conservazione, l'accessibilità e la fruizione pubblica, li rendono disponibili su diversi supporti; organizzano attività di promozione, mostre ed eventi."
CP-2021;5;25452;2545;2.5.4.5.2;Bibliotecari;"Le professioni comprese in questa unità provvedono alla indicizzazione, classificazione e catalogazione di libri, ne garantiscono la conservazione, l'accessibilità e la fruizione pubblica; li rendono disponibili su microfilm, supporti digitali o di altra natura; organizzano attività di promozione, mostre ed eventi."
CP-2021;5;25453;2545;2.5.4.5.3;Curatori e conservatori di musei;"Le professioni comprese in questa unità conducono ricerche, acquisiscono, valutano e garantiscono la conservazione di artefatti di interesse storico, culturale o artistico e di opere d'arte; ne rendono disponibile la documentazione su microfilm, supporti digitali o di altra natura; organizzano attività di promozione, mostre ed eventi."
CP-2021;5;25511;2551;2.5.5.1.1;Pittori e scultori;Le professioni comprese in questa unità conducono ricerche sui modi della conoscenza e della rappresentazione estetica, creano e realizzano opere d'arte dipingendo, disegnando e scolpendo con tecniche diverse, rappresentazioni originali della realtà.
CP-2021;5;25512;2551;2.5.5.1.2;Disegnatori artistici e illustratori;Le professioni comprese in questa unità utilizzano tecniche, conoscenze e capacità artistiche per creare prodotti artistici a fini decorativi, illustrativi e commerciali.
CP-2021;5;25513;2551;2.5.5.1.3;Disegnatori di moda;Le professioni classificate nell'unità producono, utilizzando varie tecniche di disegno artistico, schizzi, bozzetti, disegni di dettaglio ed elaborati grafici finalizzati alla produzione di abiti, lingerie, calzature e altri accessori di abbigliamento.
CP-2021;5;25514;2551;2.5.5.1.4;Creatori artistici a fini commerciali (esclusa la moda);Le professioni classificate nell'unità creano, utilizzando varie tecniche di espressione artistica, bozzetti, disegni di dettaglio, elaborati grafici anche digitali finalizzati alla progettazione di nuovi artefatti digitali o prodotti industriali, al restyling di prodotti già in commercio e alla comunicazione pubblicitaria.
CP-2021;5;25521;2552;2.5.5.2.1;Registi;Le professioni comprese in questa unità concepiscono e dirigono opere radio-televisive, cinematografiche, teatrali, altri tipi di rappresentazioni pubbliche e performance artistiche
CP-2021;5;25522;2552;2.5.5.2.2;Attori;Le professioni comprese in questa unità interpretano personaggi e ruoli da rappresentare.
CP-2021;5;25523;2552;2.5.5.2.3;Direttori artistici;"Le professioni comprese in questa unità programmano, organizzano, indirizzano e curano rappresentazioni pubbliche, stagioni, rassegne, festival e performance artistiche, secondo determinati contenuti, scelte e linee artistico-culturali; indicano protagonisti, caratteristiche, tematiche e modalità di svolgimento."
CP-2021;5;25524;2552;2.5.5.2.4;Sceneggiatori;Le professioni comprese in questa unità narrano i soggetti considerando l'azione teatrale, cinematografica, televisiva e radiofonica.
CP-2021;5;25525;2552;2.5.5.2.5;Scenografi;Le professioni comprese in questa unità progettano e realizzano le scene di opere televisive, cinematografiche, teatrali e di altri tipi di rappresentazioni pubbliche.
CP-2021;5;25531;2553;2.5.5.3.1;Coreografi;"Le professioni comprese in questa unità conducono ricerche sulle modalità della rappresentazione estetica in ambito coreutico; concepiscono e creano balletti."
CP-2021;5;25532;2553;2.5.5.3.2;Ballerini;Le professioni comprese in questa unità eseguono balletti da solisti o con partner, interpretando con la danza significati di narrazioni o di composizioni e brani musicali.
CP-2021;5;25541;2554;2.5.5.4.1;Compositori;"Le professioni comprese in questa unità conducono ricerche sulle modalità della rappresentazione estetica in ambito musicale; concepiscono e creano composizioni e brani musicali."
CP-2021;5;25542;2554;2.5.5.4.2;Direttori d'orchestra e coro;"Le professioni comprese in questa unità conducono ricerche sulle modalità della rappresentazione estetica in ambito musicale; dirigono orchestre e cori interpretando i brani da realizzare; applicano le conoscenze in campo musicale per adattare e arrangiare brani."
CP-2021;5;25543;2554;2.5.5.4.3;Strumentisti;"Le professioni comprese in questa unità interpretano ed eseguono partiture, brani e concerti utilizzando strumenti musicali di vario tipo da solisti, in orchestre o in gruppi musicali; applicano le conoscenze in campo musicale per arrangiare ed eseguire brani."
CP-2021;5;25544;2554;2.5.5.4.4;Cantanti;"Le professioni comprese in questa unità conducono ricerche sulle modalità della rappresentazione estetica in ambito musicale; concepiscono, interpretano ed eseguono brani e rappresentazioni canore da solisti, in coro, con partner o gruppi musicali, in performance e rappresentazioni artistiche di vario tipo, anche attraverso i mezzi di comunicazione di massa."
CP-2021;5;25551;2555;2.5.5.5.1;Artisti delle forme di cultura popolare;Le professioni comprese in questa unità eseguono performance artistiche, acrobatiche e ricreative per strada e nelle piazze.
CP-2021;5;25552;2555;2.5.5.5.2;Artisti di varietà;Le professioni classificate nell'unità eseguono performance artistiche, acrobatiche e ricreative in varietà teatrali, musicali e nei locali pubblici.
CP-2021;5;25553;2555;2.5.5.5.3;Acrobati e artisti circensi;Le professioni classificate nell'unità eseguono performance artistiche, acrobatiche e ricreative nei circhi.
CP-2021;5;25561;2556;2.5.5.6.1;Restauratori dei beni culturali ;Le professioni comprese in questa unità utilizzano tecniche, conoscenze e capacità artistiche per recuperare, restaurare e conservare opere d'arte. L'esercizio della professione di restauratore di beni culturali è regolata dalle leggi dello Stato.
CP-2021;5;25562;2556;2.5.5.6.2;Specialisti nella conservazione dei beni culturali ;Le professioni comprese in questa unità utilizzano tecniche e conoscenze tecnologiche per recuperare, restaurare e conservare opere d'arte. 
CP-2021;5;25610;2561;2.5.6.1.0;Specialisti in discipline religiose e teologiche;"Le professioni comprese in questa unità conducono studi e ricerche in campo teologico, ovvero forniscono servizi religiosi e spirituali associati alla pratica di una fede religiosa; fungono da guida morale e spirituale ai praticanti; programmano, dirigono e coordinano le attività delle organizzazioni religiose e delle comunità dei credenti; promuovono e propagandano la fede e la dottrina religiosa."
CP-2021;5;26111;2611;2.6.1.1.1;Docenti universitari in scienze matematiche e dell'informazione;"Le professioni comprese in questa unità progettano, dirigono e conducono ricerche finalizzate a migliorare e ad innovare la conoscenza scientifica o la sua applicazione in ambito produttivo; insegnano la teoria e la pratica di una o più discipline di cui sono esperti, ne definiscono i curricula, preparano i corsi di studio, i materiali didattici e le attività di laboratorio, stimolano la discussione e la partecipazione degli studenti alle lezioni, somministrano prove ed esami, assegnano tesi e ne danno valutazioni; dirigono le attività di ricerca degli studenti dei corsi di specializzazione e di dottorato; partecipano alle decisioni sulle politiche dell'Università pubblicano articoli e saggi scientifici, partecipano a convegni e conferenze."
CP-2021;5;26112;2611;2.6.1.1.2;Docenti universitari in scienze fisiche;"Le professioni comprese in questa unità progettano, dirigono e conducono ricerche finalizzate a migliorare e ad innovare la conoscenza scientifica o la sua applicazione in ambito produttivo; insegnano la teoria e la pratica di una o più discipline di cui sono esperti, ne definiscono i curricula, preparano i corsi di studio, i materiali didattici e le attività di laboratorio, stimolano la discussione e la partecipazione degli studenti alle lezioni, somministrano prove ed esami, assegnano tesi e ne danno valutazioni; dirigono le attività di ricerca degli studenti dei corsi di specializzazione e di dottorato; partecipano alle decisioni sulle politiche dell'Università pubblicano articoli e saggi scientifici, partecipano a convegni e conferenze."
CP-2021;5;26113;2611;2.6.1.1.3;Docenti universitari in scienze chimiche e farmaceutiche;"Le professioni comprese in questa unità progettano, dirigono e conducono ricerche finalizzate a migliorare e ad innovare la conoscenza scientifica o la sua applicazione in ambito produttivo; insegnano la teoria e la pratica di una o più discipline di cui sono esperti, ne definiscono i curricula, preparano i corsi di studio, i materiali didattici e le attività di laboratorio, stimolano la discussione e la partecipazione degli studenti alle lezioni, somministrano prove ed esami, assegnano tesi e ne danno valutazioni; dirigono le attività di ricerca degli studenti dei corsi di specializzazione e di dottorato; partecipano alle decisioni sulle politiche dell'Università pubblicano articoli e saggi scientifici, partecipano a convegni e conferenze."
CP-2021;5;26114;2611;2.6.1.1.4;Docenti universitari in scienze della terra;"Le professioni comprese in questa unità progettano, dirigono e conducono ricerche finalizzate a migliorare e ad innovare la conoscenza scientifica o la sua applicazione in ambito produttivo; insegnano la teoria e la pratica di una o più discipline di cui sono esperti, ne definiscono i curricula, preparano i corsi di studio, i materiali didattici e le attività di laboratorio, stimolano la discussione e la partecipazione degli studenti alle lezioni, somministrano prove ed esami, assegnano tesi e ne danno valutazioni; dirigono le attività di ricerca degli studenti dei corsi di specializzazione e di dottorato; partecipano alle decisioni sulle politiche dell'Università pubblicano articoli e saggi scientifici, partecipano a convegni e conferenze."
CP-2021;5;26121;2612;2.6.1.2.1;Docenti universitari in scienze biologiche;"Le professioni comprese in questa unità progettano, dirigono e conducono ricerche finalizzate a migliorare e ad innovare la conoscenza scientifica o la sua applicazione in ambito produttivo; insegnano la teoria e la pratica di una o più discipline di cui sono esperti, ne definiscono i curricula, preparano i corsi di studio, i materiali didattici e le attività di laboratorio, stimolano la discussione e la partecipazione degli studenti alle lezioni, somministrano prove ed esami, assegnano tesi e ne danno valutazioni; dirigono le attività di ricerca degli studenti dei corsi di specializzazione e di dottorato; partecipano alle decisioni sulle politiche dell'Università pubblicano articoli e saggi scientifici, partecipano a convegni e conferenze."
CP-2021;5;26122;2612;2.6.1.2.2;Docenti universitari in scienze agrarie, zootecniche e della produzione animale;"Le professioni comprese in questa unità progettano, dirigono e conducono ricerche finalizzate a migliorare e ad innovare la conoscenza scientifica o la sua applicazione in ambito produttivo; insegnano la teoria e la pratica di una o più discipline di cui sono esperti, ne definiscono i curricula, preparano i corsi di studio, i materiali didattici e le attività di laboratorio, stimolano la discussione e la partecipazione degli studenti alle lezioni, somministrano prove ed esami, assegnano tesi e ne danno valutazioni; dirigono le attività di ricerca degli studenti dei corsi di specializzazione e di dottorato; partecipano alle decisioni sulle politiche dell'Università pubblicano articoli e saggi scientifici, partecipano a convegni e conferenze."
CP-2021;5;26123;2612;2.6.1.2.3;Docenti universitari in scienze mediche;"Le professioni comprese in questa unità progettano, dirigono e conducono ricerche finalizzate a migliorare e ad innovare la conoscenza scientifica o la sua applicazione in ambito produttivo; insegnano la teoria e la pratica di una o più discipline di cui sono esperti, ne definiscono i curricula, preparano i corsi di studio, i materiali didattici e le attività di laboratorio, stimolano la discussione e la partecipazione degli studenti alle lezioni, somministrano prove ed esami, assegnano tesi e ne danno valutazioni; dirigono le attività di ricerca degli studenti dei corsi di specializzazione e di dottorato; partecipano alle decisioni sulle politiche dell'Università pubblicano articoli e saggi scientifici, partecipano a convegni e conferenze."
CP-2021;5;26131;2613;2.6.1.3.1;Docenti universitari in scienze ingegneristiche civili e dell'architettura;"Le professioni comprese in questa unità progettano, dirigono e conducono ricerche finalizzate a migliorare e ad innovare la conoscenza scientifica o la sua applicazione in ambito produttivo; insegnano la teoria e la pratica di una o più discipline di cui sono esperti, ne definiscono i curricula, preparano i corsi di studio, i materiali didattici e le attività di laboratorio, stimolano la discussione e la partecipazione degli studenti alle lezioni, somministrano prove ed esami, assegnano tesi e ne danno valutazioni; dirigono le attività di ricerca degli studenti dei corsi di specializzazione e di dottorato; partecipano alle decisioni sulle politiche dell'Università pubblicano articoli e saggi scientifici, partecipano a convegni e conferenze."
CP-2021;5;26132;2613;2.6.1.3.2;Docenti universitari in scienze ingegneristiche industriali e dell'informazione;"Le professioni comprese in questa unità progettano, dirigono e conducono ricerche finalizzate a migliorare e ad innovare la conoscenza scientifica o la sua applicazione in ambito produttivo; insegnano la teoria e la pratica di una o più discipline di cui sono esperti, ne definiscono i curricula, preparano i corsi di studio, i materiali didattici e le attività di laboratorio, stimolano la discussione e la partecipazione degli studenti alle lezioni, somministrano prove ed esami, assegnano tesi e ne danno valutazioni; dirigono le attività di ricerca degli studenti dei corsi di specializzazione e di dottorato; partecipano alle decisioni sulle politiche dell'Università pubblicano articoli e saggi scientifici, partecipano a convegni e conferenze."
CP-2021;5;26140;2614;2.6.1.4.0;Docenti universitari in scienze dell'antichità, filologico-letterarie e storico-artistiche;"Le professioni comprese in questa unità progettano, dirigono e conducono ricerche finalizzate a migliorare e ad innovare la conoscenza scientifica o la sua applicazione in ambito produttivo; insegnano la teoria e la pratica di una o più discipline di cui sono esperti, ne definiscono i curricula, preparano i corsi di studio, i materiali didattici e le attività di laboratorio, stimolano la discussione e la partecipazione degli studenti alle lezioni, somministrano prove ed esami, assegnano tesi e ne danno valutazioni; dirigono le attività di ricerca degli studenti dei corsi di specializzazione e di dottorato; partecipano alle decisioni sulle politiche dell'Università pubblicano articoli e saggi scientifici, partecipano a convegni e conferenze."
CP-2021;5;26151;2615;2.6.1.5.1;Docenti universitari in scienze storiche e filosofiche;"Le professioni comprese in questa unità progettano, dirigono e conducono ricerche finalizzate a migliorare e ad innovare la conoscenza scientifica o la sua applicazione in ambito produttivo; insegnano la teoria e la pratica di una o più discipline di cui sono esperti, ne definiscono i curricula, preparano i corsi di studio, i materiali didattici, stimolano la discussione e la partecipazione degli studenti alle lezioni, somministrano prove ed esami, assegnano tesi e ne danno valutazioni; dirigono le attività di ricerca degli studenti dei corsi di specializzazione e di dottorato; partecipano alle decisioni sulle politiche dell'Università pubblicano articoli e saggi scientifici, partecipano a convegni e conferenze."
CP-2021;5;26152;2615;2.6.1.5.2;Docenti universitari in scienze pedagogiche e psicologiche;"Le professioni comprese in questa unità progettano, dirigono e conducono ricerche finalizzate a migliorare e ad innovare la conoscenza scientifica o la sua applicazione in ambito produttivo; insegnano la teoria e la pratica di una o più discipline di cui sono esperti, ne definiscono i curricula, preparano i corsi di studio, i materiali didattici e le attività di laboratorio, stimolano la discussione e la partecipazione degli studenti alle lezioni, somministrano prove ed esami, assegnano tesi e ne danno valutazioni; dirigono le attività di ricerca degli studenti dei corsi di specializzazione e di dottorato; partecipano alle decisioni sulle politiche dell'Università pubblicano articoli e saggi scientifici, partecipano a convegni e conferenze."
CP-2021;5;26160;2616;2.6.1.6.0;Docenti universitari in scienze economiche e statistiche;"Le professioni comprese in questa unità progettano, dirigono e conducono ricerche finalizzate a migliorare e ad innovare la conoscenza scientifica o la sua applicazione in ambito produttivo; insegnano la teoria e la pratica di una o più discipline di cui sono esperti, ne definiscono i curricula, preparano i corsi di studio, i materiali didattici e le attività di laboratorio, stimolano la discussione e la partecipazione degli studenti alle lezioni, somministrano prove ed esami, assegnano tesi e ne danno valutazioni; dirigono le attività di ricerca degli studenti dei corsi di specializzazione e di dottorato; partecipano alle decisioni sulle politiche dell'Università pubblicano articoli e saggi scientifici, partecipano a convegni e conferenze."
CP-2021;5;26171;2617;2.6.1.7.1;Docenti universitari in scienze giuridiche;"Le professioni comprese in questa unità progettano, dirigono e conducono ricerche finalizzate a migliorare e ad innovare la conoscenza scientifica o la sua applicazione in ambito produttivo; insegnano la teoria e la pratica di una o più discipline di cui sono esperti, ne definiscono i curricula, preparano i corsi di studio, i materiali didattici, stimolano la discussione e la partecipazione degli studenti alle lezioni, somministrano prove ed esami, assegnano tesi e ne danno valutazioni; dirigono le attività di ricerca degli studenti dei corsi di specializzazione e di dottorato; partecipano alle decisioni sulle politiche dell'Università pubblicano articoli e saggi scientifici, partecipano a convegni e conferenze."
CP-2021;5;26172;2617;2.6.1.7.2;Docenti universitari in scienze politiche e sociali;"Le professioni comprese in questa unità progettano, dirigono e conducono ricerche finalizzate a migliorare e ad innovare la conoscenza scientifica o la sua applicazione in ambito produttivo; insegnano la teoria e la pratica di una o più discipline di cui sono esperti, ne definiscono i curricula, preparano i corsi di studio, i materiali didattici e le attività di laboratorio, stimolano la discussione e la partecipazione degli studenti alle lezioni, somministrano prove ed esami, assegnano tesi e ne danno valutazioni; dirigono le attività di ricerca degli studenti dei corsi di specializzazione e di dottorato; partecipano alle decisioni sulle politiche dell'Università pubblicano articoli e saggi scientifici, partecipano a convegni e conferenze."
CP-2021;5;26211;2621;2.6.2.1.1;Ricercatori e tecnici laureati nelle scienze matematiche e dell'informazione;"Le professioni comprese in questa unità collaborano con i docenti universitari e li coadiuvano nella progettazione e nella realizzazione delle attività didattiche e curricolari; seguono le attività di studio degli studenti; progettano e conducono in ambito accademico ricerche teoriche e sperimentali finalizzate ad ampliare e ad innovare la conoscenza scientifica o la sua applicazione in ambito produttivo; garantiscono il funzionamento dei laboratori e delle attrezzature scientifiche; definiscono e applicano protocolli scientifici nelle sperimentazioni di laboratorio e nelle attività di ricerca. In particolare le professioni comprese nell'unità professionale svolgono le attività previste nell'ambito delle scienze matematiche e dell'informazione."
CP-2021;5;26212;2621;2.6.2.1.2;Ricercatori e tecnici laureati nelle scienze fisiche;"Le professioni comprese in questa unità collaborano con i docenti universitari e li coadiuvano nella progettazione e nella realizzazione delle attività didattiche e curricolari; seguono le attività di studio degli studenti; progettano e conducono in ambito accademico ricerche teoriche e sperimentali finalizzate ad ampliare e ad innovare la conoscenza scientifica o la sua applicazione in ambito produttivo; garantiscono il funzionamento dei laboratori e delle attrezzature scientifiche; definiscono e applicano protocolli scientifici nelle sperimentazioni di laboratorio e nelle attività di ricerca. In particolare le professioni comprese nell'unità professionale svolgono le attività previste nell'ambito delle scienze fisiche."
CP-2021;5;26213;2621;2.6.2.1.3;Ricercatori e tecnici laureati nelle scienze chimiche e farmaceutiche;"Le professioni comprese in questa unità collaborano con i docenti universitari e li coadiuvano nella progettazione e nella realizzazione delle attività didattiche e curricolari; seguono le attività di studio degli studenti; progettano e conducono in ambito accademico ricerche teoriche e sperimentali finalizzate ad ampliare e ad innovare la conoscenza scientifica o la sua applicazione in ambito produttivo; garantiscono il funzionamento dei laboratori e delle attrezzature scientifiche; definiscono e applicano protocolli scientifici nelle sperimentazioni di laboratorio e nelle attività di ricerca. In particolare le professioni comprese nell'unità professionale svolgono le attività previste nell'ambito delle scienze chimiche e farmaceutiche."
CP-2021;5;26214;2621;2.6.2.1.4;Ricercatori e tecnici laureati nelle scienze della terra;"Le professioni comprese in questa unità collaborano con i docenti universitari e li coadiuvano nella progettazione e nella realizzazione delle attività didattiche e curricolari; seguono le attività di studio degli studenti; progettano e conducono in ambito accademico ricerche teoriche e sperimentali finalizzate ad ampliare e ad innovare la conoscenza scientifica o la sua applicazione in ambito produttivo; garantiscono il funzionamento dei laboratori e delle attrezzature scientifiche; definiscono e applicano protocolli scientifici nelle sperimentazioni di laboratorio e nelle attività di ricerca. In particolare le professioni comprese nell'unità professionale svolgono le attività previste nell'ambito delle scienze della terra."
CP-2021;5;26221;2622;2.6.2.2.1;Ricercatori e tecnici laureati nelle scienze biologiche;"Le professioni comprese in questa unità collaborano con i docenti universitari e li coadiuvano nella progettazione e nella realizzazione delle attività didattiche e curricolari; seguono le attività di studio degli studenti; progettano e conducono in ambito accademico ricerche teoriche e sperimentali finalizzate ad ampliare e ad innovare la conoscenza scientifica o la sua applicazione in ambito produttivo; garantiscono il funzionamento dei laboratori e delle attrezzature scientifiche; definiscono e applicano protocolli scientifici nelle sperimentazioni di laboratorio e nelle attività di ricerca. In particolare le professioni comprese nell'unità professionale svolgono le attività previste nell'ambito delle scienze biologiche."
CP-2021;5;26222;2622;2.6.2.2.2;Ricercatori e tecnici laureati nelle scienze agrarie, zootecniche e della produzione animale;"Le professioni comprese in questa unità collaborano con i docenti universitari e li coadiuvano nella progettazione e nella realizzazione delle attività didattiche e curricolari; seguono le attività di studio degli studenti; progettano e conducono in ambito accademico ricerche teoriche e sperimentali finalizzate ad ampliare e ad innovare la conoscenza scientifica o la sua applicazione in ambito produttivo; garantiscono il funzionamento dei laboratori e delle attrezzature scientifiche; definiscono e applicano protocolli scientifici nelle sperimentazioni di laboratorio e nelle attività di ricerca. In particolare le professioni comprese nell'unità professionale svolgono le attività previste nell'ambito delle scienze agrarie, zootecniche e della produzione animale."
CP-2021;5;26223;2622;2.6.2.2.3;Ricercatori e tecnici laureati nelle scienze mediche;"Le professioni comprese in questa unità collaborano con i docenti universitari e li coadiuvano nella progettazione e nella realizzazione delle attività didattiche e curricolari; seguono le attività di studio degli studenti; progettano e conducono in ambito accademico ricerche teoriche e sperimentali finalizzate ad ampliare e ad innovare la conoscenza scientifica o la sua applicazione in ambito produttivo; garantiscono il funzionamento dei laboratori e delle attrezzature scientifiche; definiscono e applicano protocolli scientifici nelle sperimentazioni di laboratorio e nelle attività di ricerca. In particolare le professioni comprese nell'unità professionale svolgono le attività previste nell'ambito delle scienze mediche."
CP-2021;5;26231;2623;2.6.2.3.1;Ricercatori e tecnici laureati nelle scienze ingegneristiche civili e dell'architettura;"Le professioni comprese in questa unità collaborano con i docenti universitari e li coadiuvano nella progettazione e nella realizzazione delle attività didattiche e curricolari; seguono le attività di studio degli studenti; progettano e conducono in ambito accademico ricerche teoriche e sperimentali finalizzate ad ampliare e ad innovare la conoscenza scientifica o la sua applicazione in ambito produttivo; garantiscono il funzionamento dei laboratori e delle attrezzature scientifiche; definiscono e applicano protocolli scientifici nelle sperimentazioni di laboratorio e nelle attività di ricerca. In particolare le professioni comprese nell'unità professionale svolgono le attività previste nell'ambito delle scienze ingegneristiche civili e dell'architettura."
CP-2021;5;26232;2623;2.6.2.3.2;Ricercatori e tecnici laureati nelle scienze ingegneristiche industriali e dell'informazione;"Le professioni comprese in questa unità collaborano con i docenti universitari e li coadiuvano nella progettazione e nella realizzazione delle attività didattiche e curricolari; seguono le attività di studio degli studenti; progettano e conducono in ambito accademico ricerche teoriche e sperimentali finalizzate ad ampliare e ad innovare la conoscenza scientifica o la sua applicazione in ambito produttivo; garantiscono il funzionamento dei laboratori e delle attrezzature scientifiche; definiscono e applicano protocolli scientifici nelle sperimentazioni di laboratorio e nelle attività di ricerca. In particolare le professioni comprese nell'unità professionale svolgono le attività previste nell'ambito delle scienze ingegneristiche industriali e dell'informazione."
CP-2021;5;26240;2624;2.6.2.4.0;Ricercatori e tecnici laureati nelle scienze dell'antichità, filologico-letterarie e storico-artistiche;"Le professioni comprese in questa unità collaborano con i docenti universitari e li coadiuvano nella progettazione e nella realizzazione delle attività didattiche e curricolari; seguono le attività di studio degli studenti; progettano e conducono in ambito accademico ricerche teoriche e sperimentali finalizzate ad ampliare e ad innovare la conoscenza scientifica o la sua applicazione in ambito produttivo; garantiscono il funzionamento dei laboratori e delle attrezzature scientifiche; definiscono e applicano protocolli scientifici nelle sperimentazioni di laboratorio e nelle attività di ricerca. In particolare le professioni comprese nell'unità professionale svolgono le attività previste nell'ambito delle scienze dell'antichità, filologico-letterarie e storico-artistiche."
CP-2021;5;26251;2625;2.6.2.5.1;Ricercatori e tecnici laureati nelle scienze storiche e filosofiche;"Le professioni comprese in questa unità collaborano con i docenti universitari e li coadiuvano nella progettazione e nella realizzazione delle attività didattiche e curricolari; seguono le attività di studio degli studenti; progettano e conducono in ambito accademico ricerche teoriche e sperimentali finalizzate ad ampliare e ad innovare la conoscenza scientifica o la sua applicazione in ambito produttivo; garantiscono il funzionamento dei laboratori e delle attrezzature scientifiche; definiscono e applicano protocolli scientifici nelle sperimentazioni di laboratorio e nelle attività di ricerca. In particolare le professioni comprese nell'unità professionale svolgono le attività previste nell'ambito delle scienze storiche e filosofiche."
CP-2021;5;26252;2625;2.6.2.5.2;Ricercatori e tecnici laureati nelle scienze pedagogiche e psicologiche;"Le professioni comprese in questa unità collaborano con i docenti universitari e li coadiuvano nella progettazione e nella realizzazione delle attività didattiche e curricolari; seguono le attività di studio degli studenti; progettano e conducono in ambito accademico ricerche teoriche e sperimentali finalizzate ad ampliare e ad innovare la conoscenza scientifica o la sua applicazione in ambito produttivo; garantiscono il funzionamento dei laboratori e delle attrezzature scientifiche; definiscono e applicano protocolli scientifici nelle sperimentazioni di laboratorio e nelle attività di ricerca. In particolare le professioni comprese nell'unità professionale svolgono le attività previste nell'ambito delle scienze pedagogiche e psicologiche."
CP-2021;5;26260;2626;2.6.2.6.0;Ricercatori e tecnici laureati nelle scienze economiche e statistiche;"Le professioni comprese in questa unità collaborano con i docenti universitari e li coadiuvano nella progettazione e nella realizzazione delle attività didattiche e curricolari; seguono le attività di studio degli studenti; progettano e conducono in ambito accademico ricerche teoriche e sperimentali finalizzate ad ampliare e ad innovare la conoscenza scientifica o la sua applicazione in ambito produttivo; garantiscono il funzionamento dei laboratori e delle attrezzature scientifiche; definiscono e applicano protocolli scientifici nelle sperimentazioni di laboratorio e nelle attività di ricerca. In particolare le professioni comprese nell'unità professionale svolgono le attività previste nell'ambito delle scienze economiche e statistiche."
CP-2021;5;26271;2627;2.6.2.7.1;Ricercatori e tecnici laureati nelle scienze giuridiche;"Le professioni comprese in questa unità collaborano con i docenti universitari e li coadiuvano nella progettazione e nella realizzazione delle attività didattiche e curricolari; seguono le attività di studio degli studenti; progettano e conducono in ambito accademico ricerche teoriche e sperimentali finalizzate ad ampliare e ad innovare la conoscenza scientifica o la sua applicazione in ambito produttivo; garantiscono il funzionamento dei laboratori e delle attrezzature scientifiche; definiscono e applicano protocolli scientifici nelle sperimentazioni di laboratorio e nelle attività di ricerca. In particolare le professioni comprese nell'unità professionale svolgono le attività previste nell'ambito delle scienze giuridiche."
CP-2021;5;26272;2627;2.6.2.7.2;Ricercatori e tecnici laureati nelle scienze politiche e sociali;"Le professioni comprese in questa unità collaborano con i docenti universitari e li coadiuvano nella progettazione e nella realizzazione delle attività didattiche e curricolari; seguono le attività di studio degli studenti; progettano e conducono in ambito accademico ricerche teoriche e sperimentali finalizzate ad ampliare e ad innovare la conoscenza scientifica o la sua applicazione in ambito produttivo; garantiscono il funzionamento dei laboratori e delle attrezzature scientifiche; definiscono e applicano protocolli scientifici nelle sperimentazioni di laboratorio e nelle attività di ricerca. In particolare le professioni comprese nell'unità professionale svolgono le attività previste nell'ambito delle scienze politiche e sociali."
CP-2021;5;26311;2631;2.6.3.1.1;Docenti di discipline artistiche nelle accademie di belle arti e nelle istituzioni scolastiche assimilate;"Le professioni comprese in questa unità insegnano la teoria e la pratica delle discipline artistiche nelle accademie di belle arti e nelle istituzioni scolastiche assimilate preparando gli allievi all'esercizio di attività artistiche nel campo delle belle arti; definiscono i curricula, gestiscono corsi e danno lezioni in una o più classi, organizzano corsi per gli adulti; somministrano prove ed esami e valutano l'apprendimento degli allievi."
CP-2021;5;26312;2631;2.6.3.1.2;Docenti di discipline musicali nei conservatori e nelle istituzioni scolastiche assimilate;"Le professioni comprese in questa unità insegnano la teoria e la pratica delle discipline musicali nei conservatori e nelle istituzioni scolastiche assimilate preparando gli allievi all'esercizio di attività artistiche nel campo della musica; definiscono i curricula, gestiscono corsi e danno lezioni in una o più classi, organizzano corsi per gli adulti, somministrano prove ed esami e valutano l'apprendimento degli allievi."
CP-2021;5;26313;2631;2.6.3.1.3;Docenti di arte drammatica e danza nelle accademie e nelle istituzioni scolastiche assimilate;"Le professioni comprese in questa unità insegnano la teoria e la pratica dell'arte drammatica e danza nei cicli di istruzione post-primaria, esclusa l'istruzione universitaria, preparando gli allievi all'esercizio di attività artistiche nel campo della danza e dell'arte drammatica; definiscono i curricula, gestiscono corsi e danno lezioni in una o più classi, organizzano corsi per gli adulti, somministrano prove ed esami e valutano l'apprendimento degli allievi."
CP-2021;5;26321;2632;2.6.3.2.1;Docenti di scienze matematiche, fisiche e chimiche nella scuola secondaria superiore;"Le professioni comprese in questa unità insegnano la teoria e la pratica delle scienze matematiche, fisiche e chimiche nei licei, negli istituti tecnici, professionali, d'arte e negli istituti magistrali, preparando gli allievi all'acquisizione di un titolo di studio, alla prosecuzione degli studi e all'esercizio di attività lavorative; definiscono i curricula, gestiscono corsi e danno lezioni in una o più classi, organizzano corsi per gli adulti, somministrano prove ed esami e valutano l'apprendimento degli allievi; partecipano alle decisioni sull'organizzazione scolastica, la didattica e l'offerta educativa e formativa; gestiscono le relazioni con le famiglie e gli altri soggetti rilevanti, coadiuvano il personale specializzato nell'accompagnamento e nel supporto a singoli allievi in situazione di difficoltà cognitiva."
CP-2021;5;26322;2632;2.6.3.2.2;Docenti di scienze della vita e della salute nella scuola secondaria superiore;"Le professioni comprese in questa unità insegnano la teoria e la pratica delle scienze della vita e della salute nei licei, negli istituti tecnici, professionali, d'arte e negli istituti magistrali, preparando gli allievi all'acquisizione di un titolo di studio, alla prosecuzione degli studi e all'esercizio di attività lavorative; definiscono i curricula, gestiscono corsi e danno lezioni in una o più classi; organizzano corsi per gli adulti, somministrano prove ed esami e valutano l'apprendimento degli allievi; partecipano alle decisioni sull'organizzazione scolastica, la didattica e l'offerta educativa e formativa, gestiscono le relazioni con le famiglie e gli altri soggetti rilevanti, coadiuvano il personale specializzato nell'accompagnamento e nel supporto a singoli allievi in situazione di difficoltà cognitiva."
CP-2021;5;26323;2632;2.6.3.2.3;Docenti di discipline tecnico-ingegneristiche nella scuola secondaria superiore;"Le professioni comprese in questa unità insegnano la teoria e la pratica delle discipline tecnico-ingegneristiche negli istituti tecnici, professionali preparando gli allievi all'acquisizione di un titolo di studio, alla prosecuzione degli studi e all'esercizio di attività lavorative; definiscono i curricula, gestiscono corsi e danno lezioni in una o più classi, organizzano corsi per gli adulti; somministrano prove ed esami e valutano l'apprendimento degli allievi; partecipano alle decisioni sull'organizzazione scolastica, la didattica e l'offerta educativa e formativa, gestiscono le relazioni con le famiglie e gli altri soggetti rilevanti, coadiuvano il personale specializzato nell'accompagnamento e nel supporto a singoli allievi in situazione di difficoltà cognitiva."
CP-2021;5;26324;2632;2.6.3.2.4;Docenti di scienze dell'informazione nella scuola secondaria superiore;"Le professioni comprese in questa unità insegnano la teoria e la pratica delle scienze dell'informazione nei licei, negli istituti tecnici, professionali, d'arte e negli istituti magistrali, preparando gli allievi all'acquisizione di un titolo di studio, alla prosecuzione degli studi e all'esercizio di attività lavorative; definiscono i curricula, gestiscono corsi e danno lezioni in una o più classi; organizzano corsi per gli adulti, somministrano prove ed esami e valutano l'apprendimento degli allievi, partecipano alle decisioni sull'organizzazione scolastica, la didattica e l'offerta educativa e formativa; gestiscono le relazioni con le famiglie e gli altri soggetti rilevanti, coadiuvano il personale specializzato nell'accompagnamento e nel supporto a singoli allievi in situazione di difficoltà cognitiva."
CP-2021;5;26325;2632;2.6.3.2.5;Docenti di scienze letterarie, artistiche, storiche, filosofiche, pedagogiche e psicologiche nella scuola secondaria superiore;"Le professioni comprese in questa unità insegnano la teoria e la pratica delle scienze letterarie, artistiche, storiche, filosofiche, pedagogiche e psicologiche nei licei, negli istituti tecnici, professionali, d'arte e negli istituti magistrali, preparando gli allievi all'acquisizione di un titolo di studio, alla prosecuzione degli studi e all'esercizio di attività lavorative; definiscono i curricula, gestiscono corsi e danno lezioni in una o più classi, organizzano corsi per gli adulti, somministrano prove ed esami e valutano l'apprendimento degli allievi; partecipano alle decisioni sull'organizzazione scolastica, la didattica e l'offerta educativa e formativa, gestiscono le relazioni con le famiglie e gli altri soggetti rilevanti, coadiuvano il personale specializzato nell'accompagnamento e nel supporto a singoli allievi in situazione di difficoltà cognitiva."
CP-2021;5;26326;2632;2.6.3.2.6;Docenti di scienze giuridiche, economiche e sociali nella scuola secondaria superiore;"Le professioni comprese in questa unità insegnano la teoria e la pratica delle scienze giuridiche e sociali nei licei, negli istituti tecnici, professionali, d'arte e negli istituti magistrali, preparando gli allievi all'acquisizione di un titolo di studio, alla prosecuzione degli studi e all'esercizio di attività lavorative; definiscono i curricula, gestiscono corsi e danno lezioni in una o più classi, organizzano corsi per gli adulti; somministrano prove ed esami e valutano l'apprendimento degli allievi, partecipano alle decisioni sull'organizzazione scolastica, la didattica e l'offerta educativa e formativa, gestiscono le relazioni con le famiglie e gli altri soggetti rilevanti, coadiuvano il personale specializzato nell'accompagnamento e nel supporto a singoli allievi in situazione di difficoltà cognitiva."
CP-2021;5;26331;2633;2.6.3.3.1;Docenti di discipline umanistiche nella scuola secondaria inferiore;"Le professioni comprese in questa unità insegnano la teoria e la pratica delle discipline umanistiche nella scuola secondaria inferiore, al fine di completare l'alfabetizzazione degli allievi iniziata con il ciclo primario, nell'ambito dell'obbligo scolastico; definiscono i curricula, gestiscono corsi e danno lezioni in una o più classi, organizzano corsi per gli adulti, somministrano prove ed esami e valutano l'apprendimento degli allievi; partecipano alle decisioni sull'organizzazione scolastica, la didattica e l'offerta educativa e formativa, gestiscono le relazioni con le famiglie e gli altri soggetti rilevanti, coadiuvano il personale specializzato nell'accompagnamento e nel supporto a singoli allievi in situazione di difficoltà cognitiva."
CP-2021;5;26332;2633;2.6.3.3.2;Docenti di discipline tecniche e scientifiche nella scuola secondaria inferiore;"Le professioni comprese in questa unità insegnano la teoria e la pratica delle discipline tecniche e scientifiche nella scuola secondaria inferiore, al fine di completare l'alfabetizzazione degli allievi iniziata con il ciclo primario, nell'ambito dell'obbligo scolastico; definiscono i curricula, gestiscono corsi e danno lezioni in una o più classi, organizzano corsi per gli adulti, somministrano prove ed esami e valutano l'apprendimento degli allievi; partecipano alle decisioni sull'organizzazione scolastica, la didattica e l'offerta educativa e formativa, gestiscono le relazioni con le famiglie e gli altri soggetti rilevanti, coadiuvano il personale specializzato nell'accompagnamento e nel supporto a singoli allievi in situazione di difficoltà cognitiva."
CP-2021;5;26410;2641;2.6.4.1.0;Docenti di scuola primaria;"Le professioni comprese in questa unità organizzano, progettano e realizzano attività didattiche finalizzate all'insegnamento ai bambini della lettura e della scrittura, delle strutture di base del linguaggio orale e scritto, dell'aritmetica, dei protocolli e dei linguaggi scientifici, della proiezione e della rappresentazione spaziale e temporale degli oggetti, delle persone, delle culture umane, nonchè finalizzate allo sviluppo delle capacità psicomotorie, sociali e logiche. Programmano tali attività, somministrano prove ed esami e valutano l'apprendimento degli allievi; partecipano alle decisioni sull'organizzazione scolastica, la didattica e l'offerta educativa e formativa; coinvolgono i genitori nel processo di apprendimento dei figli."
CP-2021;5;26420;2642;2.6.4.2.0;Docenti di scuola pre-primaria;"Le professioni comprese in questa unità organizzano, progettano e realizzano attività didattiche finalizzate, attraverso il gioco individuale o di gruppo, a promuovere lo sviluppo fisico, psichico, cognitivo e sociale nei bambini in età prescolare. Programmano tali attività, valutano l'apprendimento degli allievi, partecipano alle decisioni sull'organizzazione scolastica, sulla didattica e sull'offerta formativa; coinvolgono i genitori nel processo di apprendimento dei figli, sostengono i bambini disabili lungo il percorso scolastico."
CP-2021;5;26510;2651;2.6.5.1.0;Specialisti nell'educazione e nella formazione di soggetti diversamente abili;"Le professioni comprese in questa unità insegnano a bambini, giovani o adulti con difficoltà di apprendimento e disabilità fisiche e mentali. Progettano o modificano i curricula in relazione ai bisogni specifici dei soggetti; addestrano gli allievi all'uso di tecniche mirate o di supporti particolari all'apprendimento, li incoraggiano ad acquisire sicurezza in se stessi e a scoprire metodi e tecniche per compensare le limitazioni poste dalla disabilità somministrano prove e valutano il grado di apprendimento degli allievi; partecipano alle decisioni sull'organizzazione scolastica, sulla didattica e sull'offerta educativa e formativa; gestiscono le relazioni con le famiglie e gli altri soggetti rilevanti."
CP-2021;5;26520;2652;2.6.5.2.0;Ispettori scolastici e professioni assimilate;"Le professioni comprese in questa unità garantiscono sul territorio la corretta realizzazione delle finalità del sistema dell'istruzione, così come attribuite alle singole istituzioni scolastiche. Elaborano progetti finalizzati alla realizzazione degli obiettivi di politica scolastica, informano su programmi, sussidi didattici e tecnologie educative; promuovono attività di aggiornamento dei dirigenti scolastici e del personale docente; forniscono consulenze e assistenza in materia di didattica, sperimentazione e ricerca educativa; conducono le ispezioni disposte dall'amministrazione scolastica."
CP-2021;5;26531;2653;2.6.5.3.1;Docenti della formazione e dell'aggiornamento professionale;Le professioni comprese in questa unità insegnano gli aspetti teorici delle discipline connesse alla pratica di diverse attività lavorative, all'uso di tecnologie e di attrezzature in centri per la formazione professionale e in imprese.
CP-2021;5;26532;2653;2.6.5.3.2;Esperti della progettazione formativa e curricolare;Le professioni comprese in questa unità coordinano e progettano le attività didattiche e curricolari in centri di formazione dedicati o, direttamente, nelle imprese e nelle organizzazioni.
CP-2021;5;26540;2654;2.6.5.4.0;Consiglieri dell'orientamento;Le professioni comprese in questa unità valutano le capacità e le propensioni degli individui, li informano sulla struttura e le dinamiche del mercato del lavoro e dell'offerta educativa e formativa, li assistono nella individuazione dei percorsi più adeguati allo sviluppo e alla crescita personale, sociale, educativa e professionale.
CP-2021;5;26551;2655;2.6.5.5.1;Insegnanti di arti figurative;Le professioni comprese in questa unità insegnano, al di fuori dei percorsi scolastici e formativi istituzionali, con lezioni individuali o per piccoli gruppi, la teoria e la pratica di discipline artistico-figurative quali la pittura, la scultura, la fotografia e la grafica.
CP-2021;5;26552;2655;2.6.5.5.2;Insegnanti di danza;Le professioni comprese in questa unità insegnano, al di fuori dei percorsi scolastici e formativi istituzionali, con lezioni individuali o per piccoli gruppi, la teoria e la pratica della danza classica e moderna.
CP-2021;5;26553;2655;2.6.5.5.3;Insegnanti di canto;Le professioni comprese in questa unità insegnano, al di fuori dei percorsi scolastici e formativi istituzionali, con lezioni individuali o per piccoli gruppi, la teoria e la tecnica del canto.
CP-2021;5;26554;2655;2.6.5.5.4;Insegnanti di strumenti musicali;Le professioni comprese in questa unità insegnano, al di fuori dei percorsi scolastici e formativi istituzionali, con lezioni individuali o per piccoli gruppi, la teoria e la tecnica per suonare uno strumento musicale.
CP-2021;5;26555;2655;2.6.5.5.5;Insegnanti di lingue;Le professioni comprese in questa unità insegnano, al di fuori dei percorsi scolastici e formativi istituzionali, con lezioni individuali o per piccoli gruppi, la grammatica, la struttura, la dizione e la comunicazione della lingua italiana o straniera.
CP-2021;5;27111;2711;2.7.1.1.1;Analisti e progettisti di software;"Le professioni comprese in questa unità sviluppano, creano, modificano o ottimizzano software applicativi analizzando le esigenze degli utilizzatori; progettano, sviluppano e testano software di sistema, di rete, linguaggi e compilatori per diverse aree ed esigenze applicative."
CP-2021;5;27112;2711;2.7.1.1.2;Analisti di sistema;Le professioni comprese in questa unità analizzano i problemi di elaborazione dei dati per diverse esigenze di calcolo e disegnano, individuano o ottimizzano appropriati sistemi di calcolo e di gestione delle informazioni.
CP-2021;5;27113;2711;2.7.1.1.3;Analisti e progettisti di applicazioni web;"Le professioni comprese in questa unità si occupano dell'ideazione, della realizzazione, dell'integrazione e della verifica dei software impiegati in un sito o in un'applicazione web. Progettano dal punto di vista funzionale siti e applicazioni web, scelgono le tecnologie più adatte in termini di costi, efficienza e affidabilità programmano le funzionalità necessarie; eseguono test e simulazioni per valutare l'accessibilità, l'usabilità, la robustezza e la sicurezza delle soluzioni realizzate."
CP-2021;5;27211;2721;2.7.2.1.1;Specialisti in reti e comunicazioni informatiche;Le professioni comprese in questa unità analizzano, progettano, testano, valutano e ottimizzano le prestazioni dei sistemi di rete e di telecomunicazione.
CP-2021;5;27212;2721;2.7.2.1.2;Analisti e progettisti di basi dati;Le professioni comprese in questa unità analizzano, progettano, sviluppano e collaudano i sistemi di gestione di banche dati, garantendone e controllandone le prestazioni ottimali e la sicurezza. Definiscono e predispongono i sistemi di backup e le procedure per preservare la sicurezza e l'integrità dei dati.
CP-2021;5;27213;2721;2.7.2.1.3;Amministratori di sistemi;"Le professioni comprese in questa unità analizzano, progettano, sviluppano sistemi informatici, controllandone e garantendone le prestazioni ottimali e la sicurezza. Definiscono le modalità di configurazione, di mantenimento e di gestione di reti di computer, dei relativi ambienti di elaborazione e delle operazioni di disaster recovery; predispongono le procedure di monitoraggio delle prestazioni dei sistemi informatici e delle reti."
CP-2021;5;27214;2721;2.7.2.1.4;Specialisti in sicurezza informatica;Le professioni comprese in questa unità disegnano, coordinano ed implementano le misure di sicurezza dei sistemi informativi per regolare gli accessi ai dati e prevenire accessi non autorizzati.
CP-2021;5;31111;3111;3.1.1.1.1;Tecnici geologici;"Le professioni classificate in questa unità  assistono gli specialisti nelle ricerche e nelle rilevazioni geologiche e geofisiche; controllano apparati, impianti e i relativi sistemi tecnici, garantendone il funzionamento e la sicurezza. L'esercizio della professione di Geologo junior è regolato dalle leggi dello Stato."
CP-2021;5;31112;3111;3.1.1.1.2;Tecnici fisici e nucleari;"Le professioni classificate in questa unità  assistono gli specialisti nelle ricerche e nelle sperimentazioni di laboratorio nel campo della fisica, nella produzione di energia nucleare; controllano apparati, impianti e i relativi sistemi tecnici, garantendone il funzionamento e la sicurezza."
CP-2021;5;31120;3112;3.1.1.2.0;Tecnici chimici;"Le professioni classificate in questa unità  assistono gli specialisti nelle analisi di materie solide, liquide e gassose condotte nell'ambito della ricerca chimica ovvero per attività  di produzione, che richiedono l'applicazione delle procedure e dei protocolli della chimica, finalizzate allo sviluppo di nuovi prodotti o processi; assistono gli specialisti al controllo della qualita  della produzione, al controllo e mantenimento degli standard di qualita  ambientale, di funzionamento e di sicurezza degli apparati, impianti e dei relativi sistemi tecnici. L'esercizio delle professioni di Chimico junior e di Perito chimico e  regolato dalle leggi dello Stato."
CP-2021;5;31130;3113;3.1.1.3.0;Tecnici statistici;Le professioni classificate in questa unità  assistono gli specialisti nella ricerca sperimentale, nelle indagini e in altre ricerche demografiche, epidemiologiche ed economiche, nel controllo e nell'applicazione delle procedure di ricerca e di acquisizione dei dati, nella gestione sul campo delle rilevazioni, nel controllo della qualita  dei dati rilevati e nella elaborazione statistica degli stessi. L'esercizio della professione di Attuario junior e  regolato dalle leggi dello Stato.
CP-2021;5;31210;3121;3.1.2.1.0;Tecnici programmatori;"Le professioni classificate in questa unità  assistono i progettisti e analisti di software traducendo istruzioni e specifiche di controllo, di procedure o di soluzioni di problemi, in diagrammi logici di flusso per la programmazione in linguaggio informatico; sviluppando e scrivendo programmi per memorizzare, ricercare ed elaborare informazioni e dati."
CP-2021;5;31220;3122;3.1.2.2.0;Tecnici esperti in applicazioni;Le professioni classificate in questa unità  assistono i progettisti e analisti di software installando, configurando, gestendo e manutenendo applicazioni software.
CP-2021;5;31230;3123;3.1.2.3.0;Tecnici web;Le professioni classificate in questa unità  assistono i progettisti e analisti di applicazioni web sviluppando, configurando, gestendo, manutenendo ed ottimizzando siti internet, intranet e server web.
CP-2021;5;31240;3124;3.1.2.4.0;Tecnici gestori di basi di dati;Le professioni classificate in questa unità  assistono gli analisti e progettisti di basi dati gestendo, controllando e manutenendo basi di dati e relativi sistemi di sicurezza.
CP-2021;5;31250;3125;3.1.2.5.0;Tecnici gestori di reti e di sistemi telematici;Le professioni classificate in questa unità  assistono i progettisti e amministratori di sistemi installando, configurando, gestendo e manutenendo per gli aspetti software i sistemi telematici ed i relativi sistemi di sicurezza.
CP-2021;5;31261;3126;3.1.2.6.1;Tecnici per le telecomunicazioni;Le professioni classificate in questa unità  curano l'installazione, il montaggio, la messa in servizio e la manutenzione delle componenti fisiche di reti informatiche, telefoniche, di impianti radiotelevisivi e satellitari e altre reti di sistemi di informazione elettronica per la trasmissione di dati e immagini.
CP-2021;5;31262;3126;3.1.2.6.2;Tecnici delle trasmissioni radio-televisive;Le professioni classificate in questa unità  installano, tarano e utilizzano apparecchiature e sistemi elettronici per trasmettere programmi radio-televisivi e controllano il livello e la qualita  del suono e delle immagini durante le trasmissioni.
CP-2021;5;31270;3127;3.1.2.7.0;Tecnici dei sistemi informativi geografici (GIS);"Le professioni comprese in questa unità assistono gli specialisti nella ricerca in materia di cartografia e dati territoriali; gestiscono, interpretano e aggiornano i dati di natura geografica; si occupano dei sistemi informativi geografici (GIS) e della produzione di mappe e cartogrammi a partire dai dati geografici provenienti da diverse fonti. Conducono analisi territoriali ed elaborano procedure per la manipolazione e la geolocalizzazione dei dati."
CP-2021;5;31310;3131;3.1.3.1.0;Tecnici meccanici;Le professioni classificate in questa unità  assistono gli specialisti nelle ricerche nel campo dell'ingegneria meccanica, ovvero applicano ed eseguono le procedure e le tecniche proprie per disegnare, modificare, sviluppare e verificare prodotti, macchine, attrezzature. L'esercizio della professione di Perito meccanico e  regolato dalle leggi dello Stato.
CP-2021;5;31321;3132;3.1.3.2.1;Tecnici dei prodotti ceramici;Le professioni classificate in questa unità  assistono gli specialisti nella ricerca in materia di progettazione e produzione di ceramiche, sono di supporto nella progettazione di impianti, apparati e sistemi tecnici di produzione di ceramiche.
CP-2021;5;31322;3132;3.1.3.2.2;Tecnici minerari;Le professioni classificate in questa unità  assistono gli specialisti nella ricerca in materia di estrazione di minerali, acqua, gas e petrolio ovvero applicano ed eseguono procedure e tecniche proprie nelle rilevazioni geologiche e topografiche di cave e giacimenti di minerali o di altri prodotti del sottosuolo, sono di supporto nella progettazione di sistemi e attrezzature di estrazione e di primo trattamento dei prodotti. L'esercizio della professione di Perito minerario e  regolato dalle leggi dello Stato.
CP-2021;5;31323;3132;3.1.3.2.3;Tecnici metallurgici;"Le professioni classificate in questa unità  assistono gli specialisti nella ricerca in materia di estrazione di leghe; sono di supporto nella progettazione di impianti, apparati e sistemi tecnici di produzione di metalli e leghe."
CP-2021;5;31330;3133;3.1.3.3.0;Elettrotecnici;Le professioni classificate in questa unità  assistono gli specialisti nella ricerca nel campo dell'elettricita  e della progettazione di macchine ed apparati elettrici, anche di natura automatica, ovvero applicano ed eseguono procedure e tecniche proprie per disegnare, installare, individuare problemi e modificare impianti, circuiti, macchine e apparecchiature elettrici ed elettromeccanici. L'esercizio della professione di Perito elettrotecnico e  regolato dalle leggi dello Stato.
CP-2021;5;31340;3134;3.1.3.4.0;Tecnici elettronici;Le professioni classificate in questa unità  assistono gli specialisti nella ricerca in materia di elettronica, ovvero applicano ed eseguono procedure e tecniche proprie per disegnare, costruire, installare e modificare componenti, parti, apparati e circuiti elettronici singoli o inseriti in sistemi complessi e per individuare e risolvere problemi di funzionamento. L'esercizio della professione di Perito elettronico e  regolato dalle leggi dello Stato.
CP-2021;5;31350;3135;3.1.3.5.0;Tecnici delle costruzioni civili e professioni assimilate;Le professioni classificate in questa unità  assistono gli specialisti nella ricerca nel campo dell'ingegneria civile e nella progettazione di edifici, strade, ferrovie, aeroporti e porti e di altre opere civili, ovvero applicano ed eseguono procedure e tecniche proprie per disegnare, progettare, sovrintendere alla costruzione e manutenere tali opere, per controllarne gli impianti, gli apparati e i relativi sistemi tecnici e garantirne il funzionamento e la sicurezza. L'esercizio delle professioni di Geometra, Geometra laureato, Perito edile, Architetto junior e Pianificatore junior e  regolato dalle leggi dello Stato.
CP-2021;5;31360;3136;3.1.3.6.0;Tecnici del risparmio energetico e delle energie rinnovabili;"Le professioni classificate in questa unità  assistono gli specialisti della produzione di energie rinnovabili e dell'applicazione di tecniche di risparmio energetico ovvero applicano ed eseguono procedure e tecniche proprie per individuare nuovi metodi di conversione dell'energia a partire dalle fonti primarie disponibili in natura, per aumentare il risparmio energetico e ridurre l'impatto ambientale; verificano le condizioni e gli elementi necessari alla progettazione di impianti per la produzione di energie rinnovabili."
CP-2021;5;31371;3137;3.1.3.7.1;Disegnatori tecnici;Le professioni comprese in questa unità  applicano ed eseguono procedure e tecniche proprie per realizzare disegni dettagliati di elementi architettonici e strutturali di edifici e di altre opere civili, di macchine, congegni ed apparecchiature meccaniche, elettriche ed elettroniche, di prodotti industriali e di beni di consumo.
CP-2021;5;31372;3137;3.1.3.7.2;Disegnatori tessili;Le professioni comprese in questa unità  applicano ed eseguono procedure e tecniche proprie per realizzare disegni dettagliati dei motivi e degli elementi di decorazione da tessere o stampare su stoffa o altri manufatti tessili. L'esercizio della professione di Perito tessile e  regolato dalle leggi dello Stato.
CP-2021;5;31373;3137;3.1.3.7.3;Rilevatori e disegnatori di prospezioni;Le professioni comprese in questa unità  applicano ed eseguono procedure e tecniche proprie per realizzare disegni dettagliati della conformazione fisica e topografica del suolo o di altri oggetti, esseri o elementi naturali.
CP-2021;5;31411;3141;3.1.4.1.1;Tecnici della conduzione e del controllo di impianti di produzione dei metalli;Le professioni comprese in questa unità  applicano procedure, regolamenti e tecnologie proprie per controllare, attraverso sistemi automatizzati, e gestire il funzionamento e la sicurezza dei processi dell'impiantistica per la produzione dei metalli.
CP-2021;5;31412;3141;3.1.4.1.2;Tecnici della conduzione e del controllo di impianti chimici;Le professioni comprese in questa unità  applicano procedure, regolamenti e tecnologie proprie per controllare, attraverso sistemi automatizzati, e gestire il funzionamento e la sicurezza dei processi di lavorazione e dell'impiantistica chimica di flusso.
CP-2021;5;31413;3141;3.1.4.1.3;Tecnici della conduzione e del controllo di impianti di produzione della carta;Le professioni comprese in questa unità  applicano procedure, regolamenti e tecnologie proprie per controllare, attraverso sistemi automatizzati, e gestire il funzionamento e la sicurezza dei processi di lavorazione e dell'impiantistica di flusso per la produzione della carta.
CP-2021;5;31414;3141;3.1.4.1.4;Tecnici della conduzione e del controllo di impianti di trattamento delle acque;Le professioni comprese in questa unità  applicano procedure, regolamenti e tecnologie proprie per controllare, attraverso sistemi automatizzati, e gestire il funzionamento e la sicurezza dei processi per il trattamento di potabilizzazione e depurazione delle acque reflue.
CP-2021;5;31415;3141;3.1.4.1.5;Tecnici della conduzione e del controllo di catene di montaggio automatiche;Le professioni comprese in questa unità  applicano procedure, regolamenti e tecnologie proprie per controllare, attraverso sistemi automatizzati, e gestire il funzionamento e la sicurezza delle catene di montaggio automatiche.
CP-2021;5;31421;3142;3.1.4.2.1;Tecnici della produzione di energia termica ed elettrica;"Le professioni comprese in questa unità  applicano procedure, regolamenti e tecnologie proprie per adeguare, modificare, sviluppare, controllare, verificare, operare e garantire il funzionamento corretto ed efficiente e la sicurezza di processi, fasi, sistemi e apparati per la produzione di energia elettrica e termica, anche da fonti rinnovabili; monitorano e gestiscono sistemi computerizzati di controllo e le relative apparecchiature in impianti per l'incenerimento e il trattamento di termodistruzione e termovalorizzazione dei rifiuti."
CP-2021;5;31422;3142;3.1.4.2.2;Tecnici dell'esercizio di reti idriche e di altri fluidi;Le professioni comprese in questa unità  applicano procedure, regolamenti e tecnologie proprie per gestire, controllare, verificare, operare e garantire il funzionamento corretto ed efficiente e la sicurezza dell'esercizio di reti per il trasporto e la distribuzione di acqua e gas.
CP-2021;5;31423;3142;3.1.4.2.3;Tecnici dell'esercizio di reti di distribuzione di energia elettrica;Le professioni comprese in questa unità  applicano procedure, regolamenti e tecnologie proprie per gestire, controllare, verificare, operare e garantire il funzionamento corretto ed efficiente e la sicurezza dell'esercizio di reti per il trasporto e la distribuzione di energia elettrica.
CP-2021;5;31510;3151;3.1.5.1.0;Tecnici di produzione in miniere e cave;Le professioni comprese in questa unità  applicano procedure, regolamenti e tecnologie proprie per gestire, controllare, organizzare e garantire l'efficienza, il corretto funzionamento e la sicurezza dei processi di produzione nelle miniere e nelle cave.
CP-2021;5;31520;3152;3.1.5.2.0;Tecnici della gestione di cantieri edili;Le professioni comprese in questa unità  applicano procedure, regolamenti e tecnologie proprie per gestire, controllare organizzare e garantire l'efficienza e la sicurezza dei processi di lavorazione nei cantieri edili.
CP-2021;5;31530;3153;3.1.5.3.0;Tecnici della produzione manifatturiera;"Le professioni comprese in questa unità  applicano procedure, regolamenti e tecnologie proprie per gestire, organizzare, controllare e garantire l'efficienza, il corretto funzionamento e la sicurezza dei processi di produzione manifatturiera; verificano la qualita  dei beni prodotti."
CP-2021;5;31541;3154;3.1.5.4.1;Tecnici della preparazione alimentare;"Le professioni comprese in questa unità  applicano procedure, regolamenti e tecnologie proprie per gestire, organizzare, controllare e garantire l'efficienza, il corretto funzionamento e la sicurezza dei processi di preparazione alimentare; creano ricette, supervisionano, pianificano e organizzano la realizzazione dei piatti; verificano la qualita  dei beni prodotti."
CP-2021;5;31542;3154;3.1.5.4.2;Tecnici della produzione alimentare;Le professioni comprese in questa unità  applicano procedure, regolamenti e tecnologie proprie per gestire, organizzare, controllare e garantire l'efficienza, il corretto funzionamento e la sicurezza dei processi di produzione alimentare.
CP-2021;5;31550;3155;3.1.5.5.0;Tecnici della produzione di servizi;"Le professioni comprese in questa unità  applicano procedure, regolamenti e tecnologie proprie per gestire, controllare, organizzare e garantire l'efficienza e la corretta erogazione dei servizi; verificano la qualita  dei servizi offerti."
CP-2021;5;31611;3161;3.1.6.1.1;Comandanti navali;Le professioni comprese in questa unità  dirigono e sovrintendono la navigazione di grandi imbarcazioni e navi dentro e fuori i porti, lungo fiumi navigabili, mari, oceani, laghi e baie.
CP-2021;5;31612;3161;3.1.6.1.2;Ufficiali e assistenti di bordo;Le professioni comprese in questa unità  coordinano e sovrintendono alle attività  dell'equipaggio di grandi imbarcazioni e navi, controllano e garantiscono il corretto funzionamento dei motori e delle altre apparecchiature di bordo. L'esercizio della professione di Perito navale e  regolato dalle leggi dello Stato.
CP-2021;5;31613;3161;3.1.6.1.3;Piloti navali;"Le professioni comprese in questa unità  pilotano navi e imbarcazioni; assistono il comandante fornendo suggerimenti sulla rotta e sulla determinazione delle manovre necessarie per seguirla."
CP-2021;5;31621;3162;3.1.6.2.1;Piloti e ufficiali di aeromobili;"Le professioni comprese in questa unità  comandano, controllano le apparecchiature e le operazioni di volo a bordo e fuori bordo; sovrintendono alla navigazione, ne garantiscono la sicurezza e pilotano aeromobili da carico e per il trasporto di passeggeri."
CP-2021;5;31622;3162;3.1.6.2.2;Tecnici avionici;Le professioni comprese in questa unità  controllano, tarano, riparano e garantiscono il funzionamento dell'avionica a bordo, dei sistemi integrati di navigazione, di comunicazione, e di sicurezza.
CP-2021;5;31623;3162;3.1.6.2.3;Tecnici aerospaziali;Le professioni comprese in questa unità  installano, tarano e fanno funzionare sistemi integrati di calcolo/comunicazione, simulatori, periferiche di acquisizione di dati, strumenti di misurazione e altre apparecchiature per lanciare e seguire da terra veicoli aerospaziali.
CP-2021;5;31631;3163;3.1.6.3.1;Controllori di volo;"Le professioni comprese in questa unità  controllano e dirigono il traffico degli aeromobili e il loro movimento alle diverse altitudini e negli aeroporti; forniscono informazioni per le operazioni di atterraggio e di decollo; applicano le procedure stabilite per controllare, regolare e autorizzare i voli in ottemperanza delle garanzie di sicurezza."
CP-2021;5;31632;3163;3.1.6.3.2;Tecnici del traffico aeroportuale;"Le professioni comprese in questa unità  autorizzano le operazioni a terra per il decollo e l'atterraggio degli aeromobili e ne assicurano la sicurezza; coordinano le attività  del personale in pista; applicano le procedure aeroportuali di sicurezza, in conformita  alle norme internazionali, rispetto al cui esercizio sono specificamente abilitati."
CP-2021;5;31640;3164;3.1.6.4.0;Tecnici dell'organizzazione del traffico ferroviario;Le professioni comprese in questa unità  coordinano il movimento dei treni e il funzionamento generale dei servizi di stazione ferroviaria.
CP-2021;5;31650;3165;3.1.6.5.0;Tecnici dell'organizzazione del traffico portuale;"Le professioni comprese in questa unità  coordinano le attività  portuali, vigilando sul rispetto delle norme e dei regolamenti che disciplinano il lavoro in porto, la viabilita  e l'accesso alle aree portuali; controllano il territorio portuale e il corretto utilizzo delle aree e dei beni demaniali"
CP-2021;5;31710;3171;3.1.7.1.0;Fotografi e professioni assimilate;"Le professioni comprese in questa unità  riprendono persone, ambienti, oggetti, prodotti commerciali per fini artistici, documentali e pubblicitari; illustrano eventi o notizie, riproducono, seguendo protocolli scientifici, soggetti, dati e fenomeni oggetto di ricerca e di studio; sviluppano i negativi, operano azioni di fotoritocco e manipolazione delle immagini acquisite e stampano le fotografie realizzate; controllano, manutengono e operano con apparecchi e sistemi elettronici e ottici."
CP-2021;5;31721;3172;3.1.7.2.1;Tecnici degli apparati audio-video e della ripresa video-cinematografica;"Le professioni comprese in questa unità  montano, tarano, usano e connettono apparecchiature per la ripresa e la diffusione audio e video; eseguono riprese televisive o cinematografiche."
CP-2021;5;31722;3172;3.1.7.2.2;Tecnici del suono;Le professioni comprese in questa unità  utilizzano apparati e sistemi per registrare, sincronizzare, miscelare, riprodurre musica, voci, suoni ed effetti sonori in manifestazioni sportive o ricreative di vario genere, in produzioni teatrali, radio-televisive e cinematografiche, negli studi di registrazione.
CP-2021;5;31723;3172;3.1.7.2.3;Tecnici del montaggio audio-video-cinematografico;Le professioni comprese in questa unità  montano, elaborano e modificano riprese televisive, cinematografiche e sonore.
CP-2021;5;31730;3173;3.1.7.3.0;Tecnici di apparati medicali e per la diagnostica medica;Le professioni comprese in questa unità  controllano, manutengono e testano l'efficienza di apparati e sistemi dedicati a specifici trattamenti terapeutici ovvero di apparati e sistemi di diagnostica radiografica, sonografica e di acquisizione ed elaborazione di dati di varia natura.
CP-2021;5;31810;3181;3.1.8.1.0;Tecnici della sicurezza degli impianti;Le professioni comprese in questa unità  assistono gli specialisti nelle ricerche e nella progettazione tecnologica in materia di sistemi di sicurezza ovvero applicano ed eseguono procedure, regolamenti e tecnologie proprie per adeguare, modificare, sviluppare, controllare e verificare i sistemi di sicurezza degli impianti industriali.
CP-2021;5;31820;3182;3.1.8.2.0;Tecnici della sicurezza sul lavoro;Le professioni comprese in questa unità  applicano ed eseguono procedure, regolamenti e tecnologie proprie per adeguare, modificare, sviluppare, controllare e verificare la sicurezza degli ambienti di lavoro e dei lavoratori, delle macchine e delle loro modalita  di uso.
CP-2021;5;31831;3183;3.1.8.3.1;Tecnici del controllo ambientale;"Le professioni comprese in questa unità  assistono gli specialisti nelle ricerche e nella progettazione, sviluppo e valutazione di sistemi per il controllo, la salvaguardia e la conservazione dell'ambiente, ovvero adattano, tarano e operano con strumentazioni, applicano procedure per controllare e rilevare informazioni sui vari tipi di inquinamento ambientale e sulle possibili cause; controllano e rilevano informazioni sullo stato di monumenti e di opere architettoniche, sulle caratteristiche e sullo stato degli ambienti naturali e storici, per salvaguardarli e conservarli nella loro funzionalita ."
CP-2021;5;31832;3183;3.1.8.3.2;Tecnici della raccolta e trattamento dei rifiuti e della bonifica ambientale;Le professioni comprese in questa unità  applicano procedure, regolamenti e tecnologie proprie per controllare e garantire l'efficienza dei processi di raccolta, selezione, trattamento e smaltimento dei rifiuti. Contribuiscono a valutare ed attuare programmi per la bonifica e il risanamento di aree inquinate.
CP-2021;5;32111;3211;3.2.1.1.1;Professioni sanitarie infermieristiche;"Le professioni comprese in questa unità  sono responsabili dell'assistenza generale infermieristica. L'assistenza infermieristica, preventiva, curativa, palliativa e riabilitativa e  di natura tecnica, relazionale, educativa. Le principali funzioni sono la prevenzione delle malattie, l'assistenza dei malati e dei disabili di tutte le età  e l'educazione sanitaria. Le professioni qui classificate partecipano all'identificazione dei bisogni di salute della persona e della collettivita ; identificano i bisogni di assistenza infermieristica della persona e della collettivita  e formulano i relativi obiettivi; pianificano, gestiscono e valutano l'intervento assistenziale infermieristico; garantiscono la corretta applicazione delle prescrizioni diagnostico-terapeutiche."
CP-2021;5;32112;3211;3.2.1.1.2;Professioni sanitarie ostetriche;"Le professioni comprese in questa unità  assistono e consigliano la donna nel periodo della gravidanza, durante il parto e nel puerperio, conducono e portano a termine parti eutocici con propria responsabilità  e prestano assistenza al neonato. Per quanto di loro competenza, partecipano ad interventi di educazione sanitaria e sessuale sia nell'ambito della famiglia che nella comunità ; alla preparazione psicoprofilattica al parto; alla preparazione e all'assistenza ad interventi ginecologici; alla prevenzione e all'accertamento dei tumori della sfera genitale femminile; ai programmi di assistenza materna e neonatale; gestiscono, nel rispetto dell'etica professionale, come membri dell'e quipe sanitaria, gli interventi assistenziali di loro competenza; sono in grado di individuare situazioni potenzialmente patologiche che richiedono l'intervento medico e di praticare, ove occorra, le relative misure di particolare emergenza."
CP-2021;5;32121;3212;3.2.1.2.1;Podologi;"Le professioni comprese in questa unità  trattano direttamente, nel rispetto della normativa vigente, dopo esame obiettivo del piede, con metodi incruenti, ortesici ed idromassoterapici, le callosita , le unghie ipertrofiche, deformi e incarnite, nonche  il piede doloroso. Su prescrizione medica, prevengono e svolgono la medicazione delle ulcerazioni delle verruche del piede; individuano e segnalano al medico le sospette condizioni patologiche che richiedono un approfondimento diagnostico o un intervento terapeutico. L'esercizio della professione di Podologo e  regolamentato dalle leggi dello Stato."
CP-2021;5;32122;3212;3.2.1.2.2;Fisioterapisti e assimilati;"Le professioni comprese in questa unità  svolgono, in via autonoma o in collaborazione con altre figure sanitarie, interventi di prevenzione, cura e riabilitazione nelle aree della motricita , delle funzioni corticali superiori, e di quelle viscerali conseguenti a eventi patologici a eziologia congenita od acquisita. In riferimento alla diagnosi ed alle prescrizioni del medico, nell'ambito delle loro competenze, elaborano, anche in equipe multidisciplinare, la definizione del programma di riabilitazione volto all'individuazione ed al superamento del bisogno di salute del disabile; praticano autonomamente attività  terapeutica per la rieducazione funzionale delle disabilita  motorie, psicomotorie e cognitive utilizzando terapie fisiche, manuali, massoterapiche e occupazionali; propongono l'adozione di protesi ed ausili, ne addestrano all'uso e ne verificano l'efficacia; verificano le rispondenze della metodologia riabilitativa attuata agli obiettivi di recupero funzionale. L'esercizio della professione di Fisioterapista è regolamentata dalle leggi dello Stato."
CP-2021;5;32123;3212;3.2.1.2.3;Logopedisti;"Le professioni comprese in questa unità  svolgono attività  nella prevenzione e nel trattamento riabilitativo delle patologie del linguaggio e della comunicazione in età  evolutiva, adulta e geriatrica. L'attività  e  volta all'educazione e rieducazione di tutte le patologie che provocano disturbi della voce, della parola, del linguaggio orale e scritto e degli handicap comunicativi. Essi, in riferimento alla diagnosi ed alla prescrizione del medico, nell'ambito delle loro competenze, elaborano, anche in equipe multidisciplinare, il bilancio logopedico volto all'individuazione ed al superamento del bisogno di salute del disabile; praticano autonomamente attività  terapeutica per la rieducazione funzionale delle disabilita  comunicative e cognitive, utilizzando terapie logopediche di abilitazione e riabilitazione della comunicazione e del linguaggio, verbali e non verbali; propongono l'adozione di ausili, ne addestrano all'uso e ne verificano l'efficacia. L'esercizio della professione di Logopedista e  regolamentato dalle leggi dello Stato."
CP-2021;5;32124;3212;3.2.1.2.4;Ortottisti - assistenti di oftalmologia;Le professioni comprese in questa unità  trattano, su prescrizione del medico, disturbi motori e sensoriali della visione ed effettuano le tecniche di semeiologia strumentale-oftalmologica. Sono responsabili dell'organizzazione, della pianificazione e della qualita  degli atti professionali svolti nell'ambito delle loro mansioni. L'esercizio della professione di Ortottista-assistente di oftalmologia e  regolamentato dalle leggi dello Stato.
CP-2021;5;32125;3212;3.2.1.2.5;Terapisti della neuro e psicomotricità dell'età evolutiva;"Le professioni comprese in questa unità  svolgono, in collaborazione con l'equipe multiprofessionale di neuropsichiatria infantile e in collaborazione con le altre discipline dell'area pediatrica, interventi di prevenzione, terapia e riabilitazione delle malattie neuropsichiatriche infantili, nelle aree della neuro-psicomotricita , della neuropsicologia e della psicopatologia dello sviluppo. In riferimento alle diagnosi e alle prescrizioni mediche, nell'ambito delle specifiche competenze, adattano gli interventi terapeutici alle peculiari caratteristiche dei pazienti in età  evolutiva con quadri clinici multiformi che si modificano nel tempo in relazione alle funzioni emergenti; attuano interventi terapeutici e riabilitativi nei disturbi percettivo-motori, neurocognitivi e nei disturbi di simbolizzazione e di interazione del bambino; attuano procedure rivolte all'inserimento dei soggetti portatori di disabilita  e di handicap neuro-psicomotorio e cognitivo; svolgono attività  terapeutica per le disabilita  neuro-psicomotorie, psicomotorie e neuropsicologiche in età  evolutiva utilizzando tecniche specifiche per fascia d'eta  e per singoli stadi di sviluppo; partecipano alla riabilitazione funzionale in tutte le patologie acute e croniche dell'infanzia; documentano le rispondenze della metodologia riabilitativa attuata secondo gli obiettivi di recupero funzionale e le caratteristiche proprie delle patologie che si modificano in rapporto allo sviluppo. L'esercizio della professione di Terapista della neuro e psicomotricita  dell'eta  evolutiva e  regolamentata dalle leggi dello Stato."
CP-2021;5;32126;3212;3.2.1.2.6;Tecnici della riabilitazione psichiatrica;"Le professioni comprese in questa unità  svolgono, nell'ambito di un progetto terapeutico elaborato in un equipe multidisciplinare, interventi riabilitativi ed educativi sui soggetti con disabilita  psichica. Collaborano alla valutazione della disabilita  psichica e delle potenzialita  del soggetto, all'identificazione degli obiettivi formativo-terapeuci e di riabilitazione psichiatrica nonche  alla formulazione dello specifico programma di intervento mirato al recupero e allo sviluppo del soggetto in trattamento; attuano interventi volti all'abilitazione/riabilitazione dei soggetti alla cura di se  e alle relazioni interpersonali di varia complessita  nonche , ove possibile, ad un'attività  lavorativa; operano nel contesto della prevenzione primaria sul territorio, operano sulle famiglie e sul contesto sociale dei soggetti allo scopo di favorirne il reinserimento nella comunità ; collaborano alla valutazione degli esiti del programma di abilitazione e riabilitazione nei singoli soggetti, in relazione agli obiettivi prefissati. L'esercizio della professione di Tecnico riabilitazione psichiatrica e  regolamentata dalle leggi dello Stato."
CP-2021;5;32127;3212;3.2.1.2.7;Educatori professionali;"Le professioni comprese in questa unità  attuano specifici progetti educativi e riabilitativi, nell'ambito di un progetto terapeutico elaborato da un'e quipe multidisciplinare, volti a uno sviluppo equilibrato della personalita  con obiettivi educativo/relazionali in un contesto di partecipazione e recupero alla vita quotidiana; curano il positivo inserimento o reinserimento psico-sociale dei soggetti in difficolta . Programmano, gestiscono e verificano interventi educativi mirati al recupero e allo sviluppo delle potenzialita  dei soggetti in difficolta  per il raggiungimento di livelli sempre piu  avanzati di autonomia; organizzano, gestiscono e verificano le loro attività  professionali all'interno di servizi socio-sanitari e strutture socio-sanitarie-riabilitative e socio educative, in modo coordinato e integrato con altre figure professionali presenti nelle strutture, con il coinvolgimento diretto dei soggetti interessati e/o delle loro famiglie, dei gruppi, della collettivita . L'esercizio della professione di Educatore professionale e  regolamentata dalle leggi dello Stato."
CP-2021;5;32128;3212;3.2.1.2.8;Terapisti occupazionali;"Le professioni comprese in questa unità  operano nell'ambito della prevenzione, cura e riabilitazione dei soggetti affetti da malattie e disordini fisici o psichici con disabilita  temporanee o permanenti, utilizzando attività  espressive, manuali-rappresentative, ludiche, della vita quotidiana. In riferimento alla diagnosi ed alle prescrizioni del medico, nell'ambito delle loro competenze ed in collaborazione con altre figure socio-sanitarie, effettuano una valutazione funzionale e psicologica del soggetto ed elaborano, anche in equipe multidisciplinare, la definizione del programma riabilitativo, volto all'individuazione ed al superamento dei bisogni del disabile ed al suo avviamento verso l'autonomia personale nell'ambiente di vita quotidiana e nel tessuto sociale; utilizzano attività  sia individuali che di gruppo, promuovendo il recupero e l'uso ottimale di funzioni finalizzate al reinserimento, all'adattamento e all'integrazione dell'individuo nel proprio ambiente personale, domestico e sociale; partecipano alla scelta e all'ideazione di ortesi congiuntamente o in alternativa a specifici ausili; verificano le rispondenze tra la metodologia riabilitativa attuata e gli obiettivi di recupero funzionale e psicosociale. L'esercizio della professione di Terapista occupazionale e  regolamentata dalle leggi dello Stato."
CP-2021;5;32131;3213;3.2.1.3.1;Tecnici audiometristi;"Le professioni comprese in questa unità  svolgono la loro attività  nella prevenzione, valutazione e riabilitazione delle patologie del sistema uditivo e vestibolare, nel rispetto delle attribuzioni e delle competenze diagnostico-terapeutiche del medico. L'attività  e  volta all'esecuzione di tutte le prove non invasive, psico-acustiche ed elettrofisiologiche di valutazione e misura del sistema uditivo e vestibolare ed alla riabilitazione dell'handicap conseguente a patologia dell'apparato uditivo e vestibolare. Operano, su prescrizione del medico, mediante atti professionali che implicano la piena responsabilità  e la conseguente autonomia; collaborano con altre figure professionali ai programmi di prevenzione e di riabilitazione delle sordita  utilizzando tecniche e metodologie strumentali e protesiche; svolgono la loro attività  professionale in strutture sanitarie, pubbliche o private, in regime di dipendenza o libero-professionale. L'esercizio della professione di Tecnico audiometrista e  regolamentato dalle leggi dello Stato."
CP-2021;5;32132;3213;3.2.1.3.2;Tecnici sanitari di laboratorio biomedico;"Le professioni comprese in questa unità  svolgono attività  di laboratorio di analisi e di ricerca relative ad analisi biomediche e biotecnologiche ed in particolare di biochimica, di microbiologia e virologia, di farmacotossicologia, di immunologia, di patologia clinica, di ematologia, di citologia e di istopatologia. Svolgono con autonomia tecnico professionale le loro prestazioni lavorative in diretta collaborazione con il personale laureato di laboratorio preposto alle diverse responsabilità  operative di appartenenza; sono responsabili, nelle strutture di laboratorio, del corretto adempimento delle procedure analitiche e del loro operato, controllano e verificano il corretto funzionamento delle apparecchiature utilizzate, provvedono alla manutenzione ordinaria ed alla eventuale eliminazione di piccoli inconvenienti. L'esercizio della professione di Tecnico sanitario di laboratorio biomedico e  regolamentato dalle leggi dello Stato."
CP-2021;5;32133;3213;3.2.1.3.3;Tecnici sanitari di radiologia medica;"Le professioni comprese in questa unità  sono autorizzate ad espletare indagini e prestazioni radiologiche, nel rispetto delle norme di radioprotezione previste dall'Unione Europea. Sono abilitati a svolgere, in via autonoma, o in collaborazione con altre figure sanitarie, su prescrizione medica tutti gli interventi che richiedono l'uso di sorgenti di radiazioni ionizzanti, sia artificiali che naturali, di energie termiche, ultrasoniche, di risonanza magnetica nucleare nonche  gli interventi per la protezionistica fisica o dosimetrica; partecipano alla programmazione e organizzazione del lavoro nell'ambito della struttura in cui operano nel rispetto delle loro competenze; programmano e gestiscono l'erogazione di prestazioni polivalenti di loro competenza in collaborazione diretta con il medico radiodiagnosta, con il medico nucleare, con il medico radioterapista e con il fisico sanitario, secondo protocolli diagnostici e terapeutici preventivamente definiti dal responsabile della struttura; controllano il corretto funzionamento delle apparecchiature loro affidate, provvedendo alla eliminazione di inconvenienti di modesta entita  e attuando programmi di verifica e controllo a garanzia della qualita  secondo indicatori e standard predefiniti. L'esercizio della professione di Tecnico sanitario di radiologia medica e  regolamentata dalle leggi dello Stato."
CP-2021;5;32134;3213;3.2.1.3.4;Tecnici di neurofisiopatologia;"Le professioni comprese in questa unità  svolgono la loro attività  nell'ambito della diagnosi delle patologie del sistema nervoso, applicando direttamente, su prescrizione medica, le metodiche diagnostiche specifiche in campo neurologico e neurochirurgico (elettroencefalografia, elettroneuromiografia, poligrafia, potenziali evocati, ultrasuoni). Applicano le metodiche piu  idonee per la registrazione dei fenomeni bioelettrici, con diretto intervento sul paziente e sulle apparecchiature ai fini della realizzazione di un programma di lavoro diagnostico-strumentale o di ricerca neurofisiologica predisposto in stretta collaborazione con il medico specialista; hanno dirette responsabilità  nell'applicazione e nel risultato finale della metodica diagnostica utilizzata; impiegano metodiche diagnostico-strumentali per l'accertamento dell'attività  elettrocerebrale ai fini clinici e/o medico-legali; provvedono alla predisposizione e controllo della strumentazione delle apparecchiature in dotazione. L'esercizio della professione di Tecnico di neurofisiopatologia e  regolamentata dalle leggi dello Stato."
CP-2021;5;32141;3214;3.2.1.4.1;Tecnici ortopedici;"Le professioni comprese in questa unità  operano, su prescrizione medica e successivo collaudo, la costruzione e/o adattamento, applicazione e fornitura di protesi, ortesi e di ausili sostitutivi, correttivi e di sostegno dell'apparato locomotore, di natura funzionale ed estetica, di tipo meccanico o che utilizzano l'energia esterna o energia mista corporea ed esterna, mediante rilevamento diretto sul paziente di misure e modelli. Addestrano il disabile all'uso delle protesi e delle ortesi applicate; svolgono, in collaborazione con il medico, assistenza tecnica per la fornitura, la sostituzione e la riparazione delle protesi e delle ortesi applicate; collaborano con altre figure professionali al trattamento multidisciplinare previsto nel piano di riabilitazione. L'esercizio della professione di Tecnico ortopedico e  regolamentato dalle leggi dello Stato."
CP-2021;5;32142;3214;3.2.1.4.2;Tecnici audioprotesisti;"Le professioni comprese in questa unità  svolgono la loro attività  nella fornitura, adattamento e controllo dei presidi protesici per la prevenzione e correzione dei deficit uditivi; operano su prescrizione del medico mediante atti professionali che implicano la piena responsabilità  e la conseguente autonomia. L'attività  e  volta all'applicazione dei presidi protesici mediante il rilievo dell'impronta del condotto uditivo esterno, la costruzione e applicazione delle chiocciole o di altri sistemi di accoppiamento acustico e la somministrazione di prove di valutazione protesica. Collaborano con altre figure professionali ai programmi di prevenzione e di riabilitazione delle sordita  mediante la fornitura di presidi protesici e l'addestramento al loro uso. L'esercizio della professione di Tecnico audioprotesista e  regolamentato dalle leggi dello Stato."
CP-2021;5;32143;3214;3.2.1.4.3;Igienisti dentali;"Le professioni comprese in questa unità  svolgono, su indicazione degli odontoiatri e dei medici chirurghi legittimati all'esercizio dell'odontoiatria, compiti relativi alla prevenzione delle affezioni orodentali. Svolgono attività  di educazione sanitaria dentale e partecipano a progetti di prevenzione primaria nell'ambito del sistema sanitario pubblico; collaborano alla compilazione della cartella clinica odontostomatologica e si occupano della raccolta di dati tecnico-statistici; provvedono all'ablazione del tartaro e alla levigatura delle radici nonche  all'applicazione topica dei vari mezzi profilattici; provvedono all'istruzione sulle varie metodiche di igiene orale e sull'uso dei mezzi diagnostici idonei ad evidenziare placca batterica e patina dentale motivando l'esigenza dei controlli clinici periodici; indicano le norme di un'alimentazione razionale ai fini della tutela della salute dentale. L'esercizio della professione di Igienista dentale e  regolamentato dalle leggi dello Stato."
CP-2021;5;32144;3214;3.2.1.4.4;Tecnici della fisiopatologia cardiocircolatoria e della perfusione cardiovascolare;"Le professioni comprese in questa unità  provvedono alla conduzione e manutenzione delle apparecchiature relative alle tecniche di circolazione extracorporea ed alle tecniche di emodinamica. Le loro mansioni sono di natura tecnica; coadiuvano il personale medico negli ambienti idonei fornendo indicazioni essenziali o conducendo, sempre sotto indicazione medica, apparecchiature finalizzate alla diagnostica emodinamica o vicariati le funzioni cardiocircolatorie. Pianificano, gestiscono e valutano quanto necessario per il buon funzionamento delle apparecchiature di cui sono responsabili; garantiscono la corretta applicazione delle tecniche di supporto richieste. L'esercizio della professione di Tecnico della fisiopatologia cardiocircolatoria e della perfusione cardiovascolare e  regolamentato dalle leggi dello Stato."
CP-2021;5;32145;3214;3.2.1.4.5;Dietisti;"Le professioni comprese in questa unità  sono competenti nelle attività  finalizzate alla corretta applicazione dell'alimentazione e della nutrizione ivi compresi gli aspetti educativi e di collaborazione all'attuazione delle politiche alimentari. Organizzano e coordinano le attività  specifiche relative all'alimentazione in generale e alla dietetica in particolare; collaborano con gli organi preposti alla tutela dell'aspetto igienico sanitario del servizio di alimentazione; elaborano, formulano ed attuano le diete prescritte dal medico e ne controllano l'accettabilita  da parte del paziente; collaborano con altre figure al trattamento multidisciplinare dei disturbi del comportamento alimentare; studiano ed elaborano la composizione di razioni alimentari atte a soddisfare i bisogni nutrizionali di gruppi di popolazione e pianificano l'organizzazione dei servizi di alimentazione di comunità  di sani e di malati; svolgono attività  didattico-educativa e di informazione finalizzate alla diffusione di principi di alimentazione corretta, tale da consentire il recupero e il mantenimento di un buono stato di salute del singolo, di collettivita  e di gruppi di popolazione. L'esercizio della professione di Dietista e  regolamentata dalle leggi dello Stato."
CP-2021;5;32151;3215;3.2.1.5.1;Tecnici della prevenzione nell'ambiente e nei luoghi di lavoro;"Le professioni comprese in questa unità  sono responsabili, nell'ambito delle loro competenze, delle attività  di prevenzione, verifica e controllo in materia di igiene e sicurezza ambientale nei luoghi di vita e di lavoro, di igiene degli alimenti e delle bevande, di igiene di sanita  pubblica e veterinaria. Svolgono attività  istruttoria, finalizzata al rilascio di autorizzazioni o di nulla osta tecnico-sanitari per attività  soggette a controllo; istruiscono, determinano, contestano e notificano le irregolarita  rilevate e formulano pareri nell'ambito delle loro competenze. Vigilano e controllano gli ambienti di vita e di lavoro, la rispondenza delle strutture e degli ambienti in relazione alle attività  ad essi connesse, le condizioni di sicurezza degli impianti, la qualita  degli alimenti e bevande destinati all'alimentazione, dalla produzione al consumo, i prodotti cosmetici, l'igiene e sanita  veterinaria e valutano la necessita  di procedere a successive indagini specialistiche. Collaborano con l'amministrazione giudiziaria per indagini sui reati contro il patrimonio ambientale, sulle condizioni di igiene e sicurezza nei luoghi di lavoro e sugli alimenti. Partecipano ad attività  di studio, didattica e consulenza professionale nei servizi sanitari e nei luoghi dove e  richiesta la loro competenza professionale. L'esercizio della professione di Tecnico della prevenzione nell'ambiente e nei luoghi di lavoro e  regolamentata dalle leggi dello Stato."
CP-2021;5;32152;3215;3.2.1.5.2;Assistenti sanitari;"Le professioni comprese in questa unità  sono addette alla prevenzione, alla promozione e all'educazione per la salute della persona, della famiglia e della collettivita . Sulla base di dati epidemiologici e socio-culturali, individuano i bisogni di salute e le priorita  di intervento preventivo, educativo e di recupero, i fattori biologici e sociali di rischio; progettano, programmano, attuano e valutano gli interventi di educazione alla salute in tutte le fasi della vita della persona; collaborano alla definizione delle metodologie di comunicazione, a programmi e campagne per la promozione e l'educazione sanitaria; concorrono alla formazione e all'aggiornamento degli operatori sanitari e scolastici per quanto concerne la metodologia dell'educazione sanitaria; intervengono nei programmi di pianificazione familiare e di educazione sanitaria, sessuale e socio-affettiva; attuano interventi specifici di sostegno alla famiglia; sorvegliano, per quanto di loro competenza, le condizioni igienico-sanitarie nelle famiglie, nelle scuole e nelle comunità  assistite e controllano il rischio infettivo; collaborano, per quanto di loro competenza, agli interventi di promozione ed educazione alla salute nelle scuole; partecipano alle iniziative di valutazione e miglioramento alla qualita  delle prestazioni dei servizi sanitari rilevando, in particolare, i livelli di gradimento da parte degli utenti. L'esercizio della professione di Assistente sanitario e  regolamentata dalle leggi dello Stato."
CP-2021;5;32153;3215;3.2.1.5.3;Ergonomo;Le professioni comprese in questa unità  studiano l’attività umana in relazione alle condizioni ambientali in cui essa si svolge, alle tecnologie messe a disposizione e al contesto organizzativo in cui tale attività viene svolta, con il fine di migliorare la qualità delle condizioni di vita e di lavoro. Hanno competenze a progettare e valutare i requisiti ergonomici di ambienti, strumenti, apparecchiature, posti di lavoro, prodotti, servizi e attività.
CP-2021;5;32161;3216;3.2.1.6.1;Ottici e ottici optometristi;Le professioni comprese in questa unità  esaminano, con tecniche optometriche, le deficienze visive, confezionano, apprestano, riparano e vendono direttamente al pubblico, su prescrizione medica, occhiali e lenti protettive o correttive dei disturbi visivi. L'esercizio della professione di Ottico e  regolamentato dalle leggi dello Stato.
CP-2021;5;32162;3216;3.2.1.6.2;Odontotecnici;Le professioni comprese in questa unità  costruiscono, verificano e ottimizzano dispositivi odontoiatrici su misura seguendo le specifiche progettuali rilasciate dall'odontoiatra. L'esercizio della professione di Odontotecnico e  regolamentato dalle leggi dello Stato.
CP-2021;5;32170;3217;3.2.1.7.0;Tecnici della medicina popolare;Le professioni classificate in questa unità  trattano i disturbi del benessere umano, forniscono servizi riabilitativi e di cura utilizzando metodiche, trattamenti e sostanze tradizionalmente usati dalla medicina popolare e ritenuti efficaci nello stimolare, migliorare e preservare la salute e il benessere della persona.
CP-2021;5;32211;3221;3.2.2.1.1;Tecnici agronomi;Le professioni comprese in questa unità  assistono gli specialisti ovvero eseguono procedure e tecniche proprie nella progettazione di sistemi agricoli, agroalimentari e zootecnici, nel miglioramento delle colture e delle relative condizioni di crescita e di difesa, nell'individuazione delle colture piu  adattabili e piu  redditizie, nell'individuazione e nel controllo delle malattie dei vegetali, nella conservazione della biodiversita  colturale.
CP-2021;5;32212;3221;3.2.2.1.2;Tecnici forestali;Le professioni comprese in questa unità  assistono gli specialisti nella progettazione di sistemi forestali, nella gestione, nel miglioramento e nella protezione delle risorse ambientali e naturali, nella loro messa a produzione e nel mantenimento e nella tutela della biodiversita  florofaunistica.
CP-2021;5;32220;3222;3.2.2.2.0;Zootecnici;Le professioni comprese in questa unità  assistono gli specialisti ovvero eseguono procedure e tecniche proprie nell'allevamento degli animali, nella individuazione delle condizioni ambientali e nutrizionali ottimali per la produzione, nel miglioramento delle specie e nella riproduzione animale attraverso attività  di inseminazione strumentale, di impianto embrionale e di sincronizzazione dei calori, nell'esecuzione delle terapie sotto il controllo e la guida del medico veterinario, nelle attività  di difesa dell'ambiente e di conservazione della biodiversita  animale e dei microrganismi. L'esercizio della professione di Zoonomo e  regolamentato dalle leggi dello Stato.
CP-2021;5;32231;3223;3.2.2.3.1;Tecnici di laboratorio biochimico;Le professioni comprese in questa unità  assistono gli specialisti conducendo test ed analisi finalizzate alla verifica e alla valutazione della composizione chimica, fisica e biologica di acque, prodotti naturali o industriali, alla diagnosi delle patologie animali e vegetali e alla ricerca in campo agronomico e zootecnico.
CP-2021;5;32232;3223;3.2.2.3.2;Tecnici dei prodotti alimentari;Le professioni comprese in questa unità  assistono gli specialisti conducendo test ed analisi sulla qualita  dei prodotti destinati all'alimentazione umana e animale, per certificarne la qualita , la derivazione genetica e la tecnologia di produzione, per migliorare le filiere di trasformazione e di produzione alimentare. L'esercizio della professione di Biotecnologo agrario e  regolamentato dalle leggi dello Stato.
CP-2021;5;32233;3223;3.2.2.3.3;Tecnici di laboratorio veterinario;Le professioni comprese in questa unità  assistono gli specialisti nel rilevare, presso laboratori e cliniche, sintomi di malattia sugli animali domestici, prelevare campioni organici per le analisi, sterilizzare ambienti e attrezzi chirurgici, somministrare cure.
CP-2021;5;32234;3223;3.2.2.3.4;Tecnico biologo;"Le professioni comprese in questa unità assistono gli specialisti ovvero applicano procedure analitico-strumentali connesse alle indagini biologiche;  procedure tecnico-analitiche in ambito biotecnologico, biomolecolare, biomedico anche finalizzate ad attività’ di ricerca;  procedure tecnico-analitiche e di controllo in ambito ambientale e di igiene delle acque, dell’aria, del suolo e degli alimenti; procedure tecnico-analitiche in ambito chimico-fisico, biochimico, microbiologico, tossicologico, farmacologico e di genetica; procedure di controllo di qualità."
CP-2021;5;33111;3311;3.3.1.1.1;Segretari amministrativi e tecnici degli affari generali;Le professioni comprese in questa unità  forniscono servizi amministrativi di livello elevato eseguendo ricerche documentaristiche, preparando rapporti informativi, redigendo verbali di riunioni, gestendo richieste di informazioni, minutando corrispondenza, accogliendo visite, organizzando e schedulando incontri e conferenze.
CP-2021;5;33112;3311;3.3.1.1.2;Assistenti di archivio e di biblioteca;Le professioni comprese in questa unità  forniscono servizi amministrativi di livello elevato classificando e archiviando documenti ed altri supporti informativi e partecipando a ricerche sui materiali informativi disponibili.
CP-2021;5;33121;3312;3.3.1.2.1;Contabili;"Le professioni comprese in questa unità  assistono gli specialisti ovvero applicano le procedure in materia di tenuta delle scritture contabili di societa  o di organizzazioni, analizzano, classificano e registrano le operazioni contabili e le poste di bilancio; interpretano e valutano i conti, redigono i bilanci, attendono a procedure ed adempimenti fiscali; redigono paghe, compensi e versamenti contributivi. L'esercizio delle professioni di Consulente del lavoro,  Revisore legale, Esperto contabile e Ragioniere commercialista e  regolamentato dalle leggi dello Stato."
CP-2021;5;33122;3312;3.3.1.2.2;Economi e tesorieri;"Le professioni comprese in questa unità  assistono gli specialisti ovvero gestiscono le operazioni in liquidita  di imprese ed organizzazioni; adempiono a mandati di pagamento, evadono conti e fatture certificando e mantenendo scritture delle operazioni."
CP-2021;5;33123;3312;3.3.1.2.3;Amministratore di stabili e condomini;Le professioni comprese in questa unità  curano l'amministrazione di edifici e di proprieta  condominiali garantendo la manutenzione, il funzionamento dei servizi comuni e la sicurezza degli impianti e delle strutture.
CP-2021;5;33131;3313;3.3.1.3.1;Tecnici dell'acquisizione delle informazioni;Le professioni comprese in questa unità  assistono gli specialisti nella ricerca e nella acquisizione di informazioni, ovvero applicano le conoscenze e gli strumenti esistenti per rintracciare, localizzare e acquisire informazioni utili per specifiche esigenze di imprese o di organizzazioni e per analizzarle, organizzarle e confezionarle in maniera rilevante e significativa per il committente.
CP-2021;5;33132;3313;3.3.1.3.2;Intervistatori e rilevatori professionali;Le professioni comprese in questa unità  assistono gli specialisti nella ricerca e nella acquisizione di informazioni, ovvero conducono interviste strutturate e semi strutturate con questionari e strumentazioni complesse in indagini e rilevazioni totali o campionarie disegnate su basi scientifiche.
CP-2021;5;33140;3314;3.3.1.4.0;Corrispondenti in lingue estere e professioni assimilate;Le professioni comprese in questa unità  forniscono servizi amministrativi collaborando con la direzione di un'impresa e di un'organizzazione nel mantenimento dei rapporti con l'estero, tenendo conversazioni telefoniche, utilizzando linguaggi tecnici o specifici, redigendo corrispondenza, documenti, verbali e prendendo appunti in lingua.
CP-2021;5;33150;3315;3.3.1.5.0;Tecnici dell'organizzazione e della gestione dei fattori produttivi;Le professioni comprese in questa unità  applicano procedure e tecniche proprie per monitorare e ottimizzare i processi di produzione, la produttivita  del lavoro umano e degli impianti, la logistica e i costi di esercizio.
CP-2021;5;33210;3321;3.3.2.1.0;Tecnici della gestione finanziaria;Le professioni comprese in questa unità  assistono gli specialisti nella rilevazione e nell'analisi dei dati finanziari e di investimento di imprese, organizzazioni o famiglie per individuare e valutare lo stato e i rischi delle relative esposizioni e per vendere adeguati prodotti finanziari. Mettono in relazione, anche attraverso attività  di consulenza, banche o intermediari finanziari determinati con la potenziale clientela al fine della concessione di finanziamenti. L'esercizio della professione di Promotore finanziario e  regolamentato dalle leggi dello Stato.
CP-2021;5;33220;3322;3.3.2.2.0;Tecnici del lavoro bancario;"Le professioni comprese in questa unità  curano le attività  amministrative bancarie in back ed in front office, fornendo ai clienti assistenza sui servizi bancari offerti; seguono le procedure per determinare i rischi connessi alla corresponsione di mutui e prestiti; individuano le condizioni ottimali per la loro restituzione."
CP-2021;5;33230;3323;3.3.2.3.0;Agenti assicurativi;"Le professioni comprese in questa unità  forniscono ai clienti assistenza sui servizi assicurativi offerti; seguono le procedure per determinare il grado di rischio connesso alla sottoscrizione di polizze standard a determinati soggetti; sottoscrivono polizze per conto delle assicurazioni a favore di imprese, organizzazioni o persone."
CP-2021;5;33240;3324;3.3.2.4.0;Periti, valutatori di rischio e liquidatori;"Le professioni comprese in questa unità  raccolgono informazioni e dati per individuare responsabilità , stimare danni, per definire, secondo le procedure, l'ammontare dei pagamenti; istruiscono polizze non standard valutando, secondo procedura, i rischi connessi; liquidano le polizze verificando che le procedure di sottoscrizione della polizza, di stima dei danni o degli eventi, di valutazione delle condizioni contrattuali e dei corrispettivi da pagare siano state rispettate"
CP-2021;5;33250;3325;3.3.2.5.0;Agenti di borsa e cambio, tecnici dell'intermediazione titoli e professioni assimilate;"Le professioni comprese in questa unità  concludono in Borsa per conto di terzi o sul mercato operazioni di compravendita di titoli, divise o altri beni fungibili; intermediano l'acquisto e la cessione fra risparmiatori e speculatori; negoziano titoli pubblici e privati quotati ufficialmente nonche  divise estere, accertandone il valore nel corso della negoziazione in Borsa; mettono in contatto, senza vincolo di mandato, i clienti con intermediari autorizzati alla erogazione di crediti per favorire la concessione di finanziamenti. L'esercizio della professione di Agente di cambio e  regolamentato dalle leggi dello Stato."
CP-2021;5;33261;3326;3.3.2.6.1;Tecnici dei contratti di scambio, a premi e del recupero crediti;Le professioni comprese in questa unità  assistono gli specialisti nella redazione e nella definizione di contratti, derivati finanziari e di credito ovvero applicano procedure standard per stipulare e seguire contratti di scambio di valute, valori mobiliari e beni eseguibili a scadenza dietro corresponsione di premi, di acquisto di crediti assumendo oneri di gestione, riscossione e contabilizzazione degli stessi.
CP-2021;5;33262;3326;3.3.2.6.2;Tecnici della locazione finanziaria;Le professioni comprese in questa unità  assistono gli specialisti nella redazione e nella definizione di contratti di acquisto di beni mobili ed immobili e di concessione in uso degli stessi dietro corresponsione di locazioni finanziarie.
CP-2021;5;33310;3331;3.3.3.1.0;Approvvigionatori e responsabili acquisti;Le professioni comprese in questa unità  assistono gli specialisti negli acquisti sul mercato di beni, attrezzature, materie prime e forniture di servizi ovvero attivano e seguono le procedure di valutazione dei prezzi di mercato, della qualita  e delle caratteristiche delle merci da acquistare, di scelta dei fornitori e di acquisizione dei beni.
CP-2021;5;33320;3332;3.3.3.2.0;Responsabili di magazzino e della distribuzione interna;"Le professioni comprese in questa unità  raccolgono, controllano e archiviano la documentazione sulle merci esistenti, in entrata e in uscita dal magazzino; controllano quantita  e valore delle stesse; assicurano le scorte; soddisfano le richieste di spedizione e di distribuzione interna dei beni disponibili; organizzano ed effettuano inventari."
CP-2021;5;33331;3333;3.3.3.3.1;Commissari e aggiudicatori d'asta;"Le professioni comprese in questa unità  definiscono, sulla base di stime, il prezzo minimo, illustrano le caratteristiche e vendono al pubblico incanto beni e oggetti di varia natura e provenienza; curano gli aspetti amministrativi della vendita e della aggiudicazione."
CP-2021;5;33332;3333;3.3.3.3.2;Periti commerciali;Le professioni comprese in questa unità  valutano il valore commerciale e merceologico di oggetti e beni di varia natura e provenienza.
CP-2021;5;33340;3334;3.3.3.4.0;Tecnici della vendita e della distribuzione;Le professioni comprese in questa unità  assistono gli specialisti nella implementazione delle strategie di vendita delle imprese, nel controllo della efficienza della rete distributiva e commerciale e nel monitoraggio delle vendite, ovvero applicano le procedure fissate per raccogliere informazioni sulle vendite e sulle attività  di distribuzione, per analizzarle, organizzarle e presentarle in maniera rilevante e significativa a specialisti e responsabili del settore.
CP-2021;5;33350;3335;3.3.3.5.0;Tecnici del marketing;Le professioni comprese in questa unità  definiscono strategie e  ricerche per rilevare il gradimento sul mercato dei beni e dei servizi commercializzati, le condizioni di mercato e le possibilita  di penetrazione commerciale di prodotti o servizi, per individuare situazioni di competizione, prezzi e tipologie di consumatori, ovvero applicano le procedure fissate per raccogliere informazioni in materia, analizzarle, organizzarle e presentarle in maniera rilevante e significativa a specialisti e responsabili del settore.
CP-2021;5;33361;3336;3.3.3.6.1;Tecnici della pubblicità;Le professioni classificate in questa unità  promuovono le attività  di mercato di un'impresa o di un'organizzazione e creano presso il pubblico di un'immagine positiva della stessa ovvero applicano e seguono procedure per programmare e attivare promozioni e campagne pubblicitarie di vario genere e su vari mezzi.
CP-2021;5;33362;3336;3.3.3.6.2;Tecnici delle pubbliche relazioni;"Le professioni classificate in questa unità  producono, ricercano, selezionano, raccolgono e sistematizzano materiale informativo e pubblicitario favorevole; seguono procedure per organizzare e sponsorizzare eventi di particolare importanza e visibilita  non direttamente collegati alla promozione pubblicitaria."
CP-2021;5;33410;3341;3.3.4.1.0;Spedizionieri e tecnici dell'organizzazione commerciale;Le professioni classificate in questa unità  assicurano il funzionamento dell'organizzazione commerciale dell'impresa garantendo l'evasione degli ordini e l'arrivo delle merci presso la distribuzione locale. L'esercizio della professione di Spedizioniere doganale e  regolamentato dalle leggi dello Stato.
CP-2021;5;33420;3342;3.3.4.2.0;Agenti di commercio;"Le professioni classificate in questa unità  visitano, per conto di imprese produttrici o distributrici, negozi o aziende, proponendo l'acquisto di prodotti o servizi per la vendita o la produzione; mostrano campioni, depliant informativi, cataloghi, materiale pubblicitario; illustrano le caratteristiche dei prodotti proposti; curano i rapporti con i clienti, raccolgono ordini, concordano i tempi di consegna e di pagamento, li trasmettono per l'accettazione e l'evasione al produttore o al distributore. L'esercizio delle professioni di Agente di commercio e Agente d'affari in mediazione e  regolamentato dalle leggi dello Stato."
CP-2021;5;33430;3343;3.3.4.3.0;Agenti concessionari;Le professioni classificate in questa unità  promuovono, organizzano, sono responsabili e, in genere, esclusivisti in un determinato territorio delle vendite di uno o piu  marchi e relativi prodotti che acquistano dal fabbricante per rivenderli successivamente in nome e per conto proprio.
CP-2021;5;33440;3344;3.3.4.4.0;Agenti di pubblicità;Le professioni classificate in questa unità  visitano, per conto di imprese pubblicitarie, aziende ed organizzazioni, proponendo l'acquisto di prodotti o servizi pubblicitari, ne illustrano le caratteristiche, mostrano campioni e depliant illustrativi, raccolgono ordini, concordano i tempi delle attività , li trasmettono per l'accettazione e l'evasione al produttore, curano i rapporti con i clienti.
CP-2021;5;33450;3345;3.3.4.5.0;Agenti e periti immobiliari;"Le professioni classificate in questa unità  assistono persone o enti interessati informandosi sulle richieste o fornendo informazioni sulle quotazioni ovvero organizzano e intermediano per loro conto la vendita, l'acquisto o la locazione di edifici, appartamenti, terreni o immobili di altro tipo; mostrano, illustrandone le caratteristiche, gli immobili offerti, istruiscono le pratiche di base, le promesse di acquisto e i contratti di locazione; valutano gli immobili fornendo stime sul valore reale, bancario, commerciale e di ammortamento."
CP-2021;5;33460;3346;3.3.4.6.0;Rappresentanti di commercio;"Le professioni classificate in questa unità  concludono affari direttamente in nome e per conto dei produttori o dei distributori dei quali mantengono la piena rappresentanza in ordine agli impegni presi; visitano negozi o aziende proponendo l'acquisto di prodotti o servizi per la vendita o la produzione; mostrano campioni, depliant informativi, cataloghi, materiale pubblicitario, illustrano le caratteristiche dei prodotti proposti, curano i rapporti con i clienti."
CP-2021;5;33470;3347;3.3.4.7.0;Agenti e rappresentanti di artisti ed atleti;Le professioni classificate in questa unità  rappresentano e promuovono artisti e atleti, curandone la visibilita .
CP-2021;5;34110;3411;3.4.1.1.0;Tecnici delle attività ricettive e professioni assimilate;"Le professioni classificate in questa unità  assistono gli specialisti, ovvero applicano conoscenze in materia di marketing turistico per valorizzare, commercializzare, integrare l'offerta turistica di un territorio o di un sistema territoriale; collaborano con i soggetti pubblici e privati per migliorare, caratterizzare sul piano ambientale, artistico, architettonico, enogastronomico e collocare l'offerta turistica nei circuiti organizzati e informali."
CP-2021;5;34121;3412;3.4.1.2.1;Organizzatori di fiere, esposizioni ed eventi culturali;"Le professioni classificate in questa unità  forniscono servizi per l'organizzazione e la gestione di fiere; collocano gli spazi e gli ambienti espositivi disponibili, ne organizzano la fruizione da parte del pubblico e degli espositori."
CP-2021;5;34122;3412;3.4.1.2.2;Organizzatori di convegni e ricevimenti;Le professioni classificate in questa unità  organizzano convegni, conferenze e ricevimenti garantendo accoglienza, socialita  e servizi ai convenuti.
CP-2021;5;34130;3413;3.4.1.3.0;Animatori turistici e professioni assimilate;"Le professioni classificate in questa unità  intrattengono gli ospiti di villaggi turistici, hotel ed altre strutture ricettive; progettano ed organizzano attività  per il tempo libero, giochi, gare, feste, spettacoli, lezioni sulla pratica di danze, attività  sportive e cura del corpo, attività  artistiche e di artigianato."
CP-2021;5;34140;3414;3.4.1.4.0;Agenti di viaggio;"Le professioni classificate in questa unità  programmano e organizzano attività  turistiche per agenzie, uffici turistici, enti, organizzazioni e clienti finali; propongono, consigliano, promuovono e scambiano sul mercato pacchetti turistici."
CP-2021;5;34151;3415;3.4.1.5.1;Guide ed accompagnatori naturalistici e sportivi;"Le professioni classificate in questa unità  accompagnano singoli o gruppi di turisti in scalate e ascensioni in montagna o in altri itinerari di particolare interesse naturalistico; organizzano le escursioni, consigliano percorsi indicandone le difficolta  e le condizioni migliori in cui seguirli; preparano le attrezzature necessarie; verificano l'adeguatezza di quelle degli escursionisti, li guidano e li aiutano in situazioni di difficolta ; forniscono il primo soccorso in caso di incidenti o malesseri, richiedono aiuto quando necessario e partecipano a spedizioni di soccorso. L'esercizio delle professioni di Guida alpina e Guida speleologica e  regolamentato dalle leggi dello Stato."
CP-2021;5;34152;3415;3.4.1.5.2;Guide turistiche;Le professioni classificate in questa unità  accompagnano i turisti nei viaggi organizzati, garantendo assistenza e servizi ai partecipanti, illustrando e descrivendo caratteristiche e particolarita  di opere d'arte, di itinerari paesaggistici, architettonici e di luoghi di interesse storico-artistico.
CP-2021;5;34211;3421;3.4.2.1.1;Istruttori di volo;Le professioni classificate in questa unità  preparano e somministrano lezioni teoriche e pratiche - finalizzate in genere all'acquisizione di una patente, di un brevetto o di una abilitazione - sui princi pi e le tecniche di guida, il funzionamento delle parti, la strumentazione da utilizzare e conoscere, le regole da seguire ed i comportamenti da tenere nella guida di aerei.
CP-2021;5;34212;3421;3.4.2.1.2;Istruttori di guida automobilistica;Le professioni classificate in questa unità  preparano e somministrano lezioni teoriche e pratiche -finalizzate all'acquisizione di una patente - sui princi pi e le tecniche di guida, il funzionamento delle parti, la strumentazione da utilizzare e conoscere, le regole da seguire ed i comportamenti da tenere nella guida di autoveicoli.
CP-2021;5;34213;3421;3.4.2.1.3;Istruttori di nautica;Le professioni classificate in questa unità  preparano e somministrano lezioni teoriche e pratiche -finalizzate in genere all'acquisizione di una patente, di un brevetto o di una abilitazione - sui princi pi e le tecniche di guida, il funzionamento delle parti, la strumentazione da utilizzare e conoscere, le regole da seguire ed i comportamenti da tenere nella guida di imbarcazioni a motore e a vela.
CP-2021;5;34221;3422;3.4.2.2.1;Insegnanti nella formazione professionale;Le professioni classificate in questa unità  insegnano materie tecnico-pratiche e di laboratorio, la pratica di diverse attività  lavorative, l'uso di tecnologie e di attrezzature nella formazione professionale.
CP-2021;5;34222;3422;3.4.2.2.2;Maestri di arti e mestieri;Le professioni comprese in questa unità trasferiscono, in percorsi di formazione o di addestramento non professionale, cognizioni pratiche per svolgere attività di tipo artigianale di riparazione e produzione di manufatti nel campo della sartoria, della maglieria e degli accessori d'abbigliamento, della decorazione, della ceramica, della legatoria, della bigiotteria e della gioielleria e di altre attività legate all'artigianato locale o etnico, oppure per esercitare nel tempo libero attività di tipo espressivo o di servizio e cura della persona nel campo dell'arredamento, dell'antiquariato, della cucina e del maquillage.
CP-2021;5;34230;3423;3.4.2.3.0;Istruttori di tecniche in campo artistico;Le professioni classificate in questa unità  insegnano la tecnica e, con lezioni individuali o per piccoli gruppi, addestrano a praticare discipline artistico-figurative.
CP-2021;5;34240;3424;3.4.2.4.0;Istruttori di discipline sportive non agonistiche;"Le professioni classificate in questa unità  addestrano ad esercitare, in modo non agonistico, con lezioni individuali o di gruppo, la pratica di discipline sportive; ne insegnano le tecniche; verificano l'adeguatezza delle condizioni fisiche dell'allievo; lo preparano fisicamente; lo allenano e organizzano attività  sportive comuni. L'esercizio della professione di Maestro di sci e  regolamentato dalle leggi dello Stato."
CP-2021;5;34251;3425;3.4.2.5.1;Organizzatori di eventi e di strutture sportive;"Le professioni classificate in questa unità  organizzano eventi e competizioni sportive; dirigono le attività  sportive di palestre e di altre strutture."
CP-2021;5;34252;3425;3.4.2.5.2;Osservatori sportivi;Le professioni classificate in questa unità  seguono le performance e la crescita sportiva di atleti per individuare e selezionare talenti.
CP-2021;5;34261;3426;3.4.2.6.1;Allenatori e tecnici sportivi;"Le professioni classificate in questa unità  preparano e allenano atleti e squadre di atleti alle competizioni; ne curano la motivazione e la preparazione fisica; definiscono strategie di gara; insegnano e innovano tecniche di gioco."
CP-2021;5;34262;3426;3.4.2.6.2;Arbitri e giudici di gara;"Le professioni classificate in questa unità  sovrintendono a competizioni atletiche o a eventi sportivi; rilevano infrazioni alle regole del gioco e decidono le penalita  in accordo con i regolamenti."
CP-2021;5;34270;3427;3.4.2.7.0;Atleti;Le professioni classificate in questa unità  competono, da soli o in squadra, in gare o eventi sportivi, curano la preparazione atletica e l'addestramento personale e di squadra nelle discipline sportive prescelte.
CP-2021;5;34311;3431;3.4.3.1.1;Annunciatori della radio e della televisione;Le professioni classificate in questa unità  leggono notizie, diffondono informazioni, reportage giornalistici, presentano spettacoli e manifestazioni, annunciano programmi in radio e in televisione.
CP-2021;5;34312;3431;3.4.3.1.2;Presentatori di performance artistiche e ricreative;Le professioni classificate in questa unità  presentano performance artistiche e ricreative nei teatri, negli stadi, in locali o altri luoghi pubblici.
CP-2021;5;34320;3432;3.4.3.2.0;Tecnici dell'organizzazione della produzione radiotelevisiva, cinematografica e teatrale;Le professioni classificate in questa unità  organizzano e seguono le attività  connesse all'implementazione dei palinsesti e dei programmi radiotelevisivi ed alla produzione teatrale e cinematografica.
CP-2021;5;34330;3433;3.4.3.3.0;Intrattenitori;Le professioni classificate in questa unità  organizzano e curano le attività  ricreative, di intrattenimento e divertimento del pubblico
CP-2021;5;34411;3441;3.4.4.1.1;Grafici;Le professioni classificate in questa unità  realizzano, utilizzando varie tecniche di disegno artistico, bozzetti, disegni di dettaglio, elaborati multimediali e animazioni finalizzati alla comunicazione o all'illustrazione pubblicitaria.
CP-2021;5;34412;3441;3.4.4.1.2;Allestitori di scena;Le professioni classificate in questa unità  realizzano scene per manifestazioni teatrali, produzioni cinematografiche e televisive, spettacoli musicali e altri tipi di performance artistiche.
CP-2021;5;34421;3442;3.4.4.2.1;Tecnici dei musei;"Le professioni classificate in questa unità  preparano, organizzano e sistemano modelli ed esemplari, quali fossili, utensili, oggetti di vario genere, manufatti artistici, per mostre e manifestazioni museali; catalogano oggetti ed opere d'arte."
CP-2021;5;34422;3442;3.4.4.2.2;Tecnici delle biblioteche;"Le professioni classificate in questa unità  seguono e consigliano i lettori nell'uso dei cataloghi, delle basi di dati e degli indici con cui sono organizzate le biblioteche; li assistono nelle ricerche; catalogano e sistemano libri negli scaffali, li riparano; controllano la circolazione dei libri da e per la biblioteca."
CP-2021;5;34431;3443;3.4.4.3.1;Stimatori di opere d'arte;Le professioni classificate in questa unità  applicano conoscenze storico-artistiche sui materiali utilizzati, le tecniche costruttive, decorative e di finitura per la stima dell'autenticita  e del valore commerciale di opere d'arte ed oggetti di antiquariato.
CP-2021;5;34432;3443;3.4.4.3.2;Periti filatelici e numismatici;Le professioni classificate in questa unità  applicano conoscenze storico-artistiche sui materiali utilizzati, le tecniche costruttive, decorative e di finitura per la stima dell'autenticita  e del valore commerciale di monete, cartamoneta, medaglie e francobolli.
CP-2021;5;34433;3443;3.4.4.3.3;Periti calligrafi;Le professioni classificate in questa unità  applicano conoscenze in materia di esame e valutazione della forma e del disegno dei caratteri per attribuire una scrittura e determinarne l'autenticita .
CP-2021;5;34440;3444;3.4.4.4.0;Tecnici del restauro;"Le professioni classificate in questa unità  assistono i restauratori nelle attività  di prevenzione, manutenzione e restauro di beni culturali mobili e architettonici; collaborano alle attività  di ricerca finalizzate alla ricostruzione storico-culturale e conservativa del bene, alla valutazione delle sue condizioni di degrado, alla raccolta dati e alla stesura del materiale documentale; curano, secondo le indicazioni metodologiche del restauratore, la preparazione dei materiali necessari per gli interventi. L'esercizio della professione di collaboratore restauratore di beni culturali e  regolato dalle leggi dello Stato."
CP-2021;5;34510;3451;3.4.5.1.0;Assistenti sociali;"Le professioni classificate in questa unità  assistono e guidano individui e famiglie con problemi sociali e lavorativi alla ricerca di soluzioni e per il raggiungimento degli obiettivi connessi; aiutano i soggetti con disabilita  fisiche e mentali ad ottenere i trattamenti adeguati; attivano e certificano procedure finalizzate ad ottenere assistenza pubblica per individui e famiglie. L'esercizio della professione di Assistente sociale e  regolamentato dalle leggi dello Stato."
CP-2021;5;34520;3452;3.4.5.2.0;Tecnici del reinserimento e dell'integrazione sociale;Le professioni classificate in questa unità  forniscono servizi finalizzati a prevenire il disagio di adulti in difficoltà  di inserimento sociale e lavorativo, a riorganizzare le relazioni familiari in presenza di una separazione, a rimuovere l'emarginazione sociale di bambini e adolescenti, a riabilitare adulti e minori in prigione, in libertà  vigilata e fuori dal carcere e a recuperare alla vita attiva adulti scoraggiati o ritirati dal lavoro.
CP-2021;5;34530;3453;3.4.5.3.0;Tecnici dei servizi per l'impiego;"Le professioni classificate in questa unità  informano chi cerca lavoro sulle opportunità  lavorative disponibili; raccolgono informazioni sulle capacita , sulla formazione, sugli interessi e sulle loro esperienze lavorative; li aiutano a formulare curricula e ad utilizzare gli strumenti disponibili per cercare lavoro; propongono le loro candidature ai soggetti che domandano lavoro; li collocano secondo le disposizioni di legge."
CP-2021;5;34540;3454;3.4.5.4.0;Tecnici dei servizi di sicurezza privati e professioni assimilate;"Le professioni classificate in questa unità  organizzano servizi privati di protezione e di sicurezza a persone, imprese ed organizzazioni per prevenire furti, violenze, violazioni dei regolamenti; organizzano servizi di acquisizione di informazioni per prevenire e far fronte a comportamenti scorretti e illegittimi."
CP-2021;5;34550;3455;3.4.5.5.0;Tecnici delle attività religiose e di culto;Le professioni classificate in questa unità  attendono ad attività  religiose, dedicano le loro vite alla contemplazione e alla meditazione, pregano e diffondono gli insegnamenti della religione che professano.
CP-2021;5;34610;3461;3.4.6.1.0;Tecnici dei servizi giudiziari;"Le professioni classificate in questa unità  curano gli aspetti amministrativi ed esecutivi delle decisioni delle corti di giustizia; organizzano il materiale documentario e probatorio e documentano lo svolgimento dei processi, riportando a verbale testimonianze, interventi delle parti e decisioni."
CP-2021;5;34620;3462;3.4.6.2.0;Ufficiali della Polizia di Stato;"Le professioni classificate in questa unità  collaborano con la magistratura, conducendo indagini su notizie di crimini e su attività  criminali, eseguendo mandati di arresto e di fermo; conducono indagini su crimini effettuati o presunti, organizzano attività  di prevenzione e di sorveglianza finalizzate alla sicurezza dei cittadini."
CP-2021;5;34631;3463;3.4.6.3.1;Tecnici dei servizi di sicurezza dei vigili urbani;Le professioni classificate in questa unità  organizzano e coordinano le attività  finalizzate ad assicurare il rispetto delle norme e dei regolamenti cittadini, in particolare rispetto al traffico, al commercio, all'igiene pubblica e alla sicurezza dei cittadini in collaborazione con le forze dell'ordine.
CP-2021;5;34632;3463;3.4.6.3.2;Tecnici dei servizi di sicurezza dei vigili del fuoco;Le professioni classificate in questa unità  organizzano e coordinano le attività  di prevenzione, controllo e spegnimento degli incendi, di salvataggio e sgombero delle persone anche in caso di calamita  naturali o di incidenti di varia natura.
CP-2021;5;34633;3463;3.4.6.3.3;Tecnici dei servizi di sicurezza del corpo forestale;Le professioni classificate in questa unità  organizzano e coordinano le attività  di tutela del patrimonio forestale ed ambientale al fine del rispetto delle norme relative.
CP-2021;5;34640;3464;3.4.6.4.0;Ufficiali della guardia di finanza;Le professioni classificate in questa unità  coordinano e organizzano le attività  di prevenzione, ricerca e denuncia delle evasioni e delle violazioni finanziarie, le attività  di vigilanza sull'adempimento delle disposizioni di interesse politico-economico, di sorveglianza in mare per fini di polizia finanziaria, le attività  di collaborazione al mantenimento della sicurezza pubblica e alla difesa delle frontiere, le attività  di polizia doganale.
CP-2021;5;34650;3465;3.4.6.5.0;Controllori fiscali;Le professioni classificate in questa unità  coordinano e organizzano la circolazione delle merci da e per il Paese, organizzano i controlli sulle merci e le verifiche della corrispondenza alla documentazione presentata delle merci esportate e importate, organizzano i controlli sull'entrata o l'uscita dal Paese di merci vietate o non autorizzate.
CP-2021;5;34661;3466;3.4.6.6.1;Tecnici dei servizi pubblici di concessioni licenze;Le professioni classificate in questa unità  esaminano le domande e verificano le condizioni di concessione di licenze per l'esercizio di attività  imprenditoriali e commerciali, per la costruzione di edifici, case o di altre strutture.
CP-2021;5;34662;3466;3.4.6.6.2;Tecnici dei servizi pubblici per il rilascio di certificazioni e documentazioni personali;Le professioni classificate in questa unità  esaminano le domande e verificano le condizioni per il rilascio di passaporti, documenti di identità  e di altre certificazioni personali fatte dall'amministrazione pubblica.
CP-2021;5;41110;4111;4.1.1.1.0;Addetti a funzioni di segreteria;"Le professioni classificate in questa unità supportano le attività di un ufficio organizzando riunioni, viaggi di lavoro, appuntamenti e contatti, dattiloscrivendo e inoltrando disposizioni verbali e appunti, attivando ed eseguendo le procedure burocratiche necessarie al funzionamento delle attività e dei processi cui l’ufficio stesso è preposto e alla circolazione dell’informazione e della documentazione tra i vari uffici; predispongono la documentazione e svolgono compiti di supporto operativo necessari alla attività degli uffici stampa e di relazione con il pubblico."
CP-2021;5;41120;4112;4.1.1.2.0;Addetti agli affari generali;Le professioni classificate in questa unità attivano, eseguono e supportano singoli aspetti delle procedure di pianificazione, progettazione, amministrazione e gestione di un'impresa o di un'organizzazione svolgendo compiti di carattere non direttivo.
CP-2021;5;41130;4113;4.1.1.3.0;Addetti al protocollo e allo smistamento di documenti;"Le professioni classificate in questa unità raccolgono e smistano documenti e materiali in partenza o in arrivo, anche mediante posta elettronica ordinaria o certificata, da e per i vari uffici o settori organizzativi dell’impresa o dell'organizzazione; eseguono atti amministrativi necessari ad attestare, attraverso la trascrizione delle operazioni in appositi registri e l'emissione di ricevute, la ricezione o la trasmissione di materiali o di documentazione da parte dell'organizzazione, dell’impresa o di un singolo ufficio."
CP-2021;5;41140;4114;4.1.1.4.0;Addetti alla gestione del personale;Le professioni classificate in questa unità eseguono attività di supporto necessarie alla gestione del personale, inoltrano comunicazioni e ordini di servizio, eseguono le procedure di assunzione, licenziamento e di assegnazione acquisendo e inoltrando le dovute documentazioni.
CP-2021;5;41210;4121;4.1.2.1.0;Addetti alla videoscrittura, dattilografi, stenografi e professioni assimilate;Le professioni classificate in questa unità utilizzano mezzi meccanici, elettromeccanici, elettronici o informatici e tecniche di scrittura appropriate per trascrivere manoscritti, minute e documenti o processi verbali prodotti lungo l'attività dell'impresa o dell'organizzazione, ovvero svolgono tali compiti come servizio per terze parti.
CP-2021;5;41220;4122;4.1.2.2.0;Addetti all'immissione dati;Le professioni classificate in questa unità inseriscono dati ed eseguono operazioni di calcolo e di elaborazione utilizzando calcolatrici elettromeccaniche, elettroniche o strumenti informatici di calcolo.
CP-2021;5;41230;4123;4.1.2.3.0;Addetti alle macchine per la redazione, riproduzione e invio di materiali e documenti;Le professioni classificate in questa unità riproducono documenti esistenti, cartacei o digitali, utilizzando fotocopiatrici, scanner, fax, computer e programmi informatici e li trasmettono attraverso l'uso di strumenti di comunicazione telematica.
CP-2021;5;42110;4211;4.2.1.1.0;Addetti agli sportelli assicurativi, bancari e di altri intermediari finanziari;"Le professioni classificate in questa unità movimentano, per conto del pubblico, denaro in entrata e in uscita dalle casse delle banche o di altri istituti di intermediazione finanziaria, per varie finalità, seguendo le procedure previste e tenendo scrittura delle operazioni effettuate; incassano e riscattano e informano i clienti sulle procedure di sottoscrizione e sulle condizioni di applicazione di polizze assicurative."
CP-2021;5;42120;4212;4.2.1.2.0;Addetti agli sportelli dei servizi postali;Le professioni classificate in questa unità raccolgono denaro in cambio di operazioni postali o servizi finanziari seguendo le procedure prestabilite e mantenendo scrittura delle operazioni eseguite.
CP-2021;5;42130;4213;4.2.1.3.0;Addetti agli sportelli per l'esazione di imposte e contributi e al recupero crediti;Le professioni classificate in questa unità riscuotono somme in denaro esercitando il diritto di riscossione di somme dovute all'organizzazione sulla base di contratti, forniture o atti amministrativi definiti, seguendo le procedure e mantenendo scrittura delle operazioni effettuate.
CP-2021;5;42140;4214;4.2.1.4.0;Addetti agli sportelli delle agenzie di pegno e professioni assimilate;"Le professioni classificate in questa unità prestano somme di denaro in cambio di pegni su oggetti, assumono in custodia questi ultimi e provvedono alla loro riconsegna in caso di riscatto del prestito nei tempi previsti, alla loro vendita all'asta in caso di mancato riscatto; supportano i procedimenti di trascrizione delle ipoteche e di tenuta delle scritture relative."
CP-2021;5;42150;4215;4.2.1.5.0;Addetti alla vendita di biglietti;Le professioni comprese in questa unità rilasciano biglietti e titoli di accesso e di fruizione dei servizi offerti incassando corrispettivi in denaro.
CP-2021;5;42160;4216;4.2.1.6.0;Addetti agli sportelli delle agenzie di viaggio;"Le professioni comprese in questa unità consigliano i clienti sugli itinerari di viaggio e sulle attrattive dei luoghi da visitare, consegnando loro cartine e brochure illustrative; verificano la disponibilità dei posti presso le strutture ricettive ed effettuano prenotazioni rilasciando gli appositi voucher; espletano le procedure necessarie per ottenere i biglietti, le carte di imbarco ed altri titoli di viaggio."
CP-2021;5;42210;4221;4.2.2.1.0;Addetti all'accoglienza e all'informazione nelle imprese e negli enti pubblici;Le professioni classificate in questa unità ricevono il pubblico, anche in modalità telematica, nel momento del contatto con l’impresa o l'organizzazione, assistendolo nella corretta compilazione della modulistica necessaria ad avviare procedure amministrative o rispetto alle sue esigenze o richieste.
CP-2021;5;42220;4222;4.2.2.2.0;Addetti all'accoglienza nei servizi di alloggio e ristorazione;"Le professioni classificate in questa unità accolgono e registrano gli ospiti nelle strutture che forniscono servizi di alloggio; assegnano le camere e consegnano le relative chiavi; forniscono informazioni sui servizi offerti; gestiscono le prenotazioni e le pratiche di registrazione in arrivo e in partenza, tenendo traccia delle camere disponibili; eseguono le operazioni di check-out degli ospiti predisponendo la relativa documentazione. Accolgono i clienti nei ristoranti, gestiscono le prenotazioni dei tavoli."
CP-2021;5;42230;4223;4.2.2.3.0;Centralinisti;Le professioni classificate in questa unità ricevono le chiamate dall'esterno e le smistano agli uffici o alle persone interessate dell'impresa o dell'organizzazione.
CP-2021;5;42240;4224;4.2.2.4.0;Addetti all'informazione nei Call Center (senza funzioni di vendita);Le professioni classificate in questa unità, utilizzando il telefono o mezzi di comunicazione elettronici (ad esempio e-mail), forniscono informazioni al pubblico sui prodotti o sui servizi offerti dall'azienda, prendono nota e smistano reclami sui servizi e sui prodotti forniti, indicano le procedure da seguire per ottenere assistenza, rimborsi o risarcimenti. Non eseguono funzioni di vendita.
CP-2021;5;43110;4311;4.3.1.1.0;Addetti alla gestione degli acquisti di beni e servizi;Le professioni classificate in questa unità supportano le attività amministrative per l’approvvigionamento, anche utilizzando le piattaforme tecnologiche dedicate, di servizi, merci e materiali, eseguono riscontri fra le giacenze di magazzino e gli standard di deposito fissati, raccolgono i prezzi sul mercato dei servizi, delle merci e dei materiali di cui rifornirsi, seguono le procedure di acquisto e di consegna, raccolgono le richieste dei diversi uffici e settori dell’impresa o dell’organizzazione, distribuiscono, documentandone le consegne, merci e materiali secondo necessità e richieste.
CP-2021;5;43120;4312;4.3.1.2.0;Addetti alla gestione dei magazzini e professioni assimilate;Le professioni classificate in questa unità seguono le procedure relative alla tenuta dei magazzini e alla gestione dei depositi di merci e materiali, tengono scrittura delle operazioni di entrata e di uscita delle merci e dei materiali, verificano la corrispondenza tra consistenza fisica e contabile dei materiali e delle merci, supportano le attività di contabilità del magazzino, applicano le procedure di acquisizione e di consegna.
CP-2021;5;43130;4313;4.3.1.3.0;Addetti alla gestione amministrativa dei trasporti merci;Le professioni classificate in questa unità sono addette alla predisposizione ed al controllo delle pratiche amministrative relative ai trasporti di merci e materiali e alla loro organizzazione, predispongono la documentazione di accompagnamento, provvedono alle pratiche doganali di importazione, esportazione e sdoganamento delle merci, seguono le procedure verificando e controllando l'esistenza delle condizioni necessarie alla partenza e al viaggio dei convogli, anche ferroviari.
CP-2021;5;43210;4321;4.3.2.1.0;Addetti alla contabilità;Le professioni classificate in questa unità supportano, anche utilizzando appositi mezzi informatici, le operazioni di tenuta delle scritture contabili annotando le operazioni, compilando e archiviando la relativa documentazione, eseguendo calcoli e operazioni di verifica.
CP-2021;5;43220;4322;4.3.2.2.0;Addetti alle buste paga;Le professioni classificate in questa unità eseguono attività finalizzate alla redazione delle buste paga, raccogliendo ed elaborando dati sulle presenze, le ore di lavoro e le assenze per ferie o per altri motivi e acquisendo la documentazione relativa, anche ai fini della gestione degli adempimenti tributari e previdenziali
CP-2021;5;43230;4323;4.3.2.3.0;Addetti alle operazioni finanziarie per conto dell'impresa o dell'organizzazione;Le professioni classificate in questa unità svolgono attività di supporto alla gestione e al controllo delle attività finanziarie dell'impresa o dell'organizzazione, eseguono operazioni presso le banche, seguono le procedure per la gestione dei depositi bancari, per la richiesta di fidi o altri tipi di prestiti, per il pagamento dei tributi e l'incasso delle fatture.
CP-2021;5;43240;4324;4.3.2.4.0;Addetti ai servizi statistici;Le professioni classificate in questa unità reperiscono, rilevano, raccolgono, organizzano e provvedono ad elaborazioni elementari di dati e di altri materiali documentali necessari alle attività dell'ufficio, dell'impresa o dell'organizzazione, anche con l'uso di tecnologie informatiche.
CP-2021;5;43250;4325;4.3.2.5.0;Addetti agli uffici interni di cassa;Le professioni classificate in questa categoria incassano, tenendo scrittura delle operazioni effettuate e seguendo le procedure stabilite, i corrispettivi in denaro per le forniture o i servizi resi dall'impresa o dall'organizzazione.
CP-2021;5;44110;4411;4.4.1.1.0;Personale addetto a compiti di controllo, verifica e professioni assimilate;Le professioni classificate in questa categoria svolgono operazioni di controllo e verifica di conformità degli atti, delle operazioni, delle acquisizioni e delle cessioni di merci, materiali e simili rispetto alle procedure codificate o a quanto preventivato.
CP-2021;5;44120;4412;4.4.1.2.0;Addetti al controllo della documentazione di viaggio;Le professioni classificate in questa categoria controllano la completezza e la correttezza della documentazione e dei titoli di viaggio di merci e persone, nei trasporti aerei, marittimi, su gomma o ferroviari, intervenendo nel caso in cui siano rilevate non conformità.
CP-2021;5;44130;4413;4.4.1.3.0;Addetti allo smistamento e al recapito della posta;Le professioni classificate in questa unità provvedono, presso gli uffici postali, all'accusa e allo smistamento della posta e della documentazione in ingresso e al recapito della stessa ai destinatari.
CP-2021;5;44210;4421;4.4.2.1.0;Addetti ad archivi, schedari e professioni assimilate;Le professioni classificate in questa unità classificano, schedano, archiviano e conservano documenti e materiali raccolti o ricevuti, seguendo criteri e procedure predefiniti che ne rendono possibile la reperibilità.
CP-2021;5;44220;4422;4.4.2.2.0;Addetti a biblioteche e professioni assimilate;Le professioni classificate in questa unità classificano, schedano, archiviano, conservano e rendono disponibili al pubblico in biblioteche materiali documentari e libri.
CP-2021;5;51110;5111;5.1.1.1.0;Esercenti delle vendite all'ingrosso;"Le professioni comprese in questa unità definiscono, pianificano, implementano e gestiscono le strategie e le politiche di vendita di esercizi commerciali all'ingrosso di piccole dimensioni; valutano i risultati dell'attività; negoziano con i fornitori e i clienti, programmano e controllano l'uso efficiente delle risorse; reclutano personale e definiscono i processi di innovazione organizzativa e di vendita. Sono direttamente impegnati nelle attività di vendita assistendo, informando e consigliando i clienti sugli acquisti."
CP-2021;5;51121;5112;5.1.1.2.1;Esercenti delle vendite al minuto in negozi;"Le professioni comprese in questa unità definiscono, pianificano, implementano e gestiscono le strategie e le politiche di vendita di esercizi di piccole dimensioni per la vendita di prodotti e beni destinati al consumo finale; valutano i risultati dell'attività; negoziano con i fornitori e i clienti, programmano e controllano l'uso efficiente delle risorse; reclutano personale e definiscono i processi di innovazione organizzativa e di vendita. Sono direttamente impegnati nelle attività di vendita assistendo, informando e consigliando i clienti sugli acquisti."
CP-2021;5;51122;5112;5.1.1.2.2;Esercenti delle vendite al minuto nei mercati e in posti assegnati;"Le professioni comprese in questa unità definiscono, pianificano, implementano e gestiscono le strategie e le politiche di vendita di esercizi di piccole dimensioni, nei mercati o in posti fissi a loro assegnati, per la vendita di prodotti e beni destinati al consumo finale; valutano i risultati dell'attività; negoziano con i fornitori e i clienti, programmano e controllano l'uso efficiente delle risorse; reclutano personale e definiscono i processi di innovazione organizzativa e di vendita. Sono direttamente impegnati nelle attività di vendita assistendo, informando e consigliando i clienti sugli acquisti."
CP-2021;5;51130;5113;5.1.1.3.0;Esercenti di distributori di carburanti ed assimilati;"Le professioni comprese in questa unità definiscono, pianificano, implementano e gestiscono le strategie e le politiche di vendita di esercizi di piccole dimensioni per la distribuzione di carburanti e di prodotti simili destinati al consumo finale; valutano i risultati dell'attività; negoziano con i fornitori e i clienti; programmano e controllano l'uso efficiente delle risorse; reclutano personale e definiscono i processi di innovazione organizzativa e di vendita. Sono direttamente impegnati nelle attività di vendita assistendo, informando e consigliando i clienti sugli acquisti."
CP-2021;5;51210;5121;5.1.2.1.0;Commessi delle vendite all'ingrosso;Le professioni comprese in questa unità assistono, consigliano e informano i clienti, negli esercizi di vendita riservata a produttori o altri rivenditori e distributori, sugli acquisti di prodotti e la fornitura di beni, relativamente agli aspetti merceologici e di prezzo.
CP-2021;5;51220;5122;5.1.2.2.0;Commessi delle vendite al minuto;Le professioni comprese in questa unità assistono, consigliano e informano i clienti sugli acquisti di prodotti e la fornitura di beni, inclusa la fornitura di energia e i servizi di telefonia e assimilati. Possono svolgere compiti organizzativi di base dell'attività come smistare merci, prendere nota di quelle in entrata e in uscita dal negozio, incassare i corrispettivi delle vendite e mansioni organizzative simili.
CP-2021;5;51230;5123;5.1.2.3.0;Addetti ad attività organizzative delle vendite;"Le professioni comprese in questa unità svolgono, negli esercizi di vendita, attività di coordinamento e di supporto organizzativo; supervisionano e istruiscono gli addetti alle vendite, stabiliscono la suddivisione degli incarichi, curano l'allestimento delle merci negli scaffali, provvedono alla raccolta degli ordini, si assicurano che i clienti ricevano un servizio adeguato."
CP-2021;5;51240;5124;5.1.2.4.0;Cassieri di esercizi commerciali;Le professioni comprese in questa unità incassano il corrispettivo delle merci o dei servizi venduti all'ingrosso e al minuto, rilasciando apposita quietanza e mantenendo nota delle operazioni effettuate
CP-2021;5;51251;5125;5.1.2.5.1;Venditori a domicilio;Le professioni comprese in questa unità vendono vari tipi di merci o di servizi porta a porta, direttamente presso il domicilio di potenziali clienti.
CP-2021;5;51252;5125;5.1.2.5.2;Venditori a distanza;Le professioni comprese in questa unità sollecitano ordini di merci o di servizi contattando i possibili clienti attraverso telefono, canali internet o raggiungendoli con appositi programmi televisivi.
CP-2021;5;51260;5126;5.1.2.6.0;Addetti ai distributori di carburanti ed assimilati;Le professioni comprese in questa unità assistono i clienti sugli acquisti di carburanti e prodotti simili destinati al consumo finale. Possono svolgere compiti organizzativi di base dell'attività come smistare merci, prender nota di quelle in entrata e in uscita dall'esercizio, incassare i corrispettivi delle vendite e mansioni organizzative simili. Possono inoltre svolgere compiti semplici di supporto al mantenimento delle condizioni di efficienza degli autoveicoli dei clienti.
CP-2021;5;51310;5131;5.1.3.1.0;Indossatori, modelli e professioni assimilate;Le professioni comprese in questa unità posano per manifestazioni e produzioni artistiche o pubblicitarie, ovvero indossano e mostrano capi, accessori di abbigliamento ed altri prodotti in sfilate di moda o altre modalità di esposizione destinate a rivenditori o a consumatori.
CP-2021;5;51320;5132;5.1.3.2.0;Dimostratori e professioni assimilate;Le professioni comprese in questa unità rispondono alle domande e mostrano ai clienti le caratteristiche, la convenienza e le modalità d'uso di prodotti e merci per invogliarne l'acquisto.
CP-2021;5;51330;5133;5.1.3.3.0;Vetrinisti e professioni assimilate;Le professioni comprese in questa unità allestiscono vetrine ed espositori di attività commerciali, stand di fiere e di altre manifestazioni o attività simili, per mostrare campioni significativi delle merci in vendita e delle loro caratteristiche e per sollecitare l'attenzione di potenziali clienti.
CP-2021;5;51340;5134;5.1.3.4.0;Addetti all'informazione e all'assistenza dei clienti;Le professioni comprese in questa unità informano o assistono direttamente i distributori o i consumatori finali su merci, prodotti o servizi.
CP-2021;5;52110;5211;5.2.1.1.0;Esercenti nelle attività ricettive;"Le professioni comprese in questa unità definiscono, pianificano, implementano e gestiscono le strategie e le politiche di vendita di esercizi di piccole dimensioni impiegati in attività ricettive; valutano i risultati dell'attività; negoziano con i fornitori e i clienti, programmano e controllano l'uso efficiente delle risorse; reclutano personale e definiscono i processi di innovazione organizzativa e gestionale. Sono direttamente impegnati nell'accogliere, assistere, informare e consigliare gli avventori."
CP-2021;5;52210;5221;5.2.2.1.0;Cuochi in alberghi e ristoranti;Le professioni comprese in questa unità dirigono la preparazione o preparano direttamente su ordinazione del cliente cibi come antipasti, primi e secondi piatti, insalate e dessert a base di vegetali, di carni o di altri prodotti, curandone la presentazione, il condimento e la cottura. Predispongono menu giornalieri, ordinano gli alimenti e i prodotti necessari per la cucina, si occupano della loro conservazione e sovrintendono all'igiene dei luoghi e delle attrezzature per la preparazione.
CP-2021;5;52221;5222;5.2.2.2.1;Addetti alla preparazione e alla cottura di cibi in imprese per la ristorazione collettiva;Le professioni comprese in questa unità cucinano grandi quantità di cibi per la ristorazione collettiva di scuole, ospedali, mense aziendali o altre istituzioni seguendo menu predefiniti. Curano la conservazione degli alimenti e sovrintendono all'igiene dei luoghi e delle attrezzature.
CP-2021;5;52222;5222;5.2.2.2.2;Addetti alla preparazione, alla cottura e alla vendita di cibi in fast food, tavole calde, rosticcerie ed esercizi assimilati;Le professioni comprese in questa unità preparano e cucinano cibi per la ristorazione collettiva in esercizi con menu limitati, in fast food, tavole calde o in attività, anche ambulanti, che vendono cibi che richiedono tempi brevi di preparazione. Curano la conservazione degli alimenti e sovrintendono all'igiene dei luoghi e delle attrezzature.
CP-2021;5;52223;5222;5.2.2.2.3;Addetti al banco nei servizi di ristorazione;"Le professioni comprese in questa unità provvedono a servire dai banconi vivande, alimenti e bevande agli avventori di mense, fast-food, tavole calde ed esercizi assimilati; confezionano cibi precotti o crudi a base di vegetali, carni o altri prodotti; curano la conservazione degli alimenti e sovrintendono all'igiene dei luoghi e delle attrezzature."
CP-2021;5;52231;5223;5.2.2.3.1;Camerieri di albergo;"Le professioni comprese in questa unità assistono i clienti degli esercizi alberghieri nei loro bisogni e curano le loro richieste, li accolgono e li accompagnano al momento dell'arrivo e della partenza; governano i piani e le stanze d'albergo; sovrintendono e provvedono alla cura e all'igiene dei luoghi e delle attrezzature."
CP-2021;5;52232;5223;5.2.2.3.2;Camerieri di ristorante;"Le professioni comprese in questa unità assistono i clienti degli esercizi pubblici nei loro bisogni, ovvero fanno accomodare e assistono i clienti ai tavoli nei ristoranti, prendono le ordinazioni e le sottopongono in cucina, consigliano e informano sui cibi, sui vini e sugli alcolici da abbinare e li servono secondo le regole; preparano e sottopongono il conto; sovrintendono e provvedono alla cura e all'igiene dei luoghi e delle attrezzature."
CP-2021;5;52240;5224;5.2.2.4.0;Baristi e professioni assimilate;"Le professioni comprese in questa unità preparano e servono bevande e snack ai clienti direttamente o tramite camerieri nei bar, nei ristoranti e in altri esercizi pubblici; sovrintendono e provvedono alla cura e all'igiene dei luoghi e delle attrezzature."
CP-2021;5;52251;5225;5.2.2.5.1;Esercenti di ristoranti, fast food, pizzerie ed esercizi assimilati;"Le professioni comprese in questa unità definiscono, pianificano, implementano e gestiscono le strategie e le politiche di vendita di ristoranti, bar, fast food, pizzerie ed altre attività di ristorazione di piccole dimensioni; valutano i risultati dell'attività; negoziano con i fornitori e i clienti, programmano e controllano l'uso efficiente delle risorse; reclutano personale e definiscono i processi di innovazione organizzativa e gestionale. Sono direttamente impegnati nell'accogliere, assistere, informare e consigliare gli avventori."
CP-2021;5;52252;5225;5.2.2.5.2;Esercenti di attività di ristorazione nei mercati e in posti assegnati;"Le professioni comprese in questa unità definiscono, pianificano, implementano e gestiscono le strategie e le politiche di vendita di attività di ristorazione di piccole dimensioni svolte nei mercati o in posti fissi assegnati; valutano i risultati dell'attività; negoziano con i fornitori e i clienti, programmano e controllano l'uso efficiente delle risorse; reclutano personale e definiscono i processi di innovazione organizzativa e gestionale. Sono direttamente impegnati nell'accogliere, assistere, informare e consigliare gli avventori."
CP-2021;5;52311;5231;5.2.3.1.1;Assistenti di volo;Le professioni comprese in questa unità ricevono e assistono i clienti nei viaggi aerei, intervengono per garantire il rapido svolgimento delle azioni in situazioni di emergenza.
CP-2021;5;52312;5231;5.2.3.1.2;Assistenti di viaggio e crociera;Le professioni comprese in questa unità ricevono e assistono i clienti nei viaggi e nelle crociere marittime e terrestri, intervengono per garantire il rapido svolgimento delle azioni in situazioni di emergenza.
CP-2021;5;52313;5231;5.2.3.1.3;Assistenti congressuali e fieristici;Le professioni comprese in questa unità ricevono e assistono i clienti nelle manifestazioni congressuali e fieristiche, intervengono per garantire il rapido svolgimento delle azioni in situazioni di emergenza.
CP-2021;5;52320;5232;5.2.3.2.0;Accompagnatori turistici;Le professioni comprese in questa unità assistono e accompagnano visitatori e turisti nei giri panoramici e nelle visite a scorci, a quartieri e a luoghi suggestivi di città.
CP-2021;5;53110;5311;5.3.1.1.0;Professioni qualificate nei servizi sanitari e sociali ;"Le professioni comprese in questa categoria supportano il personale sanitario nella somministrazione di terapie e nella sorveglianza e nella tutela dell'igiene e della sicurezza sanitaria pubblica; effettuano assistenza fisico manuale svolgendo, nell'ambito delle proprie competenze, la prevenzione, la cura, la riabilitazione e il recupero funzionale mediante massoterapia, balneoterapia e idroterapia; svolgono interventi di assistenza finalizzati a soddisfare i bisogni primari dei pazienti; si occupano dello sviluppo psicologico, motorio, ludico e sanitario dei bambini."
CP-2021;5;54111;5411;5.4.1.1.1;Esercenti di cinema e teatri;"Le professioni comprese in questa unità definiscono, pianificano, implementano e gestiscono le strategie e le politiche di cinema e teatri di piccole dimensioni; valutano i risultati dell'attività; negoziano con i fornitori e i clienti, programmano e controllano l'uso efficiente delle risorse; reclutano personale e definiscono i processi di innovazione organizzativa e gestionale. Sono direttamente impegnati nell'accogliere, assistere, informare e consigliare gli avventori."
CP-2021;5;54112;5411;5.4.1.1.2;Esercenti di locali notturni;"Le professioni comprese in questa unità definiscono, pianificano, implementano e gestiscono le strategie e le politiche di locali notturni e discoteche di piccole dimensioni; valutano i risultati dell'attività; negoziano con i fornitori e i clienti, programmano e controllano l'uso efficiente delle risorse; reclutano personale e definiscono i processi di innovazione organizzativa e gestionale. Sono direttamente impegnati nell'accogliere, assistere, informare e consigliare gli avventori."
CP-2021;5;54113;5411;5.4.1.1.3;Esercenti di attività ricreative;"Le professioni comprese in questa unità definiscono, pianificano, implementano e gestiscono le strategie e le politiche di attività ricreative di piccole dimensioni; valutano i risultati dell'attività; negoziano con i fornitori e i clienti, programmano e controllano l'uso efficiente delle risorse; reclutano personale e definiscono i processi di innovazione organizzativa e gestionale. Sono direttamente impegnati nell'accogliere, assistere, informare e consigliare gli avventori."
CP-2021;5;54114;5411;5.4.1.1.4;Esercenti di attività sportive;"Le professioni comprese in questa unità definiscono, pianificano, implementano e gestiscono le strategie e le politiche di palestre e di altri impianti sportivi di piccole dimensioni; valutano i risultati dell'attività; negoziano con i fornitori e i clienti, programmano e controllano l'uso efficiente delle risorse; reclutano personale e definiscono i processi di innovazione organizzativa e gestionale. Sono direttamente impegnati nell'accogliere, assistere, informare e consigliare gli avventori."
CP-2021;5;54115;5411;5.4.1.1.5;Esercenti di sale scommesse;"Le professioni comprese in questa unità definiscono, pianificano, implementano e gestiscono le strategie e le politiche di sale scommesse di piccole dimensioni; valutano i risultati dell'attività; negoziano con i fornitori e i clienti, programmano e controllano l'uso efficiente delle risorse; reclutano personale e definiscono i processi di innovazione organizzativa e gestionale. Sono direttamente impegnati nell'accogliere, assistere, informare e consigliare gli avventori."
CP-2021;5;54121;5412;5.4.1.2.1;Allibratori;"Le professioni comprese in questa unità accettano puntate e scommesse in denaro sui risultati delle corse negli ippodromi e nei cinodromi, registrandole su libri ufficiali; pagano le somme dovute in caso di vincita."
CP-2021;5;54122;5412;5.4.1.2.2;Croupiers;Le professioni comprese in questa unità accettano puntate e scommesse in denaro su giochi d'azzardo esercitati in luoghi consentiti, pagano le somme dovute in caso di vincita.
CP-2021;5;54123;5412;5.4.1.2.3;Ricevitori;"Le professioni comprese in questa unità ricevono puntate per gare sportive, per il gioco del lotto e per giochi simili; pagano le somme dovute in caso di vincita."
CP-2021;5;54130;5413;5.4.1.3.0;Astrologi, preveggenti, chiromanti e professioni assimilate;Le professioni comprese in questa unità predicono il futuro alle persone, le informano sugli esiti delle loro azioni e dei loro comportamenti, danno indicazioni per prevenire eventuali esiti negativi auspicando eventi positivi attraverso l'astrologia, la chiromanzia, la lettura della mano ed altre pratiche simili.
CP-2021;5;55110;5511;5.5.1.1.0;Acconciatori;Le professioni comprese in questa unità forniscono servizi di cura estetica e cosmetica della persona, massaggiano, trattano il cuoio capelluto e applicano parrucche, tagliano, spuntano, lavano e danno forma a capelli e barbe.
CP-2021;5;55120;5512;5.5.1.2.0;Estetisti e truccatori;Le professioni comprese in questa unità applicano trucchi, eliminano peli superflui, forniscono servizi di manicure e di pedicure, eseguono trattamenti e massaggi cosmetici sul corpo per migliorarne l'aspetto estetico.
CP-2021;5;55130;5513;5.5.1.3.0;Massaggiatori ed operatori termali;Le professioni comprese in questa unità eseguono trattamenti termali (fanghi, inalazioni, ecc.) e massaggi per tonificare il corpo e migliorare il benessere della persona.
CP-2021;5;55210;5521;5.5.2.1.0;Personale di compagnia e personale qualificato di servizio alle famiglie;Le professioni comprese in questa unità offrono alle famiglie servizi qualificati di assistenza domestica, di compagnia alle persone, di supervisione e governo della casa e delle attività familiari, e servizi simili.
CP-2021;5;55220;5522;5.5.2.2.0;Addetti alla sorveglianza di bambini e professioni assimilate;Le professioni comprese in questa unità sorvegliano le attività ludiche dei bambini e li assistono nei loro bisogni presso le famiglie o nelle istituzioni, li intrattengono facendoli giocare, li accompagnano e li riprendono nei luoghi delle attività quotidiane.
CP-2021;5;55230;5523;5.5.2.3.0;Addetti all'assistenza personale;Le professioni comprese in questa unità assistono, nelle istituzioni o a domicilio, le persone anziane, in convalescenza, disabili, in condizione transitoria o permanente di non autosufficienza o con problemi affettivi, le aiutano a svolgere le normali attività quotidiane, a curarsi e a mantenere livelli accettabili di qualità della vita.
CP-2021;5;55310;5531;5.5.3.1.0;Addestratori di animali;Le professioni comprese in questa unità domano e addestrano gli animali per farli partecipare a competizioni sportive e a mostre, per far loro eseguire determinati compiti e prestazioni, per garantire sicurezza al padrone e alle sue proprietà, obbedienza ai comandi e assistenza a persone disabili, li abituano al contatto, alla voce umana e li condizionano a rispondere a comandi prestabiliti.
CP-2021;5;55320;5532;5.5.3.2.0;Custodi e allevatori di animali domestici e da esposizione;Le professioni comprese in questa unità allevano, custodiscono, alimentano, assistono, curano, puliscono e mantengono in forma animali domestici e/o da esibizione, non da produzione, presso canili, zoo, ricoveri, acquari ed altri ambienti.
CP-2021;5;55410;5541;5.5.4.1.0;Esercenti di agenzie per il disbrigo di pratiche e professioni assimilate;"Le professioni comprese in questa unità definiscono, pianificano, implementano e gestiscono le strategie e le politiche di agenzie per il disbrigo di pratiche di piccole dimensioni; valutano i risultati dell'attività; negoziano con i fornitori e i clienti, programmano e controllano l'uso efficiente delle risorse; reclutano personale e definiscono i processi di innovazione organizzativa e gestionale. Sono direttamente impegnati nell'attività lavorativa propria dell'esercizio."
CP-2021;5;55420;5542;5.5.4.2.0;Addetti di agenzie per il disbrigo di pratiche e professioni assimilate;Le professioni comprese in questa unità assistono le persone e le famiglie nel disbrigo di pratiche amministrative, curano ricerche documentali per i clienti, li informano e li guidano nelle procedure di attestazione, di certificazione, di ricorso e di stipula di accordi con terze parti.
CP-2021;5;55510;5551;5.5.5.1.0;Esercenti di agenzie di pompe funebri;"Le professioni comprese in questa unità definiscono, pianificano, implementano e gestiscono le strategie e le politiche di agenzie di onoranze funebri di piccole dimensioni; valutano i risultati dell'attività; negoziano con i fornitori e i clienti, programmano e controllano l'uso efficiente delle risorse; reclutano personale e definiscono i processi di innovazione organizzativa e gestionale. Sono direttamente impegnati nell'attività lavorativa propria dell'esercizio."
CP-2021;5;55520;5552;5.5.5.2.0;Addetti alle agenzie di pompe funebri;"Le professioni comprese in questa unità preparano i corpi dei deceduti per il funerale, dispongono la bara nella camera ardente o nella cappella prima del rito funebre; sistemano i fiori o le luci attorno alla bara; guidano o accompagnano i partecipanti al funerale; chiudono la bara e sbrigano le procedure di tumulazione."
CP-2021;5;56110;5611;5.6.1.1.0;Personale di guardiania territoriale;Le professioni comprese in questa unità tutelano l'integrità del demanio comunale e controllano l'applicazione sul territorio delle norme e dei regolamenti che lo tutelano.
CP-2021;5;56120;5612;5.6.1.2.0;Vigili urbani;Le professioni comprese in questa unità assicurano il rispetto delle norme e dei regolamenti cittadini, regolano il traffico, pattugliano le strade, prevengono o sanzionano infrazioni, controllano l'esercizio del commercio, visitano mercati, negozi e locali pubblici controllando l'igiene e la provenienza delle merci vendute, forniscono informazioni sulla città, collaborano con le forze dell'ordine nella tutela della sicurezza dei cittadini.
CP-2021;5;56131;5613;5.6.1.3.1;Agenti della Polizia di Stato;"Le professioni comprese in questa unità fanno rispettare le leggi, proteggono le persone e la proprietà, prevengono e reprimono reati, perlustrano il territorio intervenendo in caso di reati, incidenti e situazioni di pericolo o di emergenza; scortano persone, mezzi di trasporto, valori, svolgono attività investigative su attività criminali e notizie di reato."
CP-2021;5;56132;5613;5.6.1.3.2;Agenti della Guardia di Finanza;"Le professioni comprese in questa unità prevengono, ricercano e denunciano evasioni e violazioni finanziarie; vigilano sull'adempimento delle disposizioni di interesse politico-economico, pattugliano il mare per fini di polizia finanziaria, collaborano nella difesa delle frontiere e svolgono attività di polizia doganale."
CP-2021;5;56133;5613;5.6.1.3.3;Agenti del Corpo Forestale;Le professioni comprese in questa unità tutelano l'ambiente, il paesaggio e l'ecosistema, intervengono nelle situazioni di emergenza, nelle catastrofi naturali occupandosi dei soccorsi e di protezione civile, intervengono a difesa del suolo, sorvegliano i parchi nazionali e le riserve naturali dello Stato, controllano il commercio internazionale delle specie animali e vegetali in estinzione, reprimono le frodi in campo agroalimentare e forestale, svolgono compiti di polizia venatoria e di controllo sulla pesca nelle acque interne.
CP-2021;5;56141;5614;5.6.1.4.1;Vigili del fuoco;"Le professioni comprese in questa unità prevengono, controllano ed estinguono gli incendi; intervengono nelle situazioni di emergenza quando sono in pericolo la vita, la proprietà o l'ambiente; intervengono in caso di calamità naturali, incidenti; verificano la rispondenza di impianti ed attrezzature alle norme antincendio e di sicurezza."
CP-2021;5;56142;5614;5.6.1.4.2;Personale delle squadre antincendio;Le professioni comprese in questa unità esercitano la vigilanza antincendio in boschi, impianti e locali pubblici.
CP-2021;5;56150;5615;5.6.1.5.0;Agenti di istituti di pena e rieducazione;Le professioni comprese in questa unità sorvegliano i detenuti all'interno degli istituti di pena e di rieducazione, durante il trasferimento tra gli istituti di pena, tra questi e il tribunale o altri luoghi, in conformità con i regolamenti e con le procedure stabilite.
CP-2021;5;56160;5616;5.6.1.6.0;Guardie private di sicurezza;"Le professioni comprese in questa unità tutelano la proprietà privata e la sicurezza di persone, organizzazioni o imprese; vigilano sulla integrità delle persone e dei beni protetti; prevengono intrusioni ed usi non autorizzati negli edifici."
CP-2021;5;56170;5617;5.6.1.7.0;Bagnini e professioni assimilate;"Le professioni comprese in questa unità curano la sicurezza dei bagnanti in piscina e su spiaggia, controllano le condizioni del mare e suggeriscono ai bagnanti i comportamenti pi&ugrave; opportuni; controllano le persone nell'acqua e intervengono in caso di pericolo o rischio di annegamento; somministrano i primi soccorsi in caso di incidente in acqua."
CP-2021;5;56180;5618;5.6.1.8.0;Esercenti di garage ed autorimesse;"Le professioni comprese in questa categoria definiscono, pianificano, implementano e gestiscono le strategie e le politiche di conduzione di garage, autorimesse e parcheggi all'aperto; valutano i risultati dell'attività; negoziano con i fornitori e i clienti, programmano e controllano l'uso efficiente delle risorse; reclutano personale e definiscono i processi di innovazione organizzativa e gestionale. Sono direttamente impegnati nell'attività lavorativa propria dell'esercizio."
CP-2021;5;61110;6111;6.1.1.1.0;Brillatori e artificieri in cave e miniere;Le professioni comprese in questa unità preparano e innescano esplosivi, ne determinano la quantità e li posizionano nei modi più adeguati a far esplodere la roccia necessaria per creare tunnel e gallerie, ovvero per ricavare i minerali in cave e miniere. Curano le norme di sicurezza legate all'esercizio della loro attività e la stessa conservazione in sicurezza degli esplosivi e degli apparati detonanti.
CP-2021;5;61120;6112;6.1.1.2.0;Tagliatori e levigatori di pietre, scalpellini e marmisti;"Le professioni comprese in questa unità eseguono operazioni di prima, seconda lavorazione e finitura di pietre, marmi, ardesie, alabastro ed affini; tagliano, squadrano e sgrossano il materiale in cava, ovvero lo preparano per l’uso e gli danno la forma voluta modellandolo a scalpello, tagliandolo, fresandolo o molandolo, lucidano o bocciardano le singole parti del prodotto; progettano come realizzare le parti del prodotto, le montano o le riparano."
CP-2021;5;61130;6113;6.1.1.3.0;Coltivatori di saline;Le professioni comprese in questa unità si occupano delle diverse operazioni connesse all’alimentazione con acqua marina delle saline, procedono alle fasi della loro coltivazione, raccolgono e raffinano il sale prodotto.
CP-2021;5;61210;6121;6.1.2.1.0;Muratori in pietra e mattoni;"Le professioni comprese in questa unità costruiscono strutture edili in muratura, interpretano e traducono operativamente i disegni e le indicazioni del progettista; scelgono e predispongono gli impasti e le malte adatte ai materiali utilizzati e al tipo di muratura da edificare, sagomano e posano in opera pietre, mattoni e materiali refrattari."
CP-2021;5;61221;6122;6.1.2.2.1;Casseronisti/Cassonisti;"Le professioni comprese in questa unità armano e predispongono la ferratura delle forme di colata; montano e smontano i casseri e le strutture in cui colare gli impasti."
CP-2021;5;61222;6122;6.1.2.2.2;Muratori e formatori in calcestruzzo;Le professioni comprese in questa unità preparano le miscele di sabbie, pietrisco e cemento più adatte e colano gli impasti di calcestruzzo edificando le strutture progettate.
CP-2021;5;61230;6123;6.1.2.3.0;Carpentieri e falegnami edili;Le professioni comprese in questa unità costruiscono, montano e manutengono i manufatti in legno che fanno da base o da supporto alle operazioni di costruzione di opere edili, quali le armature e le puntellature volte a sorreggere strutture e a contenere le colate in calcestruzzo e cemento o le controforme per particolari murature e colate.
CP-2021;5;61240;6124;6.1.2.4.0;Ponteggiatori;Le professioni comprese in questa unità costruiscono ed installano ponteggi in ferro o in legno per consentire l’accesso alle strutture di edifici in costruzione, l’innalzamento delle strutture murarie e la tinteggiatura, pulizia o manutenzione delle stesse.
CP-2021;5;61251;6125;6.1.2.5.1;Armatori di gallerie e pozzi;Le professioni comprese in questa unità costruiscono e rinforzano con strutture di sostegno gallerie, cunicoli e piccoli tunnel di comunicazione.
CP-2021;5;61252;6125;6.1.2.5.2;Armatori di ferrovie;Le professioni comprese in questa unità preparano le massicciate, posizionano le traversine, posano i binari, montano e manutengono ferrovie e altre strade ferrate
CP-2021;5;61261;6126;6.1.2.6.1;Asfaltisti;Le professioni comprese in questa unità pavimentano strade e altre superfici utilizzando tecniche e materiali diversi ovvero preparano impasti bituminosi per gli asfalti, li posano preparando il substrato, ne verificano l’adesione e li comprimono per raggiungere la giusta compattezza e resistenza alle sollecitazioni.
CP-2021;5;61262;6126;6.1.2.6.2;Lastricatori e pavimentatori stradali;Le professioni comprese in questa unità lastricano strade e altre superfici con colate di cemento, posando lastre di materiali diversi, selci, ciottoli o altri materiali resistenti all’attrito.
CP-2021;5;61270;6127;6.1.2.7.0;Montatori di manufatti prefabbricati e di preformati;Le professioni comprese in questa unità edificano manufatti montando e assemblando, su adeguati basamenti e supporti, parti prefabbricate o preformate in cemento armato o in altri materiali usati in edilizia, le saldano fra loro rendendo agibili per gli usi previsti le strutture così costruite.
CP-2021;5;61310;6131;6.1.3.1.0;Copritetti e impermeabilizzatori di solai;"Le professioni comprese in questa unità si occupano della sistemazione definitiva dei tetti e della relativa manutenzione; rivestono i solai con asfalto, bitume, tegole, legno o altri materiali; installano grondaie e pluviali ed eseguono lavori di impermeabilizzazione e coibentazione."
CP-2021;5;61321;6132;6.1.3.2.1;Posatori di pavimenti;Le professioni comprese in questa unità si occupano della posatura e della riparazione di pavimenti in mosaico, marmo, pietra, ceramica, cotto, vetrocemento o in altri materiali duri.
CP-2021;5;61322;6132;6.1.3.2.2;Rifinitori di pavimenti;Le professioni comprese in questa unità eliminano le imperfezioni di posa dai pavimenti in mosaico, marmo, pietra, ceramica, cotto, vetrocemento o in altri materiali duri, arrotandoli, lucidandoli e curandone la manutenzione.
CP-2021;5;61323;6132;6.1.3.2.3;Piastrellisti e rivestimentisti in pietra e materiali assimilati;Le professioni comprese in questa unità rivestono le pareti applicando maioliche, marmi, pietre, ceramiche o altri materiali duri da rifinitura e ornamento
CP-2021;5;61324;6132;6.1.3.2.4;Parchettisti e posatori di pavimenti e rivestimenti sintetici e in legno;Le professioni comprese in questa unità posano, lamano, rifiniscono e lucidano pavimenti e parquet in legno o in altri materiali sintetici.
CP-2021;5;61330;6133;6.1.3.3.0;Intonacatori;Le professioni comprese in questa unità preparano le malte, i gessi o altri materiali da rinzaffo e intonacatura, li stendono in uno o più strati sulle pareti grezze del fabbricato rifinendole per agevolarne la pittura o l'applicazione di rivestimenti di altro tipo.
CP-2021;5;61340;6134;6.1.3.4.0;Installatori di impianti di isolamento e insonorizzazione;Le professioni comprese in questa unità provvedono alla scelta e alla installazione di barriere fisiche, quali pannelli, schiume e resine dotate di proprietà coibentanti e fonoassorbenti, contenute all'interno di opere murarie o a vista, per ridurre gli scambi energetici fra l’interno e l’esterno degli edifici e/o per attenuare la rumorosità ambientale.
CP-2021;5;61350;6135;6.1.3.5.0;Vetrai;Le professioni comprese in questa unità provvedono alla scelta, al taglio, alla lavorazione, alla sostituzione e alla installazione di vetri e specchi su porte, finestre, lucernai, vetrine, espositori, facciate di edifici, pareti interne, soffitti, ripiani, garantendo la sicurezza delle installazioni, la loro tenuta statica e le condizioni per resistere agli agenti atmosferici e alle sollecitazioni standard per gli usi individuati.
CP-2021;5;61361;6136;6.1.3.6.1;Idraulici nelle costruzioni civili;Le professioni comprese in questa unità si occupano della costruzione, della messa in opera secondo le norme e della manutenzione degli impianti idraulici nei manufatti edilizi ovvero installano, riparano e manutengono le tubazioni di scarico delle acque reflue e di adduzione di gas e di acqua potabile o sanitaria, calda o fredda, ai servizi di abitazioni o di altre costruzioni civili, ne definiscono e ne regolano la portata considerando le pressioni disponibili e le pendenze da superare, utilizzano i materiali prescritti dalle norme.
CP-2021;5;61362;6136;6.1.3.6.2;Installatori di impianti termici nelle costruzioni civili;Le professioni comprese in questa unità installano, riparano e manutengono gli impianti di riscaldamento e di condizionamento degli edifici utilizzando le tubature di alimentazione, le superfici e i sistemi radianti, i supporti, le coibentazioni e le apparecchiature prescritti dalle norme.
CP-2021;5;61370;6137;6.1.3.7.0;Elettricisti ed installatori di impianti elettrici nelle costruzioni civili;Le professioni comprese in questa unità si occupano della installazione, della riparazione e della manutenzione, secondo norma, degli impianti elettrici di edifici adibiti ad usi civili o provvedono all’adattamento di impianti elettrici già esistenti installando linee, interruttori e prese adatti all’assorbimento di energia delle singole apparecchiature previste, sistemi di illuminazione, apparati di sicurezza, linee telefoniche, televisive e di trasmissione dati.
CP-2021;5;61380;6138;6.1.3.8.0;Installatori di infissi e serramenti;Le professioni comprese in questa unità installano, riparano e manutengono infissi, avvolgibili, serrande ed altra serramenteria all’interno o all’esterno degli edifici.
CP-2021;5;61411;6141;6.1.4.1.1;Pittori edili;"Le professioni comprese in questa unità si occupano della finitura di pareti, superfici o di altri elementi di costruzioni e manufatti edili pitturando pareti, impianti, edifici, ponti ed altri manufatti edili; dipingono insegne, cartelli e indicazioni; tracciano e realizzano segnaletiche orizzontali di strade o di altre strutture."
CP-2021;5;61412;6141;6.1.4.1.2;Decoratori e stuccatori edili;"Le professioni comprese in questa unità si occupano della decorazione di pareti, superfici o di altri elementi di costruzioni e manufatti edili; applicano stucchi ornamentali e realizzano decorazioni a stucco."
CP-2021;5;61420;6142;6.1.4.2.0;Pulitori di facciate;Le professioni comprese in questa unità provvedono alla rimozione dalle facciate degli edifici o di altri manufatti edili di patine e sedimenti depositati nel tempo da agenti atmosferici o di altro tipo, utilizzando tecniche di intervento fisico (scrostatura manuale, lavaggio, acqua o sabbia in pressione, vapore) o chimico (solventi, acidi o altri agenti) e all’eventuale applicazione di materiali protettivi.
CP-2021;5;61510;6151;6.1.5.1.0;Operai addetti ai servizi di igiene e pulizia;"Le professioni comprese in questa unità svolgono attività di igienizzazione su vasta scala degli ambienti interni ed esterni di edifici e di altri manufatti edili, in genere con l'ausilio di macchinari, tecniche e materiali specifici; ne eseguono la pulizia straordinaria; la disinfezione e la disinfestazione da parassiti, roditori o da altri animali."
CP-2021;5;61520;6152;6.1.5.2.0;Operai addetti alla manutenzione degli impianti fognari;Le professioni comprese in questa unità costruiscono, riparano e si occupano della manutenzione degli impianti fognari di edifici civili o di altri manufatti edili.
CP-2021;5;62111;6211;6.2.1.1.1;Fonditori;Le professioni comprese in questa unità si occupano della prima lavorazione dei metalli ovvero fondono i metalli utilizzando appositi forni e crogioli.
CP-2021;5;62112;6211;6.2.1.1.2;Formatori e animisti;Le professioni comprese in questa unità si occupano della prima lavorazione dei metalli ovvero predispongono le forme entro cui colare il metallo fuso, colano, raffreddano ed estraggono il manufatto così realizzato.
CP-2021;5;62120;6212;6.2.1.2.0;Saldatori e tagliatori a fiamma;Le professioni comprese in questa unità eseguono, con cannelli a combustione controllata di gas, saldature di parti in metallo, tagliando parti di spessore e dimensioni diverse.
CP-2021;5;62131;6213;6.2.1.3.1;Lattonieri e calderai;Le professioni comprese in questa unità si occupano della lavorazione della lamiera sottile ovvero creano manualmente manufatti e oggetti di lattoneria, di forma anche complessa, asportando e deformando, a freddo o a caldo, la lamiera.
CP-2021;5;62132;6213;6.2.1.3.2;Tracciatori;Le professioni comprese in questa unità si occupano della lavorazione della lamiera sottile ovvero incidono o tracciano le linee che delimitano il materiale da asportare e i punti dove intervenire per formare, con lavorazioni successive, il manufatto progettato.
CP-2021;5;62140;6214;6.2.1.4.0;Carpentieri e montatori di carpenteria metallica;Le professioni comprese in questa unità si occupano, in officina o in cantiere, della costruzione e dell’assemblaggio di elementi e giunti metallici di strutture portanti, di tubi e di condotte in campo civile, navale, aeronautico e ferroviario.
CP-2021;5;62150;6215;6.2.1.5.0;Attrezzatori e montatori di cavi metallici per uso industriale e di trasporto;Le professioni comprese in questa unità predispongono, posano e montano cavi metallici di sostegno di strutture fisse (ponti sospesi) o semoventi per il trasporto di merci o passeggeri (ascensori, impianti di sollevamento, funivia, ponti levatoi, etc.).
CP-2021;5;62160;6216;6.2.1.6.0;Sommozzatori e lavoratori subacquei;Le professioni comprese in questa unità costruiscono, montano, riparano o manutengono strutture e manufatti metallici posati al di sotto della superficie del mare
CP-2021;5;62170;6217;6.2.1.7.0;Saldatori elettrici e a norme ASME;Le professioni comprese in questa unità si occupano della saldatura elettrica di parti in metallo con strumenti o tecnologie diverse, in officina o in cantiere.
CP-2021;5;62181;6218;6.2.1.8.1;Carrozzieri;Le professioni comprese in questa unità lavorano lamiere non sottili ovvero riparano carrozzerie e scocche e le costruiscono artigianalmente.
CP-2021;5;62182;6218;6.2.1.8.2;Stampatori e piegatori di lamiere;Le professioni comprese in questa unità lavorano lamiere non sottili ovvero tagliano, piegano e lavorano lamiere, per asportazione e deformazione, per costruire stampi o altri manufatti.
CP-2021;5;62211;6221;6.2.2.1.1;Fabbri;Le professioni comprese in questa unità lavorano manualmente, anche con l’ausilio di macchine non automatiche o semi-automatiche, lingotti, lamiere e profilati in metallo ovvero realizzano sia singoli manufatti in ferro, bronzo, alluminio, metallo, ottone che manufatti composti da più parti che assemblano.
CP-2021;5;62212;6221;6.2.2.1.2;Fucinatori e forgiatori;Le professioni comprese in questa unità lavorano manualmente, anche con l’ausilio di macchine non automatiche o semi-automatiche, lingotti, lamiere e profilati in metallo ovvero trasformano e modellano a caldo, nei manufatti progettati, lingotti o profilati metallici.
CP-2021;5;62220;6222;6.2.2.2.0;Costruttori di utensili, modellatori e tracciatori meccanici;Le professioni comprese in questa unità costruiscono, manualmente o con l’ausilio di macchine non automatiche o semi-automatiche, utensili e attrezzi, tracciano e modellano i blocchi di metallo per realizzare l’utensile o il manufatto progettato.
CP-2021;5;62231;6223;6.2.2.3.1;Attrezzisti di macchine utensili;"Le professioni comprese in questa unità provvedono alla preparazione di macchine utensili di precisione e alla realizzazione, con tali macchine, del primo pezzo o di manufatti non in serie ovvero provvedono ad attrezzare e a tarare torni, presse, fresatrici con gli utensili necessari al tipo di lavorazione da eseguire; rifiniscono, manualmente o con l’impiego di tali macchine utensili, le superfici, piane o curve, di manufatti in metallo, eseguendo la rettifica di precisione di superfici curve per eliminare imperfezioni o deformazioni delle stesse, portandole alle dimensioni previste."
CP-2021;5;62232;6223;6.2.2.3.2;Aggiustatori meccanici;Le professioni comprese in questa unità provvedono all’aggiustamento e alla correzione manuale degli utensili da utilizzare ed eventualmente degli stessi manufatti realizzati.
CP-2021;5;62311;6231;6.2.3.1.1;Meccanici motoristi e riparatori di veicoli a motore;Le professioni comprese in questa unità provvedono alla manutenzione dei veicoli a motore ovvero identificano e rimuovono le cause di malfunzionamento, riparando i guasti o sostituendo i componenti danneggiati dei motori, dei loro sistemi di alimentazione e di raffreddamento, degli apparati di trasmissione e di guida di veicoli a motore terrestri e di motocicli.
CP-2021;5;62312;6231;6.2.3.1.2;Gommisti;Le professioni comprese in questa unità riparano e sostituiscono pneumatici, equilibrandoli e tarando l’assetto di guida dei veicoli.
CP-2021;5;62313;6231;6.2.3.1.3;Meccanici di biciclette e veicoli assimilati;Le professioni comprese in questa unità riparano biciclette e veicoli non a motore e le loro parti.
CP-2021;5;62320;6232;6.2.3.2.0;Meccanici, riparatori e manutentori di aerei;Le professioni comprese in questa unità svolgono attività sistematiche di controllo e manutenzione delle parti meccaniche e dei motori degli aeromobili, ne diagnosticano i malfunzionamenti, ne identificano e prevengono eventuali cause, definiscono le modalità di intervento nel rispetto delle normative internazionali, sostituiscono le parti non funzionanti con pezzi di ricambio o intervengono con specifiche tecnologie e attrezzature per il loro ripristino.
CP-2021;5;62331;6233;6.2.3.3.1;Riparatori e manutentori di macchinari e impianti industriali;Le professioni comprese in questa unità costruiscono artigianalmente, manutengono e riparano, in officina o sugli impianti stessi, macchinari, impianti industriali o le loro parti.
CP-2021;5;62332;6233;6.2.3.3.2;Installatori e montatori di macchinari e impianti industriali;Le professioni comprese in questa unità montano i componenti di macchinari e impianti industriali nei luoghi di installazione partendo da progetti, istruzioni o da altre rappresentazioni, verificano la corrispondenza del contesto ai requisiti richiesti, modificano o adattano eventualmente le parti da montare e collaudano le macchine o gli impianti così realizzati.
CP-2021;5;62341;6234;6.2.3.4.1;Frigoristi industriali;Le professioni comprese in questa unità installano, manutengono e riparano macchine e impianti frigoriferi ad uso industriale o le loro parti.
CP-2021;5;62342;6234;6.2.3.4.2;Frigoristi navali;Le professioni comprese in questa unità installano, manutengono e riparano impianti e sistemi di refrigerazione e di condizionamento e i relativi componenti a bordo di navi o di altri mezzi di trasporto marittimo.
CP-2021;5;62351;6235;6.2.3.5.1;Riparatori e manutentori di apparecchi e impianti termoidraulici industriali;Le professioni comprese in questa unità riparano e manutengono in ambito industriale gli impianti e gli apparecchi di riscaldamento e di condizionamento dell’aria, dell’acqua o di altri fluidi.
CP-2021;5;62352;6235;6.2.3.5.2;Installatori e montatori di apparecchi e impianti termoidraulici industriali;"Le professioni comprese in questa unità installano e montano in ambito industriale gli impianti e gli apparecchi di riscaldamento e di condizionamento dell’aria, dell’acqua o di altri fluidi e le loro parti, verificano i contesti dove impianti e apparati opereranno individuando gli adattamenti e le installazioni più adeguate; collaudano e verificano le condizioni di operatività dei sistemi installati."
CP-2021;5;62360;6236;6.2.3.6.0;Meccanici collaudatori;Le professioni comprese in questa unità collaudano e verificano l'effettivo rispetto degli standard fisici e di prestazione progettati di motori, macchine e alti apparati meccanici, attraverso operazioni di misura -manuali o supportate da tecnologie ed attrezzature particolari- sul complesso dell’apparato o sulle sue singole parti, siano esse fisse o in movimento.
CP-2021;5;62370;6237;6.2.3.7.0;Verniciatori artigianali ed industriali;Le professioni comprese in questa unità preparano, scegliendo e operando i trattamenti preliminari, superfici metalliche e le verniciano utilizzando tecnologie e attrezzature prevalentemente manuali.
CP-2021;5;62381;6238;6.2.3.8.1;Attrezzisti navali;Le professioni comprese in questa unità provvedono alla manutenzione e alla riparazione delle macchine di bordo ovvero riparano, adattano o realizzano, con le macchine utensili disponibili a bordo, parti o pezzi di ricambio dei diversi apparati meccanici.
CP-2021;5;62382;6238;6.2.3.8.2;Meccanici e motoristi navali;Le professioni comprese in questa unità provvedono alla manutenzione e alla riparazione delle macchine di bordo ovvero identificano e rimuovono le cause di malfunzionamento, riparando i guasti o sostituendo i componenti danneggiati dei motori, degli apparati di trasmissione del moto e di guida della nave.
CP-2021;5;62411;6241;6.2.4.1.1;Installatori e riparatori di impianti elettrici industriali;Le professioni comprese in questa unità, considerando disegni o altre rappresentazioni schematiche installano, riparano e verificano impianti elettrici industriali o specifici per particolari apparati, cabine e trasformatori elettrici.
CP-2021;5;62412;6241;6.2.4.1.2;Riparatori di apparecchi elettrici e di elettrodomestici;Le professioni comprese in questa unità riparano elettrodomestici o altri apparati e apparecchi elettrici.
CP-2021;5;62413;6241;6.2.4.1.3;Elettromeccanici;Le professioni comprese in questa unità costruiscono, manualmente o con l’ausilio di attrezzature semi-automatiche, montano, riparano e testano avvolgimenti per bobine, rotori e statori di apparati di trasformazione dell’energia elettrica.
CP-2021;5;62414;6241;6.2.4.1.4;Installatori e riparatori di apparati di produzione e conservazione dell'energia elettrica;Le professioni comprese in questa unità professionale installano, riparano e manutengono apparati di produzione e conservazione dell’energia elettrica e i relativi sistemi di controllo e misura.
CP-2021;5;62415;6241;6.2.4.1.5;Elettrauto;Le professioni comprese in questa unità installano, riparano e manutengono gli impianti e gli apparati elettrici ed elettronici degli autoveicoli.
CP-2021;5;62420;6242;6.2.4.2.0;Manutentori e riparatori di apparati elettronici industriali;Le professioni comprese in questa unità, considerando disegni o altre rappresentazioni schematiche, riparano, sostituiscono parti e testano grandi apparati elettronici e strumenti elettronici di misura, agendo in laboratorio o direttamente sui luoghi in cui sono installati.
CP-2021;5;62430;6243;6.2.4.3.0;Riparatori di apparecchi radio televisivi;Le professioni comprese in questa unità, considerando disegni o altre rappresentazioni schematiche, riparano, sostituiscono parti e testano apparecchi di ricezione radio-televisiva, agendo in laboratorio o direttamente sui luoghi in cui sono installati.
CP-2021;5;62440;6244;6.2.4.4.0;Installatori e riparatori di apparati di telecomunicazione;Le professioni comprese in questa unità, considerando disegni o altre rappresentazioni schematiche, installano, riparano, sostituiscono parti e testano apparati telefonici e di telecomunicazione, agendo in laboratorio, in centrali di commutazione, lungo le reti fisiche o direttamente sui luoghi in cui sono installati.
CP-2021;5;62450;6245;6.2.4.5.0;Installatori, manutentori e riparatori di linee elettriche, cavisti;Le professioni comprese in questa unità posano, riparano e manutengono i cavi di elettrodotti e di altre linee aeree e sotterranee di distribuzione di energia elettrica ad alta e a bassa tensione, ne curano la posa su isolatori o in sedi protette, la loro giunzione fisica e le connessioni con gli apparati di produzione, trasformazione ed utilizzo dell’energia trasportata.
CP-2021;5;62460;6246;6.2.4.6.0;Installatori, manutentori e riparatori di apparecchiature informatiche;"Le professioni comprese in questa unità installano, riparano e testano apparecchiature informatiche; installano, manutengono e sostituiscono parti di personal computer e delle loro componenti periferiche."
CP-2021;5;63110;6311;6.3.1.1.0;Meccanici di precisione;Le professioni comprese in questa unità costruiscono, riparano e tarano strumenti e manufatti di precisione ovvero realizzano, anche con l’ausilio di macchine utensili semiautomatiche, montano, controllano e mettono a punto, riparano e sostituiscono parti di manufatti e di strumenti di precisione.
CP-2021;5;63120;6312;6.3.1.2.0;Meccanici e riparatori di protesi, di ortesi, di tutori ortopedici e assimilati;Le professioni comprese in questa unità realizzano e riparano protesi, ortesi, tutori ortopedici e simili per il ripristino delle funzionalità e la riduzione delle disabilità fisiche nell’uomo, rispettando standard medicali e sottoponendo gli apparecchi realizzati a collaudo tecnico.
CP-2021;5;63131;6313;6.3.1.3.1;Accordatori di strumenti musicali;Le professioni comprese in questa unità accordano strumenti nei laboratori e nei luoghi in cui sono collocati, utilizzando l’apposita strumentazione di paragone e intonandoli anche secondo il tipo di musica da suonare e i gusti dello strumentista.
CP-2021;5;63132;6313;6.3.1.3.2;Addetti alla costruzione e riparazione di strumenti musicali;Le professioni comprese in questa unità costruiscono artigianalmente, riparano, restaurano e si occupano della manutenzione di strumenti musicali e delle loro parti non elettroniche.
CP-2021;5;63140;6314;6.3.1.4.0;Addetti alla costruzione e riparazione di orologi;Le professioni comprese in questa unità costruiscono, riparano e manutengono orologi di vario tipo e dimensione.
CP-2021;5;63151;6315;6.3.1.5.1;Addetti alla produzione di lenti e occhiali;Le professioni comprese in questa unità lavorano il vetro o altri materiali adatti allo scopo per attribuirvi le proprietà richieste dalle lenti, ovvero rifiniscono e formano le lenti così realizzate anche per montarle su occhiali.
CP-2021;5;63152;6315;6.3.1.5.2;Addetti alla produzione di apparecchi ottici;Le professioni comprese in questa unità lavorano il vetro o altri materiali adatti allo scopo per attribuirvi le proprietà richieste dalle lenti ovvero costruiscono, montano, tarano e riparano apparecchiature ottiche per fini scientifici.
CP-2021;5;63161;6316;6.3.1.6.1;Orafi;Le professioni comprese in questa unità lavorano, anche artigianalmente, metalli, pietre preziose e materiali simili per produrre oggetti ornamentali ovvero fondono, trafilano, formano, saldano, puliscono e levigano oro e altri metalli preziosi, costruendo artigianalmente e riparando gioielli ed altri articoli di oreficeria.
CP-2021;5;63162;6316;6.3.1.6.2;Addetti alla lavorazione di pietre preziose e dure;Le professioni comprese in questa unità lavorano, anche artigianalmente, pietre preziose e materiali simili per produrre oggetti ornamentali ovvero tagliano, sfaccettano e levigano pietre preziose secondo modelli adatti ad amplificarne brillantezza e luce.
CP-2021;5;63163;6316;6.3.1.6.3;Addetti alla lavorazione di bigiotteria;Le professioni comprese in questa unità costruiscono artigianalmente articoli di bigiotteria, rosari e articoli simili.
CP-2021;5;63211;6321;6.3.2.1.1;Vasai e terracottai;Le professioni comprese in questa unità realizzano oggetti e manufatti utilizzando come materia prima impasti di terre e altri supporti inorganici lavorati e formati con stampi, torni o altre tecniche e successivamente sottoposti a varie tipologie di trattamenti termici ovvero lavorano e realizzano oggetti in terracotta, in maiolica, paste refrattarie e abrasive.
CP-2021;5;63212;6321;6.3.2.1.2;Ceramisti;Le professioni comprese in questa unità realizzano oggetti e manufatti in ceramica e porcellana.
CP-2021;5;63221;6322;6.3.2.2.1;Soffiatori e modellatori del vetro;Le professioni comprese in questa unità lavorano il vetro per produrre oggetti e manufatti di varia natura ovvero fondono e modellano per soffiatura il vetro, realizzando oggetti e manufatti di artigianato artistico.
CP-2021;5;63222;6322;6.3.2.2.2;Tagliatori, molatori e levigatori del vetro;Le professioni comprese in questa unità tagliano, molano e levigano a freddo e temperano il vetro con l’ausilio di macchine semiautomatiche, realizzando vetrerie e manufatti in vetro di vario genere ed uso.
CP-2021;5;63230;6323;6.3.2.3.0;Incisori ed acquafortisti su vetro;Le professioni comprese in questa unità incidono il vetro con mezzi meccanici e chimici per realizzare oggetti e manufatti per fini decorativi.
CP-2021;5;63240;6324;6.3.2.4.0;Pittori e decoratori su vetro e ceramica;Le professioni comprese in questa unità decorano, argentano, dorano, laccano, smaltano e ritoccano manufatti finiti in vetro e ceramica.
CP-2021;5;63311;6331;6.3.3.1.1;Cartapestai;Le professioni comprese in questa unità lavorano artigianalmente realizzando, rifinendo e riparando oggetti e manufatti in cartapesta.
CP-2021;5;63312;6331;6.3.3.1.2;Incisori e intarsiatori su legno;"Le professioni comprese in questa unità lavorano artigianalmente il legno e i suoi derivati, ovvero intarsiano, incidono e intagliano il legno per realizzare oggetti e manufatti ornamentali o per decorare e impreziosire mobili, porte o altri prodotti in legno; riparano e restaurano mobili e oggetti ornamentali di particolare rifinitura, utilizzando legni pregiati."
CP-2021;5;63321;6332;6.3.3.2.1;Artigiani di prodotti tessili artistici lavorati a mano;Le professioni comprese in questa unità lavorano artigianalmente il tessuto ovvero realizzano manufatti e oggetti di artigianato artistico in tessuto, maglia o in altre fibre tessili.
CP-2021;5;63322;6332;6.3.3.2.2;Artigiani di prodotti artistici in pelle e cuoio lavorati a mano;Le professioni comprese in questa unità lavorano artigianalmente realizzando manufatti e oggetti di artigianato artistico in cuoio, in pelle o materiali simili.
CP-2021;5;63410;6341;6.3.4.1.0;Operatori delle attività poligrafiche di pre-stampa;Le professioni comprese in questa unità si occupano della disposizione manuale con caratteri mobili, meccanica o digitale del testo, delle immagini e di altri segni da riprodurre sul supporto da stampare, definendo dimensioni delle immagini e dei caratteri, spaziature e crenature, allineamenti, interlinee e quant’altro necessario a disporre il tutto in modo ordinato, leggibile e ben organizzato allo sguardo o al tatto.
CP-2021;5;63420;6342;6.3.4.2.0;Stampatori offset e alla rotativa;Le professioni comprese in questa unità stampano testi, disegni, immagini ed altro materiale con macchine offset o di altro tipo basate sull’impressione di superfici curve, curano il posizionamento delle matrici, regolano l'inchiostratura, la successione dei supporti da stampare o la continuità della bobina di carta.
CP-2021;5;63430;6343;6.3.4.3.0;Zincografi, stereotipisti ed elettrotipisti;Le professioni comprese in questa unità generano la matrice di stampa utilizzando tecniche di incisione chimica, per calco o fusione del bassorilievo tipografico o per deposito elettrolitico o galvanoplastico.
CP-2021;5;63441;6344;6.3.4.4.1;Artigiani acquafortisti;Le professioni comprese in questa unità applicano tecniche di incisione chimica per generare tipi diversi di matrici da stampa, ovvero incidono su lastre metalliche protette da vernici asportando rispettivamente le immagini positive e negative con soluzioni chimiche.
CP-2021;5;63442;6344;6.3.4.4.2;Litografi, serigrafisti e incisori tipografici;Le professioni comprese in questa unità applicano tecniche di incisione manuale e chimica per generare tipi diversi di matrici da stampa, ovvero riportano gli oggetti da riprodurre su seta trattata con soluzioni fotosensibili, su pietre calcaree o su lastre di metallo poroso fissando, in positivo, sul supporto sostanze grasse idrorepellenti e lipofile.
CP-2021;5;63450;6345;6.3.4.5.0;Rilegatori e rifinitori post stampa;Le professioni comprese in questa unità assemblano, cuciono, incollano e rifilano i singoli fogli di carta stampata in blocchi e libri applicando copertine o altri tipi di rifiniture.
CP-2021;5;64110;6411;6.4.1.1.0;Agricoltori e operai agricoli specializzati di colture in pieno campo;Le professioni comprese in questa unità curano e mettono a produzione colture in pieno campo di cereali, verdure, tabacco, girasole, piante medicinali, fieno ed altre produzioni alimentari o destinate alla trasformazione e alla produzione industriale.
CP-2021;5;64120;6412;6.4.1.2.0;Agricoltori e operai agricoli specializzati di coltivazioni legnose agrarie;Le professioni comprese in questa unità curano e mettono a produzione viti, alberi da frutta e da legno, olivi ed altre produzioni legnose destinate all’alimentazione o alla trasformazione e alla produzione industriale.
CP-2021;5;64131;6413;6.4.1.3.1;Agricoltori e operai agricoli specializzati di giardini e vivai, di coltivazioni di fiori e piante ornamentali;"Le professioni comprese in questa unità producono in serre e in tutte le stagioni fiori, piante ornamentali e simili, allevano e selezionano in vivai piante destinate alle coltivazioni agricole; curano l'allestimento di aree verdi, coltivando piante ornamentali e sistemando le aiuole in parchi e giardini."
CP-2021;5;64132;6413;6.4.1.3.2;Agricoltori e operai agricoli specializzati di coltivazioni ortive in serra, di ortive protette o di orti stabili;Le professioni comprese in questa unità coltivano in serre e in orti stabili o protetti ortaggi e prodotti agricoli fuori stagione destinati al consumo alimentare.
CP-2021;5;64140;6414;6.4.1.4.0;Agricoltori e operai agricoli specializzati di colture miste;Le professioni comprese in questa unità curano e mettono a produzione in modo non specialistico o univoco più tipologie di colture (in pieno campo, legnose, vivaistiche, terricole e ortive).
CP-2021;5;64210;6421;6.4.2.1.0;Allevatori e operai specializzati degli allevamenti di bovini ed equini;Le professioni comprese in questa unità allevano, per produrre carne, latte o altri prodotti, bovini ed equini mantenendoli in salute, alimentandoli in stalla o al pascolo, custodendoli, programmandone la riproduzione e assistendoli nei parti, occupandosi della manutenzione degli ambienti connessi all’attività produttiva e delle operazioni di mungitura e di trasformazione e conservazione del latte.
CP-2021;5;64220;6422;6.4.2.2.0;Allevatori e operai specializzati degli allevamenti di ovini e caprini;Le professioni comprese in questa unità allevano, per produrre carne, latte o altri prodotti, ovini e caprini mantenendoli in salute, alimentandoli in stalla o al pascolo, custodendoli, programmandone la riproduzione e assistendoli nei parti, occupandosi della manutenzione degli ambienti connessi all’attività produttiva e delle operazioni di mungitura e di trasformazione e conservazione del latte.
CP-2021;5;64230;6423;6.4.2.3.0;Allevatori e operai specializzati degli allevamenti di suini;Le professioni comprese in questa unità allevano, per produrre carne o altri prodotti, suini mantenendoli in salute, alimentandoli in stalla o al pascolo, custodendoli, programmandone la riproduzione e assistendoli nei parti, occupandosi della manutenzione degli ambienti connessi all’attività produttiva.
CP-2021;5;64240;6424;6.4.2.4.0;Allevatori e operai specializzati degli allevamenti avicoli;Le professioni comprese in questa unità allevano, per produrre carne, uova o altri prodotti, avicoli mantenendoli in salute, alimentandoli in luoghi di stabulazione o sull’aia, custodendoli, programmandone la riproduzione e incubando le uova, occupandosi della manutenzione degli ambienti connessi all’attività produttiva.
CP-2021;5;64250;6425;6.4.2.5.0;Allevatore di bestiame misto;Le professioni comprese in questa unità allevano, per produrre carne, latte uova o altri prodotti, bestiame misto mantenendolo in salute, alimentandolo nei luoghi di stabulazione o sull’aia, custodendolo, programmandone la riproduzione e assistendoli nei parti o incubando le uova, occupandosi della manutenzione degli ambienti connessi all’attività produttiva.
CP-2021;5;64260;6426;6.4.2.6.0;Allevatori e operai specializzati degli allevamenti di insetti;Le professioni comprese in questa unità allevano insetti per produrre bozzoli da seta, miele o altri prodotti, custodendoli e occupandosi della manutenzione degli ambienti connessi all’attività produttiva.
CP-2021;5;64290;6429;6.4.2.9.0;Altri allevatori e operai specializzati della zootecnia;Le professioni comprese in questa unità allevano animali da selvaggina, da pelliccia e altri animali mantenendoli in salute, alimentandoli nei luoghi di stabulazione o sull’aia, custodendoli, programmandone la riproduzione, occupandosi della manutenzione degli ambienti connessi all’attività produttiva.
CP-2021;5;64310;6431;6.4.3.1.0;Allevatori e agricoltori;Le professioni comprese in questa unità curano e mettono a produzione in modo non specialistico o univoco una o più tipologie colturali e di allevamento, seminano, coltivano, raccolgono prodotti agricoli, allevano vari tipi di animali mantenendoli in salute, alimentandoli nei luoghi di stabulazione, custodendoli, programmandone la riproduzione e occupandosi della manutenzione degli ambienti connessi all’attività produttiva.
CP-2021;5;64411;6441;6.4.4.1.1;Abbattitori di alberi e rimboschitori;Le professioni comprese in questa unità curano, conservano e rendono produttive risorse forestali abbattendo o sfoltendo e cimando alberi e arbusti per manutenere il bosco, produrre legna da ardere e legname per l’industria, eseguendo stoccaggi e prime lavorazioni, ripopolando di alberi, piante e animali selvatici gli ecosistemi boschivi.
CP-2021;5;64412;6441;6.4.4.1.2;Sugherai e raccoglitori di resine;Le professioni comprese in questa unità curano, conservano e rendono produttive risorse forestali raccogliendo cortecce, sugheri e resine pregiate.
CP-2021;5;64510;6451;6.4.5.1.0;Acquacoltori;Le professioni comprese in questa unità allevano diverse specie ittiche, curandole, mantenendole in salute, alimentandole in bacini interni, marini o lacustri, programmandone la riproduzione, occupandosi della manutenzione, della pulizia e dell’igiene dei luoghi di allevamento e di altri ambienti connessi all’attività produttiva.
CP-2021;5;64520;6452;6.4.5.2.0;Pescatori della pesca costiera e in acque interne;Le professioni comprese in questa unità si occupano della pesca costiera e in acque interne, svolgono tutte le operazioni relative alla ricerca, l’abbattimento e la cattura di specie ittiche o comunque acquatiche, quali crostacei, molluschi, spugne, telline, destinati all’alimentazione o alla trasformazione industriale.
CP-2021;5;64530;6453;6.4.5.3.0;Pescatori d'alto mare;Le professioni comprese in questa unità ricercano, abbattono e catturano in alto mare pesci, molluschi, crostacei, spugne ed altri prodotti acquatici destinati all’alimentazione o alla trasformazione industriale.
CP-2021;5;64540;6454;6.4.5.4.0;Cacciatori;Le professioni comprese in questa unità ricercano, catturano e abbattono selvaggina da carne o da pelliccia nel suo ambiente naturale.
CP-2021;5;65111;6511;6.5.1.1.1;Macellai e abbattitori di animali;Le professioni comprese in questa unità lavorano o conservano carne fresca da destinare al consumo ovvero macellano gli animali, si occupano della scuoiatura, della pulitura, della sezionatura, del taglio, della pezzatura e dell’eventuale confezionamento e conservazione della carne fresca.
CP-2021;5;65112;6511;6.5.1.1.2;Norcini;Le professioni comprese in questa unità lavorano o conservano carne fresca da destinare al consumo ovvero tritano, speziano, salano, insaccano e conservano carni suine o di altri animali
CP-2021;5;65113;6511;6.5.1.1.3;Pesciaioli;Le professioni comprese in questa unità lavorano o conservano pesce fresco ovvero puliscono, pezzano, salano, marinano prodotti ittici freschi.
CP-2021;5;65114;6511;6.5.1.1.4;Addetti alla conservazione di carni e pesci;Le professioni comprese in questa unità lavorano in cottura, affumicatura o con altre tecniche di conservazione carni e pesce da conservare.
CP-2021;5;65121;6512;6.5.1.2.1;Panettieri;Le professioni comprese in questa unità lavorano le farine in prodotti alimentari per produrre pane ovvero impastano artigianalmente uno o più tipi di farina con o senza lievito e danno all’impasto la forma e la dimensione del pane da infornare e destinare al consumo.
CP-2021;5;65122;6512;6.5.1.2.2;Pastai;Le professioni comprese in questa unità impastano uno o più tipi di farine per produrre paste artigianali alimentari fresche ed essiccate, lavorate o meno con uova, anche ripiene, trafilate o lavorate con altre tecniche.
CP-2021;5;65131;6513;6.5.1.3.1;Pasticcieri e cioccolatai;"Le professioni comprese in questa unità producono artigianalmente dolciumi e alimenti dolci, ovvero preparano e cuociono impasti dolci lievitati e creme; lavorano e montano panna, burro, uova e grassi vegetali; lavorano lo zucchero, grassi e polveri di cacao per produrre cioccolato."
CP-2021;5;65132;6513;6.5.1.3.2;Gelatai;Le professioni comprese in questa unità preparano miscele aromatiche e addensanti per realizzare creme gelato, gelati a base di frutta e granite aromatizzate.
CP-2021;5;65133;6513;6.5.1.3.3;Conservieri;Le professioni comprese in questa unità gelatinizzano e candiscono frutta ed altri prodotti vegetali, li lavorano e cuociono per produrre marmellate e conserve.
CP-2021;5;65140;6514;6.5.1.4.0;Degustatori e classificatori di prodotti alimentari e bevande;Le professioni comprese in questa unità selezionano, classificano e riconoscono le caratteristiche organolettiche di prodotti alimentari e bevande, utilizzando i propri sensi e giudicando secondo standard predefiniti.
CP-2021;5;65150;6515;6.5.1.5.0;Artigiani ed operai specializzati delle lavorazioni artigianali casearie;Le professioni comprese in questa unità lavorano e trasformano latte di varia provenienza per produrre panna, burro, formaggi freschi e stagionati ed altri prodotti caseari.
CP-2021;5;65160;6516;6.5.1.6.0;Operai specializzati della preparazione e della lavorazione delle foglie di tabacco;Le professioni comprese in questa unità scelgono, essiccano, lavorano e trattano, sottoponendole a vari tipi di concia, le foglie di tabacco per produrre sigari, tabacco da masticare e miscele triturate da annusare o fumare in pipe o sigarette.
CP-2021;5;65211;6521;6.5.2.1.1;Stagionatori ed operai specializzati del primo trattamento del legno;Le professioni comprese in questa unità provvedono al primo trattamento del legno ovvero tagliano e pezzano i tronchi tenendo conto dell'uso e del valore del materiale che si intende ottenere, provvedono alla stagionatura, naturale o in forno, del materiale ricavato e ad eventuali trattamenti chimici dello stesso.
CP-2021;5;65212;6521;6.5.2.1.2;Curvatori, sagomatori ed operai specializzati della prima lavorazione del legno;Le professioni comprese in questa unità curvano e sagomano assi e tavole secondo standard predefiniti.
CP-2021;5;65221;6522;6.5.2.2.1;Attrezzisti di falegnameria;Le professioni comprese in questa unità lavorano artigianalmente il legno realizzando infissi, mobili o altri manufatti, ovvero si occupano della sgrossatura e della prima trasformazione delle assi in legno con l’ausilio di macchine utensili manuali o semi automatiche (seghe a nastro e circolari, piallatrici, levigatrici, frese a pantografo).
CP-2021;5;65222;6522;6.5.2.2.2;Falegnami;Le professioni comprese in questa unità lavorano artigianalmente il legno realizzando infissi, mobili o altri manufatti, ovvero realizzano e riparano infissi, porte finestre e altri serramenti in legno, casse, botti, doghe, bauli, carrozze, scheletri, sostegni e simili manufatti di carpenteria in legno.
CP-2021;5;65223;6522;6.5.2.2.3;Montatori di mobili;Le professioni comprese in questa unità montano e smontano mobili e componenti di arredamento su misura e componibili, in legno ed altri materiali
CP-2021;5;65231;6523;6.5.2.3.1;Impagliatori e lavoranti in vimini e setole;Le professioni comprese in questa unità trattano vimine, paglia e crine vegetale per realizzare cappelli, cesti, canestri, pennelli, spazzole ed altri oggetti simili.
CP-2021;5;65232;6523;6.5.2.3.2;Cordai e intrecciatori di fibre;Le professioni comprese in questa unità intrecciano fibre di vario genere per produrre corde e reti.
CP-2021;5;65233;6523;6.5.2.3.3;Lavoranti in giunco e canna;Le professioni comprese in questa unità lavorano giunchi e canne per realizzare mobili, complementi di arredo o altri tipologie di prodotto.
CP-2021;5;65234;6523;6.5.2.3.4;Lavoranti in sughero e spugna;Le professioni comprese in questa unità trattano e lavorano il sughero e le spugne per produrre diverse tipologie di oggetti e di complementi ornamentali
CP-2021;5;65310;6531;6.5.3.1.0;Preparatori di fibre;Le professioni comprese in questa unità provvedono alla prima lavorazione e al primo trattamento, anche chimico, delle fibre vegetali e non, producendo filati di vario genere per la tessitura o altre lavorazioni.
CP-2021;5;65321;6532;6.5.3.2.1;Tessitori;Le professioni comprese in questa unità provvedono artigianalmente a tessere filati e maglie, realizzando e rifinendo tessuti, arazzi, tappeti o manufatti simili a mano o con l’ausilio di macchine semiautomatiche.
CP-2021;5;65322;6532;6.5.3.2.2;Maglieristi;Le professioni comprese in questa unità confezionano e rifiniscono artigianalmente capi di maglieria.
CP-2021;5;65323;6532;6.5.3.2.3;Tintori e addetti al trattamento chimico dei tessuti;Le professioni comprese in questa unità colorano i tessuti artigianalmente e li sottopongono ad eventuali trattamenti chimici.
CP-2021;5;65331;6533;6.5.3.3.1;Modellisti di capi di abbigliamento;Le professioni comprese in questa unità riportano su cartamodello i disegni del capo di abbigliamento da realizzare dimensionandoli alle misure del cliente o a misure standard.
CP-2021;5;65332;6533;6.5.3.3.2;Tagliatori di capi di abbigliamento;Le professioni comprese in questa unità tagliano il capo di abbigliamento per intero o nelle sue parti in sartorie semiartigianali.
CP-2021;5;65333;6533;6.5.3.3.3;Confezionatori di capi di abbigliamento;Le professioni comprese in questa unità confezionano il capo di abbigliamento per intero o nelle sue parti in sartorie semiartigianali.
CP-2021;5;65334;6533;6.5.3.3.4;Sarti;Le professioni comprese in questa unità disegnano, tagliano e confezionano l’intero capo di abbigliamento su misura del cliente.
CP-2021;5;65335;6533;6.5.3.3.5;Cappellai;Le professioni comprese in questa unità realizzano cappelli in tessuto, lana o feltro.
CP-2021;5;65341;6534;6.5.3.4.1;Modellisti di pellicceria e di capi in pelle;Le professioni comprese in questa unità riportano su cartamodello i disegni del capo da realizzare in pelle o pelliccia dimensionandoli alle misure del cliente o a misure standard.
CP-2021;5;65342;6534;6.5.3.4.2;Tagliatori di pellicceria e di capi in pelle;Le professioni comprese in questa unità tagliano il capo o il complemento di abbigliamento in pelle o pelliccia per intero o nelle sue parti in laboratori semiartigianali.
CP-2021;5;65343;6534;6.5.3.4.3;Confezionatori di pellicceria e di capi in pelle;Le professioni comprese in questa unità confezionano il capo o il complemento di abbigliamento in pelle o pelliccia per intero o nelle sue parti in laboratori semiartigianali.
CP-2021;5;65344;6534;6.5.3.4.4;Pellicciai e sarti in pelle;Le professioni comprese in questa unità disegnano, tagliano e confezionano l’intero capo in pelle o pelliccia su misura del cliente.
CP-2021;5;65351;6535;6.5.3.5.1;Confezionatori e rifinitori di biancheria intima;Le professioni comprese in questa unità realizzano artigianalmente capi di biancheria e relative rifiniture ovvero tagliano, cuciono, confezionano, rifiniscono e guarniscono capi di abbigliamento intimo.
CP-2021;5;65352;6535;6.5.3.5.2;Confezionatori e rifinitori di biancheria per la casa;Le professioni comprese in questa unità realizzano artigianalmente biancheria per la casa.
CP-2021;5;65353;6535;6.5.3.5.3;Merlettai e ricamatrici a mano;Le professioni comprese in questa unità realizzano merletti, ricami, anche con fili d’oro e d'argento, fiocchi, nastri, decorazioni con pajettes e grani colorati.
CP-2021;5;65354;6535;6.5.3.5.4;Bottonai;Le professioni comprese in questa unità producono bottoni di forma e materiali diversi.
CP-2021;5;65361;6536;6.5.3.6.1;Confezionatori di tende e drappeggi;"Le professioni comprese in questa unità realizzano ornamenti in tessuto o pelle per interni ovvero tagliano, confezionano, montano, riparano e restaurano tende, drappeggi e imbottiture su pareti, porte e finestre; realizzano piccoli complementi di arredo in tessuto."
CP-2021;5;65362;6536;6.5.3.6.2;Modellisti di poltrone e divani;Le professioni comprese in questa unità trasferiscono su dime e sagome i disegni degli scheletri, delle imbottiture e dei rivestimenti di poltrone, divani, pouf e simili, dimensionandoli ai manufatti da realizzare.
CP-2021;5;65363;6536;6.5.3.6.3;Tagliatori di imbottiture e rivestimenti di poltrone e divani;Le professioni comprese in questa unità realizzano gli scheletri e le imbottiture di poltrone, divani, pouf e simili, e ne tagliano i rivestimenti in laboratori o industrie semiartigianali secondo standard e linee definite.
CP-2021;5;65364;6536;6.5.3.6.4;Confezionatori di poltrone e divani;Le professioni comprese in questa unità inseriscono le imbottiture e confezionano per intero o in parti poltrone, divani, pouf e simili, in laboratori o industrie semiartigianali secondo standard e linee definite.
CP-2021;5;65365;6536;6.5.3.6.5;Tappezzieri di poltrone, divani e assimilati;Le professioni comprese in questa unità riparano e restaurano, in laboratori artigianali, su misura e ordinazione del cliente, poltrone, divani, pouf e oggetti simili.
CP-2021;5;65366;6536;6.5.3.6.6;Materassai;"Le professioni comprese in questa unità realizzano materassi e altri manufatti simili; curano il rifacimento di materassi in uso attraverso la cardatura della lana, l'inserimento di molle o altri interventi di manutenzione."
CP-2021;5;65370;6537;6.5.3.7.0;Artigiani e addetti alle tintolavanderie;"Le professioni comprese in questa unità lavano, puliscono a secco e stirano per le famiglie, articoli di abbigliamento, renna, pelle, pellicce, lenzuola, tende, biancheria fine, stuoie e tappeti; modificano o ripristinano il loro colore, identificano le macchie sui tessuti e applicano soluzioni chimiche per rimuoverle."
CP-2021;5;65410;6541;6.5.4.1.0;Conciatori di pelli e di pellicce;Le professioni comprese in questa unità si occupano della prima lavorazione e rifinitura del cuoio, delle pelli e delle pellicce, raschiano, sottopongono a concia, nappano, scamosciano, rifilano e portano a diverso grado di rifinitura i materiali della pelle animale in modo da renderli utilizzabili per confezionare capi e complementi di abbigliamento, accessori di varia utilità, calzature, rivestimenti e altri manufatti in cuoio e pelle.
CP-2021;5;65421;6542;6.5.4.2.1;Modellisti di calzature;Le professioni comprese in questa unità realizzano artigianalmente prodotti in cuoio, pelle e materiali simili, trasferendo su dime e sagome i disegni di calzature e dimensionandoli ai prodotti da realizzare.
CP-2021;5;65422;6542;6.5.4.2.2;Tagliatori di calzature;Le professioni comprese in questa unità realizzano prodotti in cuoio, pelle e materiali simili, tagliando calzature, per intero o in parti, secondo modelli e misure standard, in laboratori semi artigianali.
CP-2021;5;65423;6542;6.5.4.2.3;Confezionatori di calzature;Le professioni comprese in questa unità realizzano prodotti in cuoio, pelle e materiali simili, cucendo, confezionando, rifinendo e guarnendo calzature, per intero o in parti, secondo modelli e misure standard, in laboratori semi artigianali.
CP-2021;5;65424;6542;6.5.4.2.4;Calzolai, sellai e cuoiai;"Le professioni comprese in questa unità riparano, tagliano, cuciono, confezionano, rifiniscono e guarniscono calzature su misura del cliente in laboratori artigianali; realizzano artigianalmente selle, finimenti e altri oggetti in cuoio."
CP-2021;5;65431;6543;6.5.4.3.1;Modellisti di pelletteria;Le professioni comprese in questa unità realizzano artigianalmente accessori da viaggio e complementi di abbigliamento in pelle o in materiali simili trasferendo su dime e sagome i disegni e dimensionandoli agli oggetti da realizzare.
CP-2021;5;65432;6543;6.5.4.3.2;Tagliatori di pelletteria;Le professioni comprese in questa unità tagliano valigie ed accessori simili per intero o in parti, secondo misure standard in laboratori semiartigianali
CP-2021;5;65433;6543;6.5.4.3.3;Confezionatori di pelletteria;Le professioni comprese in questa unità cuciono, rifiniscono e guarniscono valigie ed accessori simili per intero o in parti, secondo misure standard in laboratori semiartigianali.
CP-2021;5;65434;6543;6.5.4.3.4;Pellettieri;Le professioni comprese in questa unità riparano, tagliano, cuciono, rifiniscono e guarniscono valigie ed accessori simili su misura o ordinazione del cliente in laboratori artigianali.
CP-2021;5;65510;6551;6.5.5.1.0;Macchinisti ed attrezzisti di scena;Le professioni comprese in questa unità realizzano, predispongono e alternano le scene e le ambientazioni necessarie allo svolgimento di uno spettacolo o di una ripresa cinematografica, televisiva o di spettacoli simili ovvero si occupano dell’attrezzeria e delle macchine di scena a disposizione di registi, attori e macchinisti, la fanno funzionare, realizzano, montano e modificano scene e ambientazioni avvalendosi di pedane mobili, pannelli, botole, carri e macchine simili.
CP-2021;5;71110;7111;7.1.1.1.0;Conduttori di macchinari in miniere e cave;"Le professioni comprese in questa unità conducono macchinari per asportare, scavare, tagliare, tracciare, sollevare e trasportare minerali, pietra e marmo da miniere e cave a cielo aperto; rinforzano, puntellano e mettono in sicurezza opere murarie, scavi, ambienti di miniere e di cave, condotti, gallerie e posti di snodo tra gallerie; sono addetti alla manutenzione dei macchinari utilizzati."
CP-2021;5;71120;7112;7.1.1.2.0;Conduttori di impianti per il primo trattamento di minerali e di pietre;Le professioni comprese in questa unità conducono macchine per separare, frantumare, depurare, vagliare, agglomerare e in generale per le operazioni di primo trattamento di minerali e pietra in impianti associati a miniere e cave a cielo aperto.
CP-2021;5;71131;7113;7.1.1.3.1;Trivellatori di pozzi;Le professioni comprese in questa unità conducono macchine per trivellare e attrezzare all’uso pozzi minerari e per l’estrazione di petrolio, gas naturale e acqua.
CP-2021;5;71132;7113;7.1.1.3.2;Conduttori di sonde e perforatrici da prospezione;Le professioni comprese in questa unità conducono macchine per sondare il sottosuolo, prelevarne campioni per le analisi di laboratorio ed effettuare prospezioni geologiche.
CP-2021;5;71211;7121;7.1.2.1.1;Operatori di altoforno;"Le professioni comprese in questa unità conducono macchine e impianti di caricamento e di posizionamento dei minerali e dei rottami nei forni e negli altoforni; conducono gli altoforni."
CP-2021;5;71212;7121;7.1.2.1.2;Operatori di colata;Le professioni comprese in questa unità conducono gli impianti siderurgici di colata in lingotti, lastre, barre e gli impianti di taglio della ghisa, del ferro e dell’acciaio prodotti.
CP-2021;5;71221;7122;7.1.2.2.1;Operatori di forni di seconda fusione;Le professioni comprese in questa unità conducono macchine e impianti di caricamento del metallo in forni di seconda fusione e conducono questi ultimi.
CP-2021;5;71222;7122;7.1.2.2.2;Operatori di laminatoi;Le professioni comprese in questa unità conducono treni ed impianti di laminazione a freddo e a caldo delle colate di ferro e acciaio.
CP-2021;5;71230;7123;7.1.2.3.0;Operatori di impianti per il trattamento termico dei metalli;Le professioni comprese in questa unità conducono macchine e impianti, basati su tecnologie diverse, per la tempera, la ricottura e per altri trattamenti termici di metalli e leghe metalliche.
CP-2021;5;71241;7124;7.1.2.4.1;Conduttori di macchine per la trafila di metalli;Le professioni comprese in questa unità conducono macchine e impianti per la produzione, a mezzo di deformazione plastica, di semilavorati e prodotti finiti in metallo ovvero di macchine e di impianti per la trafilatura di corpi piatti, pieni e cavi e di fili.
CP-2021;5;71242;7124;7.1.2.4.2;Conduttori di macchine per l’estrusione e la profilatura di metalli;Le professioni comprese in questa unità conducono macchine e impianti per l’estrusione diretta e inversa di metalli duttili e la profilatura a caldo o a freddo di metalli ferrosi e non.
CP-2021;5;71251;7125;7.1.2.5.1;Operatori di impianti termici per la produzione di metalli non ferrosi;Le professioni comprese in questa unità conducono macchine e impianti per la produzione e la raffinazione di metalli non ferrosi ovvero conducono impianti e macchinari per la riduzione, l'alligazione e la raffinazione termica dei minerali e dei metalli non ferrosi.
CP-2021;5;71252;7125;7.1.2.5.2;Operatori di impianti elettrochimici per la produzione di metalli non ferrosi;Le professioni comprese in questa unità conducono macchine e impianti per la produzione e la raffinazione di metalli non ferrosi ovvero conducono impianti e macchinari per la loro riduzione e raffinazione per elettrolisi e per lisciviazione.
CP-2021;5;71310;7131;7.1.3.1.0;Conduttori di impianti per dosare, miscelare ed impastare materiali per la produzione del vetro, della ceramica e dei laterizi;Le professioni comprese in questa unità conducono impianti e macchinari per dosare, miscelare e impastare sabbie, minerali, vetro di recupero, terre e argille per la produzione del vetro, di manufatti in terracotta, in ceramica e in laterizio.
CP-2021;5;71321;7132;7.1.3.2.1;Conduttori di forni per la produzione del vetro;Le professioni comprese in questa unità conducono impianti e macchinari per la produzione del vetro ovvero impianti e macchinari di caricamento nei forni e fusione di sabbie, di minerali e vetro di recupero necessari alla produzione.
CP-2021;5;71322;7132;7.1.3.2.2;Conduttori di impianti per la lavorazione del vetro;Le professioni comprese in questa unità conducono impianti e macchinari per la produzione di lastre, per la trafilatura, l’estrusione, il taglio, lo stampaggio, il trattamento termico e la rifinitura del vetro e degli oggetti in vetro prodotti in serie.
CP-2021;5;71331;7133;7.1.3.3.1;Conduttori di impianti per la formatura di articoli in ceramica e terracotta;Le professioni comprese in questa unità conducono impianti e macchinari per la produzione e la lavorazione di manufatti in ceramica e terracotta ovvero impianti e macchinari per formare, stampare e comprimere i manufatti da realizzare.
CP-2021;5;71332;7133;7.1.3.3.2;Conduttori di forni per la produzione di articoli in ceramica e terracotta;Le professioni comprese in questa unità conducono impianti e macchinari per la produzione e la lavorazione in serie di manufatti in ceramica e terracotta ovvero per essiccare, cuocere e sottoporre ad ulteriori trattamenti termici tali manufatti.
CP-2021;5;71341;7134;7.1.3.4.1;Conduttori di impianti per la formatura di laterizi;Le professioni comprese in questa unità conducono impianti e macchinari per la produzione e la lavorazione di laterizi e di materiali affini per l’edilizia, ovvero impianti e macchinari per formare, stampare e comprimere i manufatti da realizzare.
CP-2021;5;71342;7134;7.1.3.4.2;Conduttori di forni per la produzione di laterizi;Le professioni comprese in questa unità conducono impianti e macchinari per la produzione e la lavorazione in serie di laterizi e di materiali affini per l’edilizia, ovvero per essiccare, cuocere e sottoporre ad ulteriori trattamenti termici tali manufatti.
CP-2021;5;71410;7141;7.1.4.1.0;Conduttori di impianti per la fabbricazione in serie di pannelli in legno;"Le professioni comprese in questa unità conducono impianti e macchinari per la produzione in serie di pannelli semilavorati in legno, trucioli e segatura di legno destinati alla produzione industriale; assemblano, impiallacciano e incollano strati incrociati di varie essenze in pannelli compensati o multistrato di vario spessore e qualità; impastano, stendono e pressano trucioli in legno, segature, colle e resine in pannelli di diverso spessore e caratteristiche fisiche."
CP-2021;5;71420;7142;7.1.4.2.0;Operatori di impianti per la preparazione della pasta di legno e di altri materiali per cartiera;"Le professioni comprese in questa unità conducono impianti e macchinari per la trasformazione di materiali a base di cellulosa in paste di legno e materie prime simili per cartiera; caricano legno, stracci ed altri materiali a base di cellulosa negli impianti di preparazione delle miscele; conducono gli impianti e i reattori chimici per la loro trasformazione in paste di cellulosa e per i trattamenti di affinamento di queste ultime."
CP-2021;5;71430;7143;7.1.4.3.0;Operatori di impianti per la fabbricazione della carta;Le professioni comprese in questa unità conducono impianti e macchinari per la trasformazione delle paste di cellulosa in carta, per dare loro la consistenza fisica richiesta e stenderle e trasformarle in carta, per sbiancare quest’ultima, lisciarla, patinarla o filigranarla, nonché per avvolgere i fogli in bobine o confezionarli in risme di diversa dimensione.
CP-2021;5;71511;7151;7.1.5.1.1;Conduttori di impianti per la raffinazione del gas e dei prodotti petroliferi;Le professioni comprese in questa unità conducono distillatori, reattori ed altri impianti e macchinari per la lavorazione dei prodotti petroliferi ovvero provvedono alla loro raffinazione alimentando e conducendo distillatori e reattori e stoccando i prodotti derivati.
CP-2021;5;71512;7151;7.1.5.1.2;Conduttori di impianti per la stazzatura di prodotti petroliferi;Le professioni comprese in questa unità conducono impianti e macchine per la stazzatura e l’imbottigliamento dei gas derivati dal processo di raffinazione dei prodotti petroliferi.
CP-2021;5;71520;7152;7.1.5.2.0;Operatori di macchinari e di impianti per la chimica di base e la chimica fine;"Le professioni comprese in questa unità conducono impianti e macchine per filtrare, depurare liquidi e gas, per separare fanghi e altre componenti solide da fluidi, per separare liquidi e gas di diverse densità per successive lavorazioni e produzioni; conducono distillatori per la produzione di sostanze chimiche di base provvedendo anche all'alimentazione degli impianti e allo stoccaggio delle sostanze prodotte; provvedono alla conduzione e al controllo di reattori e di altri impianti chimici effettuando analisi strumentali standard e agendo attraverso quadri di manovra che riportano in tempo reale lo stato dei parametri fisici e chimici essenziali e che consentono l'azionamento di valvole, pompe, generatori di calore ed altri dispositivi di gestione dei processi chimici e delle condizioni energetiche in cui avvengono."
CP-2021;5;71531;7153;7.1.5.3.1;Operatori di macchinari per la produzione di farmaci;Le professioni comprese in questa unità conducono e controllano impianti e macchinari per la fabbricazione di prodotti della chimica fine e delle specialità ovvero conducono e controllano impianti e macchinari per la produzione dei farmaci e dei loro principi attivi, delle miscele con eccipienti, del loro dosaggio e del relativo confezionamento per il consumo finale.
CP-2021;5;71532;7153;7.1.5.3.2;Operatori di macchinari per la produzione di prodotti derivati dalla chimica (farmaci esclusi);"Le professioni comprese in questa unità conducono e controllano impianti e macchinari per la fabbricazione di prodotti derivati dalla chimica (farmaci esclusi) ovvero conducono e controllano impianti e macchinari per la fabbricazione di prodotti cosmetici, detergenti e tensioattivi, delle miscele con eccipienti, del loro dosaggio e del relativo confezionamento per il consumo finale; per la produzione delle miscele e dei preparati esplosivi, dei loro dosaggi in cariche, per il confezionamento di munizioni, detonatori, candelotti o altri tipi di esplosivi per usi industriali e non; per la fabbricazione di prodotti derivati dalla produzione chimica secondaria quali candele, linoleum, gas alogeni, vernici, adesivi, colle e resine; per la produzione di materie intermedie derivate dalla produzione chimica primaria quali soluzioni chimiche decolorate, gas, coke, altri derivati dalla lavorazione del carbone, fertilizzanti, fibre sintetiche derivate dalla lavorazione o estrusione di polimeri, materie e sostanze radioattive e prodotti simili."
CP-2021;5;71610;7161;7.1.6.1.0;Conduttori di caldaie a vapore e di motori termici in impianti industriali;Le professioni comprese in questa unità conducono e controllano impianti e macchinari per la produzione di energia termica e di vapore, nonché motori termici a combustione interna asserviti ad impianti industriali.
CP-2021;5;71621;7162;7.1.6.2.1;Operatori di impianti di recupero e riciclaggio dei rifiuti;Le professioni comprese in questa unità conducono e controllano impianti per il recupero e il riciclaggio dei rifiuti.
CP-2021;5;71622;7162;7.1.6.2.2;Operatori di impianti per la depurazione, la potabilizzazione e la distribuzione delle acque;Le professioni comprese in questa unità conducono e controllano impianti per il trattamento e la distribuzione delle acque.
CP-2021;5;71710;7171;7.1.7.1.0;Operatori di catene di montaggio automatizzate;Le professioni comprese in questa unità conducono e controllano l’attività di catene di montaggio automatizzate e di robot industriali, provvedono al loro avviamento e operano sui meccanismi di funzionamento in relazione alle esigenze produttive programmate.
CP-2021;5;71810;7181;7.1.8.1.0;Conduttori di mulini e impastatrici;Le professioni comprese in questa unità conducono impianti e macchinari per macinare, separare, granulare ed impastare minerali o sostanze chimiche per successive trasformazioni e lavorazioni.
CP-2021;5;71820;7182;7.1.8.2.0;Conduttori di forni e di impianti per il trattamento termico dei minerali;Le professioni comprese in questa unità conducono forni ed altri impianti per il trattamento termico dei minerali per trasformarli mediante processi termici di ossidazione, disidratazione, riduzione e decomposizione in materie prime per successive lavorazioni e produzioni.
CP-2021;5;72110;7211;7.2.1.1.0;Conduttori di macchine utensili automatiche e semiautomatiche industriali;Le professioni comprese in questa unità conducono e supportano il funzionamento di macchine utensili industriali automatiche, semiautomatiche e a controllo numerico e dei relativi centri di produzione per la lavorazione, l'asportazione e la deformazione di semilavorati in metallo (fresatrici, torni, trapani, alesatrici, rettificatici, piallatici, presse,...).
CP-2021;5;72120;7212;7.2.1.2.0;Conduttori di macchinari per la produzione di manufatti in cemento e assimilati;"Le professioni comprese in questa unità conducono e sorvegliano impianti e macchinari per la produzione di manufatti in cemento e in materiali simili; conducono e sorvegliano impianti e macchine per produrre e miscelare i componenti, impastarli e colarli, nonché per la formatura, la pressatura e la rifinitura dei manufatti prodotti."
CP-2021;5;72130;7213;7.2.1.3.0;Conduttori di macchinari per la produzione di abrasivi e manufatti abrasivi minerali;"Le professioni comprese in questa unità conducono e sorvegliano impianti e macchinari per la produzione di manufatti in minerali abrasivi e simili; conducono e sorvegliano impianti e macchine per produrre le sabbie, miscelarle e impastarle, per la formatura, la pressatura e la rifinitura dei manufatti prodotti."
CP-2021;5;72210;7221;7.2.2.1.0;Finitori di metalli e conduttori di impianti per finire, rivestire, placcare metalli e oggetti in metallo;Le professioni comprese in questa unità conducono impianti e macchinari per il trattamento, il rivestimento, la rifinitura, la placcatura chimica ed elettrochimica di metalli e oggetti in metallo.
CP-2021;5;72220;7222;7.2.2.2.0;Conduttori di macchinari per la fabbricazione di prodotti fotografici e assimilati;Le professioni comprese in questa unità conducono impianti e macchinari per la produzione di emulsioni fotografiche e la fabbricazione di supporti fotosensibili (pellicole e carte fotografiche, pellicole radiografiche, cinematografiche,...)
CP-2021;5;72310;7231;7.2.3.1.0;Conduttori di macchinari per la confezione e vulcanizzazione dei pneumatici;Le professioni comprese in questa unità conducono impianti e macchinari per la fabbricazione dei pneumatici, per i processi di vulcanizzazione della gomma, di cucitura, di armatura, di budellatura dei pneumatici e per la loro ricostruzione.
CP-2021;5;72320;7232;7.2.3.2.0;Conduttori di macchinari per la fabbricazione di altri articoli in gomma;Le professioni comprese in questa unità conducono impianti e macchinari per la lavorazione della gomma e la fabbricazione di prodotti in gomma, diversi dai pneumatici, destinati al consumo finale o alla produzione industriale.
CP-2021;5;72330;7233;7.2.3.3.0;Conduttori di macchinari per la fabbricazione di articoli in plastica e assimilati;Le professioni comprese in questa unità conducono impianti e macchinari per la lavorazione della plastica e la fabbricazione di prodotti in plastica destinati al consumo finale o alla produzione industriale.
CP-2021;5;72410;7241;7.2.4.1.0;Addetti a macchinari per la produzione in serie di mobili e di articoli in legno;"Le professioni comprese in questa unità conducono impianti e macchinari per la produzione in serie di mobili e di articoli in legno e simili, conducono e sorvegliano i macchinari per tagliare, sagomare, intagliare, perforare, piallare, tornire e levigare il legno e i pannelli in legno o i materiali simili; sorvegliano la regolarità dei processi di lavorazione e intervengono in caso di malfunzionamento degli impianti e dei macchinari."
CP-2021;5;72510;7251;7.2.5.1.0;Conduttori di macchinari per tipografia e stampa su carta e cartone;"Le professioni comprese in questa unità conducono impianti e macchinari per la stampa in serie e in continuo di carta e cartone, diversamente lavorati, destinati alla confezione di prodotti industriali e alla realizzazione di articoli e prodotti per il consumo finale e la produzione industriale; curano le prove colore e verificano la correttezza del processo di stampa."
CP-2021;5;72520;7252;7.2.5.2.0;Conduttori di macchinari per la fabbricazione di prodotti in carta e cartone;Le professioni comprese in questa unità conducono impianti e macchinari per la fabbricazione in serie di prodotti in carta e cartone, diversamente lavorati, destinati alla confezione di prodotti industriali e alla produzione di altri articoli per il consumo finale e la produzione industriale.
CP-2021;5;72530;7253;7.2.5.3.0;Conduttori di macchinari per rilegatura di libri e assimilati;Le professioni comprese in questa unità conducono impianti e macchinari per rilegare in serie libri, riviste e articoli simili.
CP-2021;5;72610;7261;7.2.6.1.0;Addetti a macchinari per la filatura e la bobinatura;Le professioni comprese in questa unità conducono impianti e macchinari automatici per la filatura e la bobinatura in continuo di fibre naturali e sintetiche.
CP-2021;5;72620;7262;7.2.6.2.0;Addetti a telai meccanici e a macchinari per la tessitura e la maglieria;Le professioni comprese in questa unità conducono impianti e macchinari automatici per la tessitura in continuo di filati e di maglie.
CP-2021;5;72630;7263;7.2.6.3.0;Operai addetti a macchinari industriali per confezioni di abbigliamento in stoffa e assimilati;Le professioni comprese in questa unità conducono impianti e macchinari automatici per la produzione in serie di capi e complementi di abbigliamento e di articoli simili, sorvegliano e conducono macchine per tagliare, assemblare e cucire i tessuti secondo misure e modelli predefiniti.
CP-2021;5;72640;7264;7.2.6.4.0;Addetti ai macchinari per il trattamento di pulitura a secco, candeggio e tintura di filati e tessuti industriali;Le professioni comprese in questa unità conducono impianti e macchinari automatici per il trattamento chimico e fisico, il carbonissaggio, il degodronaggio, la brovatura, il decatissaggio, la follatura, la tintura, il lavaggio, il candeggio, la stiratura, l’apprettatura e trattamenti simili di filati e di tessuti industriali.
CP-2021;5;72650;7265;7.2.6.5.0;Addetti a macchinari per la stampa dei tessuti;Le professioni comprese in questa unità conducono impianti e macchinari automatici per la stampa in continuo dei tessuti, curano le prove colore, verificano la correttezza del processo di stampa.
CP-2021;5;72661;7266;7.2.6.6.1;Addetti a macchinari industriali per la preparazione di pelli e pellicce;Le professioni comprese in questa unità conducono impianti e macchinari automatici per la lavorazione di pelli e di pellicce.
CP-2021;5;72662;7266;7.2.6.6.2;Addetti a macchinari per la produzione in serie di articoli in pelle e pelliccia;"Le professioni comprese in questa unità conducono impianti e macchinari per la produzione in serie di articoli e accessori in pelle e pelliccia; sorvegliano e conducono macchine per tagliare, assemblare, incollare e cucire i materiali secondo misure e modelli predefiniti."
CP-2021;5;72670;7267;7.2.6.7.0;Addetti a macchinari per la produzione in serie di calzature;"Le professioni comprese in questa unità conducono impianti e macchinari automatici per la produzione in serie di calzature; sorvegliano e conducono macchine per tagliare, assemblare, incollare e cucire i materiali secondo misure e modelli predefiniti."
CP-2021;5;72690;7269;7.2.6.9.0;Altri operai addetti a macchinari dell'industria tessile e delle confezioni ed assimilati;"Le professioni comprese in questa unità conducono impianti e macchinari automatici per la produzione e confezione in serie di materiali e di articoli per l’abbigliamento e di accessori diversi dai capi di vestiario ovvero conducono impianti e macchinari per la produzione in serie di passamaneria, feltreria e simili; sorvegliano e conducono macchine per tagliare, assemblare, incollare e cucire i materiali secondo misure e modelli predefiniti."
CP-2021;5;72710;7271;7.2.7.1.0;Assemblatori in serie di parti di macchine;Le professioni comprese in questa unità montano, in catene o linee semiautomatiche di assemblaggio e con l’ausilio di utensili manuali o semiautomatici, componenti di macchine o parti di macchine.
CP-2021;5;72720;7272;7.2.7.2.0;Assemblatori e cablatori di apparecchiature elettriche;Le professioni comprese in questa unità montano, in catene o linee semiautomatiche di assemblaggio e con l’ausilio di utensili manuali o semiautomatici, e cablano componenti di apparati e di apparecchiature elettriche o di loro parti.
CP-2021;5;72730;7273;7.2.7.3.0;Assemblatori e cablatori di apparecchiature elettroniche e di telecomunicazioni;Le professioni comprese in questa unità montano, in catene o linee semiautomatiche di assemblaggio e con l’ausilio di utensili manuali o semiautomatici, e cablano componenti di apparecchiature elettroniche e di telecomunicazione e di loro parti.
CP-2021;5;72740;7274;7.2.7.4.0;Assemblatori in serie di articoli in metallo, in gomma e in materie plastiche;Le professioni comprese in questa unità montano, in catene o linee semiautomatiche di assemblaggio e con l’ausilio di utensili manuali o semiautomatici, componenti di articoli in metallo, gomma e materie plastiche o di loro parti.
CP-2021;5;72750;7275;7.2.7.5.0;Assemblatori in serie di articoli in legno e in materiali assimilati;Le professioni comprese in questa unità montano, in catene o linee semiautomatiche di assemblaggio e con l’ausilio di utensili manuali o semiautomatici, componenti di articoli in legno e materiali simili.
CP-2021;5;72760;7276;7.2.7.6.0;Assemblatori in serie di articoli in cartone, in tessuto e materie assimilate;Le professioni comprese in questa unità montano, in catene o linee semiautomatiche di assemblaggio e con l’ausilio di utensili manuali o semiautomatici, componenti di articoli in cartone, tessuto e materiali simili.
CP-2021;5;72790;7279;7.2.7.9.0;Assemblatori in serie di articoli industriali compositi;Le professioni comprese in questa unità montano, in catene o linee semiautomatiche di assemblaggio e con l’ausilio di utensili manuali o semiautomatici, pezzi di articoli composti da materiali e apparati di diversa natura e funzione.
CP-2021;5;72810;7281;7.2.8.1.0;Addetti a macchine confezionatrici e al confezionamento di prodotti industriali;Le professioni comprese in questa unità conducono e sono addetti a impianti e macchinari per il confezionamento, l’imbottigliamento, l’inscatolamento, l’invasatura, l’imballo e simili di prodotti industriali.
CP-2021;5;73110;7311;7.3.1.1.0;Addetti agli impianti fissi in agricoltura e nell'allevamento;"Le professioni comprese in questa unità conducono impianti e macchinari fissi per il primo trattamento e la prima lavorazione dei prodotti agricoli e di allevamento ovvero conducono impianti e macchinari fissi per la pulitura, vagliatura, essiccazione, insilaggio e conservazione dei prodotti agricoli freschi; conducono impianti e macchinari fissi di pulizia e di tenuta igienica dei luoghi di alimentazione degli animali in allevamento, di raccolta, lavaggio, pulizia, stoccaggio e operazioni simili di prodotti di allevamento diversi dal latte."
CP-2021;5;73120;7312;7.3.1.2.0;Addetti agli impianti per la trasformazione delle olive;Le professioni comprese in questa unità conducono impianti e macchinari da frantoio per la trasformazione delle olive e delle sanse in olii.
CP-2021;5;73130;7313;7.3.1.3.0;Addetti alla refrigerazione, trattamento igienico e prima trasformazione del latte;Le professioni comprese in questa unità conducono impianti e macchinari per la refrigerazione, l’igienizzazione, il primo trattamento del latte e la prima trasformazione del latte.
CP-2021;5;73210;7321;7.3.2.1.0;Conduttori di macchinari per la lavorazione e la conservazione della carne e del pesce;Le professioni comprese in questa unità conducono impianti e macchinari per la lavorazione e la conservazione della carne e del pesce, per tagliare, tritare e impastare carne e pesce, per essiccarli, salarli, affumicarli, insaccarli, cuocerli, inscatolarli e confezionarli in prodotti destinati al consumo alimentare.
CP-2021;5;73220;7322;7.3.2.2.0;Conduttori di apparecchi per la lavorazione industriale di prodotti lattiero – caseari;Le professioni comprese in questa unità conducono impianti e macchinari per la lavorazione industriale di prodotti lattiero-caseari, per centrifugare, pastorizzare, concentrare il latte, fermentarlo, cagliarlo, per produrre burro, panna, latticini, formaggi freschi, per stagionare formaggi e per lavorazioni e produzioni simili.
CP-2021;5;73231;7323;7.3.2.3.1;Conduttori di macchinari industriali per la lavorazione dei cereali;Le professioni comprese in questa unità conducono impianti e macchinari industriali per la lavorazione dei cereali ovvero per la molitura dei cereali, l’abburattamento e la selezione delle farine.
CP-2021;5;73232;7323;7.3.2.3.2;Conduttori di macchinari industriali per la lavorazione delle spezie;Le professioni comprese in questa unità conducono impianti e macchinari industriali per la pulitura, la selezione e la lavorazione delle spezie.
CP-2021;5;73233;7323;7.3.2.3.3;Conduttori di macchinari industriali per la lavorazione di prodotti a base di cereali;Le professioni comprese in questa unità conducono impianti e macchinari industriali per la lavorazione e la produzione industriale di paste alimentari fresche e essiccate.
CP-2021;5;73241;7324;7.3.2.4.1;Conduttori di macchinari per la cernita e la calibratura di prodotti ortofrutticoli;Le professioni comprese in questa unità conducono impianti e macchinari industriali per il trattamento e la conservazione di prodotti agricoli freschi destinati al consumo, ovvero per la pulizia, la calibratura e la selezione di prodotti ortofrutticoli.
CP-2021;5;73242;7324;7.3.2.4.2;Conduttori di macchinari per la conservazione di frutta e verdura;Le professioni comprese in questa unità conducono impianti e macchinari industriali per il trattamento e la conservazione di prodotti agricoli freschi destinati al consumo, ovvero per la conservazione di frutta e verdura fresca e la loro lavorazione in prodotti conservati.
CP-2021;5;73243;7324;7.3.2.4.3;Conduttori di macchinari per la conservazione di legumi e riso;Le professioni comprese in questa unità conducono impianti e macchinari industriali per il trattamento e la conservazione di prodotti agricoli freschi destinati al consumo, ovvero per la vagliatura, pulitura, selezione, lavorazione e conservazione dei legumi e del riso.
CP-2021;5;73244;7324;7.3.2.4.4;Conduttori di macchinari per la produzione di oli di semi;Le professioni comprese in questa unità conducono impianti e macchinari industriali per il trattamento e la conservazione di prodotti agricoli freschi destinati al consumo, ovvero per la lavorazione dei semi e la successiva produzione di olii.
CP-2021;5;73250;7325;7.3.2.5.0;Conduttori di macchinari per la produzione e la raffinazione dello zucchero;Le professioni comprese in questa unità conducono impianti e macchinari industriali per la lavorazione della materia prima (canna o barbabietola da zucchero) e la produzione e la raffinazione dello zucchero.
CP-2021;5;73261;7326;7.3.2.6.1;Conduttori di macchinari per la preparazione e la produzione del the, del caffè e del cacao;Le professioni comprese in questa unità conducono impianti e macchinari industriali per la preparazione e la produzione del the, del caffè e del cacao, ovvero per l’essiccazione, il trattamento, la miscelazione, la torrefazione e la molitura dei chicchi di caffè, dei semi di cacao e delle foglie di the.
CP-2021;5;73262;7326;7.3.2.6.2;Conduttori di macchinari per la preparazione e la produzione della cioccolata;Le professioni comprese in questa unità conducono impianti e macchinari industriali per la preparazione e la produzione della cioccolata, ovvero per la produzione, raffinazione e tempera della cioccolata e prodotti industriali a base di cioccolata.
CP-2021;5;73270;7327;7.3.2.7.0;Conduttori di macchinari per la lavorazione dei prodotti del tabacco;Le professioni comprese in questa unità conducono impianti e macchinari industriali per la lavorazione del tabacco, per essiccarlo, trinciarlo, conciarlo miscelarlo e confezionarlo in sigari, sigarette, tavolette e polvere.
CP-2021;5;73281;7328;7.3.2.8.1;Addetti a macchinari industriali per la vinificazione;Le professioni comprese in questa unità conducono impianti e macchinari industriali per la produzione del vino, ovvero per la vinificazione delle uve, la produzione, l’invecchiamento e la conservazione del vino.
CP-2021;5;73282;7328;7.3.2.8.2;Addetti a macchinari industriali per la produzione di birra;Le professioni comprese in questa unità conducono impianti e macchinari industriali per la produzione della birra, ovvero per la fermentazione dei cereali, la preparazione dei mosti e per la preparazione, la lavorazione, l’invecchiamento e la conservazione della birra.
CP-2021;5;73283;7328;7.3.2.8.3;Addetti a macchinari industriali per la produzione di liquori, di distillati e di bevande alcoliche;Le professioni comprese in questa unità conducono impianti e macchinari industriali per la distillazione di vinacce, di cereali e di puree di frutta o di altri vegetali fermentati, per l’infusione di erbe e semi aromatici in alcool e la lavorazione, la produzione, l’invecchiamento e la conservazione di liquori, distillati e bevande alcoliche.
CP-2021;5;73284;7328;7.3.2.8.4;Addetti a macchinari industriali per la produzione di bevande analcoliche e gassate;Le professioni comprese in questa unità conducono impianti e macchinari industriali per la lavorazione di frutta, ortaggi ed altri prodotti naturali o aromatici e per la produzione e la conservazione di bevande analcoliche e gassate.
CP-2021;5;73290;7329;7.3.2.9.0;Conduttori di macchinari per la produzione di pasticceria e prodotti da forno;Le professioni comprese in questa unità conducono impianti e macchinari industriali per la produzione di pasticceria e di prodotti da forno, per miscelare e impastare farine e altri composti e per farcire, modellare, essiccare e cuocere.
CP-2021;5;74110;7411;7.4.1.1.0;Conduttori di convogli ferroviari;Le professioni comprese in questa unità conducono convogli ferroviari con propulsori diesel, elettrici o a vapore per il trasporto su rotaia di persone e merci.
CP-2021;5;74120;7412;7.4.1.2.0;Operatori di verifica, circolazione e formazione treni;"Le professioni comprese in questa unità controllano e azionano i dispositivi di frenatura dei convogli ferroviari in relazione alla loro composizione, i dispositivi di segnalazione dello stato del percorso ferroviario e del convoglio e di scambio; verificano e manutengono i dispositivi di sicurezza; eseguono la composizione e la scomposizione dei treni all'interno delle stazioni; manovrano e conducono altri mezzi rotabili e di trazione di supporto alle attività di sorveglianza, di mantenimento in sicurezza del traffico ferroviario e di manutenzione del materiale rotabile."
CP-2021;5;74130;7413;7.4.1.3.0;Manovratori di impianti a fune;Le professioni comprese in questa unità controllano e azionano i dispositivi di movimentazione e frenatura dei convogli funiviari e teleferici, in condizioni di sicurezza rispetto alle condizioni atmosferiche, alle portate massime e alle segnalazioni dei dispositivi di controllo.
CP-2021;5;74210;7421;7.4.2.1.0;Autisti di taxi, conduttori di automobili, furgoni e altri veicoli per trasporto di persone;Le professioni comprese in questa unità conducono motocicli, autoveicoli, furgoni, navette, autoambulanze e altri veicoli leggeri per il trasporto di persone, bagagli o assimilati, dotati di motore a combustione interna o ad energia elettrica, ne effettuano il carico, lo scarico ed il rifornimento, facilitano la salita e la discesa dei passeggeri, gestiscono le relazioni economiche ed informative con gli stessi, agendo nel rispetto delle caratteristiche meccaniche del mezzo, delle condizioni viarie e delle norme applicabili.
CP-2021;5;74220;7422;7.4.2.2.0;Conduttori di autobus, di tram e di filobus;Le professioni comprese in questa unità guidano autobus, tram, filobus ed altri mezzi dotati di motore a combustione interna o ad energia elettrica, facilitano la salita e la discesa dei passeggeri, gestiscono le relazioni informative con gli stessi, nel rispetto degli itinerari, delle disposizione di corsa, delle condizioni viarie e delle norme di sicurezza applicabili.
CP-2021;5;74230;7423;7.4.2.3.0;Conduttori di mezzi pesanti e camion;Le professioni comprese in questa unità guidano autotreni e mezzi pesanti per il trasporto di merci, sovrintendono alle operazioni di carico e di scarico, provvedendo al rifornimento, agendo nel rispetto delle caratteristiche meccaniche, delle condizioni viarie e delle norme applicabili.
CP-2021;5;74240;7424;7.4.2.4.0;Conduttori di veicoli a trazione animale;Le professioni comprese in questa unità guidano veicoli a trazione animale, ne effettuano il carico e lo scarico, curano le condizioni dell'animale al traino, agendo nel rispetto delle caratteristiche dell’animale, del mezzo, delle condizioni viarie e delle norme applicabili.
CP-2021;5;74310;7431;7.4.3.1.0;Conduttori di trattori agricoli;Le professioni comprese in questa unità guidano trattori agricoli e macchine agricole per la semina, l’aratura e la concimazione dei terreni, agganciano e sganciano le motrici da carrelli e attrezzi, provvedendo al rifornimento e agendo nel rispetto delle caratteristiche meccaniche, delle condizioni del terreno e delle norme applicabili.
CP-2021;5;74321;7432;7.4.3.2.1;Conduttori di macchine raccoglitrici, trinciatrici e pressatrici agricole;"Le professioni comprese in questa unità guidano macchine agricole per mietere, trinciare, pressare e imballare fieno e paglia, ne curano l'efficienza, ne dirigono e controllano l'azione durante il lavoro sul terreno; provvedono al rifornimento, agendo nel rispetto delle caratteristiche meccaniche, delle condizioni del terreno e delle norme applicabili."
CP-2021;5;74322;7432;7.4.3.2.2;Conduttori di mietitrebbiatrici;Le professioni comprese in questa unità guidano macchine mietitrebbiatrici, ne curano l'efficienza, ne dirigono e controllano l'azione durante il lavoro sul terreno, provvedono al rifornimento, agendo nel rispetto delle caratteristiche meccaniche, delle condizioni del terreno, del tipo di raccolto e delle norme applicabili.
CP-2021;5;74323;7432;7.4.3.2.3;Conduttori di macchine per la raccolta di prodotti agricoli (barbabietole, patate, frutta, uva e ortive);Le professioni comprese in questa unità guidano macchine per la raccolta di prodotti agricoli (barbabietole, patate, frutta, uva e ortive), curano l'efficienza delle attrezzature, ne dirigono e controllano l'azione durante il lavoro sul terreno, provvedono al rifornimento, agendo nel rispetto delle caratteristiche meccaniche, delle condizioni del terreno, del tipo di raccolto e delle norme applicabili.
CP-2021;5;74330;7433;7.4.3.3.0;Conduttori di macchine forestali;Le professioni comprese in questa unità guidano macchine per disboscare, tagliare, segare, estirpare o eseguire altre lavorazioni forestali, curano l'efficienza delle attrezzature, ne dirigono e controllano l'azione durante il lavoro sul terreno, provvedono al rifornimento, agendo nel rispetto delle caratteristiche meccaniche, delle condizioni del terreno, dei materiali da trattare e delle norme applicabili.
CP-2021;5;74410;7441;7.4.4.1.0;Conduttori di macchinari per il movimento terra;Le professioni comprese in questa unità manovrano macchine per il movimento terra e simili, ne curano l'efficienza delle attrezzature, ne dirigono e controllano l'azione durante il lavoro, provvedono al rifornimento, agendo nel rispetto delle caratteristiche meccaniche, delle condizioni del terreno, del tipo di scavo o di sterro da svolgere e delle norme applicabili.
CP-2021;5;74421;7442;7.4.4.2.1;Conduttori di macchinari mobili per la perforazione in edilizia;Le professioni comprese in questa unità manovrano macchine per la perforazione in edilizia e lavorazioni simili, ne curano l'efficienza, ne effettuano il posizionamento, ne dirigono e controllano l'azione durante il lavoro, provvedono al rifornimento, agendo nel rispetto delle caratteristiche meccaniche, delle condizioni del terreno, del tipo di lavoro da svolgere e delle norme applicabili.
CP-2021;5;74422;7442;7.4.4.2.2;Conduttori di macchinari mobili per la perforazione di gallerie;Le professioni comprese in questa unità manovrano macchine per la perforazione di gallerie, ne curano l'efficienza, ne effettuano il posizionamento, ne dirigono e controllano l'azione durante il lavoro, provvedono al rifornimento, agendo nel rispetto delle caratteristiche meccaniche, delle condizioni dei materiali da perforare, del tipo di lavoro da svolgere e delle norme applicabili.
CP-2021;5;74430;7443;7.4.4.3.0;Conduttori di gru e di apparecchi di sollevamento;Le professioni comprese in questa unità manovrano macchine fisse, mobili o semoventi, per il sollevamento di materiali, ne curano l'efficienza, effettuano il posizionamento, ne dirigono e controllano l'azione durante il lavoro, effettuano le operazioni di aggancio e sgancio delle masse da sollevare, agendo nel rispetto delle caratteristiche meccaniche, delle condizioni atmosferiche e di contesto, della natura del carico e delle norme applicabili.
CP-2021;5;74440;7444;7.4.4.4.0;Conduttori di carrelli elevatori;Le professioni comprese in questa unità manovrano carrelli elevatori per il sollevamento e lo spostamento di merci e di grandi masse, ne curano l'efficienza, ne dirigono e controllano l'azione durante il lavoro, effettuano le operazioni di carico e scarico delle masse sollevate, agendo nel rispetto delle caratteristiche meccaniche, delle condizioni atmosferiche e di contesto, della natura del carico e delle norme applicabili.
CP-2021;5;74510;7451;7.4.5.1.0;Marinai di coperta;"Le professioni comprese in questa unità eseguono le manovre di bordo utilizzando le attrezzature fisse e semoventi di sollevamento e piazzamento in stiva o su ponte di merci e container; operano sulle saracinesche e le pompe dedicate al carico e scarico dei carichi liquidi; assicurano il carico a mezzo di corde e tiranti; effettuano operazioni di fardaggio, agendo nel rispetto delle caratteristiche meccaniche, delle condizioni atmosferiche e di contesto, della natura del carico e delle norme applicabili; mantengono pulite e in efficienza le attrezzature di bordo, ormeggiano, eseguono segnalazioni e curano i rifornimenti."
CP-2021;5;74520;7452;7.4.5.2.0;Conduttori di caldaie ed altre attrezzature navali;"Le professioni comprese in questa unità conducono caldaie e turbine a vapore su navi, garantendone l’alimentazione in funzione dell'energia richiesta; controllando le condizioni di temperatura e pressione; curano l'utilizzo e mantengono in efficienza gli altri mezzi meccanici di bordo."
CP-2021;5;74530;7453;7.4.5.3.0;Conduttori di barche e battelli a motore;Le professioni comprese in questa unità guidano barche e battelli con motore a combustione interna, ne effettuano il carico, lo scarico ed il rifornimento, facilitano la salita e la discesa degli eventuali passeggeri, agendo nel rispetto delle caratteristiche meccaniche, delle condizioni atmosferiche e di contesto, della natura del carico e delle norme applicabili.
CP-2021;5;81110;8111;8.1.1.1.0;Venditori ambulanti di beni;Le professioni classificate in questa unità commerciano generi alimentari non destinati all'immediato consumo, manufatti, biglietti della lotteria, oggetti e articoli di varia natura, per strada o in luoghi pubblici in postazioni non fisse.
CP-2021;5;81120;8112;8.1.1.2.0;Venditori ambulanti di servizi;Le professioni classificate in questa unità offrono servizi di vario genere, esercitano piccoli mestieri di strada, lustrano e riparano scarpe, affilano lame, riparano ombrelli ed altri oggetti per strada, porta a porta o in luoghi pubblici in postazioni non fisse.
CP-2021;5;81210;8121;8.1.2.1.0;Uscieri e professioni assimilate;"Le professioni classificate in questa unità accolgono clienti o visitatori presso imprese o organizzazioni, indirizzandoli verso gli uffici di destinazione, fornendo loro indicazioni su come arrivarci; ricevono e distribuiscono documenti, materiali e pacchi fra gli uffici o all’esterno; notificano ufficialmente documenti a persone, imprese, organizzazioni o istituzioni accusandone ricevuta."
CP-2021;5;81220;8122;8.1.2.2.0;Lettori di contatori, collettori di monete e professioni assimilate;"Le professioni classificate in questa unità provvedono alla lettura dei consumi registrati da contatori presso abitazioni, imprese, organizzazioni o istituzioni trasferendo l’informazione agli uffici competenti; raccolgono monete e denaro da distributori automatici di merci, da parchimetri, biglietterie automatiche e simili o da altri ricevitori; ricaricano di merci o altro materiale i distributori automatici, provvedendo alla loro piccola manutenzione."
CP-2021;5;81310;8131;8.1.3.1.0;Facchini, addetti allo spostamento merci ed assimilati;"Le professioni classificate in questa unità provvedono alle operazioni di carico, scarico e movimentazione delle merci all’interno di aeroporti, stazioni ferroviarie, porti, imprese, organizzazioni e per le stesse famiglie; raccolgono e trasportano i bagagli dei viaggiatori e dei clienti di alberghi e di altre strutture ricettive."
CP-2021;5;81320;8132;8.1.3.2.0;Personale non qualificato addetto all'imballaggio e al magazzino;Le professioni classificate in questa unità supportano le attività dei magazzini imballando e disimballando merci, etichettandole, consegnandole ai clienti o ai commessi, ricevendole dai fornitori e spostandole all’interno del magazzino.
CP-2021;5;81330;8133;8.1.3.3.0;Addetti alle consegne di merci;Le professioni classificate in questa unità ritirano e consegnano, nelle zone urbane ed extraurbane assegnate, pacchi, documenti e materiali su chiamata diretta.
CP-2021;5;81410;8141;8.1.4.1.0;Personale non qualificato addetto alla pulizia nei servizi di alloggio e nelle navi;"Le professioni classificate in questa unità curano il riordino e la pulizia delle camere, dei bagni, delle cucine e degli ambienti comuni negli alberghi o altri servizi di alloggio e nelle navi; provvedono alla sostituzione delle lenzuola, degli asciugamani e di altri accessori a disposizione dei clienti."
CP-2021;5;81420;8142;8.1.4.2.0;Personale non qualificato nei servizi di ristorazione;Le professioni classificate in questa unità svolgono attività di supporto in cucina, a cuochi e camerieri, lavando le stoviglie, il pentolame, mantenendo pulite le attrezzature, predisponendo gli ingredienti da lavorare e verificandone la disponibilità in dispensa.
CP-2021;5;81430;8143;8.1.4.3.0;Personale non qualificato addetto ai servizi di pulizia di uffici ed esercizi commerciali;Le professioni classificate in questa unità mantengono puliti e in ordine gli ambienti di imprese, organizzazioni, enti pubblici ed esercizi commerciali.
CP-2021;5;81440;8144;8.1.4.4.0;Addetti al lavaggio veicoli;"Le professioni classificate in questa unità lavano a mano vetri e parti esterne di automobili o altri veicoli; utilizzano aspirapolveri, strumenti di pulitura a secco o detergenti per rimuovere polvere o macchie dalle tappezzerie interne."
CP-2021;5;81450;8145;8.1.4.5.0;Operatori ecologici e altri raccoglitori e separatori di rifiuti;Le professioni classificate in questa unità provvedono alla raccolta dei rifiuti nelle strade, negli edifici, nelle industrie e nei luoghi pubblici e al loro caricamento sui mezzi di trasporto presso i luoghi di smaltimento, si occupano della raccolta dagli appositi contenitori dei materiali riciclabili e del loro caricamento su mezzi di trasporto.
CP-2021;5;81510;8151;8.1.5.1.0;Bidelli e professioni assimilate;Le professioni classificate in questa unità sorvegliano e mantengono pulite strutture e ambienti scolastici, accolgono e indirizzano i visitatori, consegnano e smistano comunicazioni agli insegnanti, sbrigano piccole commissioni.
CP-2021;5;81520;8152;8.1.5.2.0;Portantini e professioni assimilate;"Le professioni classificate in questa unità trasportano ammalati o utenti all’interno di strutture sanitarie, di ricovero e di lunga degenza per anziani o disabili; si occupano della pulizia degli ambienti."
CP-2021;5;81611;8161;8.1.6.1.1;Personale non qualificato addetto ai servizi di custodia di edifici;"Le professioni classificate in questa unità custodiscono edifici, vigilano sugli accessi, prevengono l’ingresso di persone indesiderate, garantiscono il rispetto dei regolamenti segnalando eventuali trasgressioni; svolgono attività di portierato presso condomini privati."
CP-2021;5;81612;8161;8.1.6.1.2;Personale non qualificato addetto ai servizi di custodia di impianti;Le professioni classificate in questa unità custodiscono impianti, vigilano sugli accessi, garantiscono il rispetto dei regolamenti, prevengono danni o manomissioni segnalando eventuali trasgressioni o situazioni anomale.
CP-2021;5;81613;8161;8.1.6.1.3;Personale non qualificato addetto ai servizi di custodia di attrezzature e beni;Le professioni classificate in questa unità sorvegliano attrezzature, merci e oggetti lasciati in custodia, prevengono furti o danneggiamenti dei beni segnalando eventuali situazioni anomale.
CP-2021;5;82110;8211;8.2.1.1.0;Personale non qualificato nei servizi ricreativi e culturali;"Le professioni classificate in questa unità svolgono attività non qualificate di accoglienza, accompagnamento e assistenza dei clienti nella fruizione di servizi ricreativi e culturali, assicurano il corretto uso di attrezzature, mezzi e locali; sorvegliano luoghi e attrezzature garantendo il rispetto dei regolamenti e segnalando eventuali trasgressioni."
CP-2021;5;82210;8221;8.2.2.1.0;Collaboratori domestici e professioni assimilate;"Le professioni classificate in questa unità mantengono in ordine e puliti gli ambienti domestici, svolgono piccoli lavori di manutenzione della casa; puliscono, smacchiano, lavano e stirano a mano presso le famiglie capi di abbigliamento, di biancheria, tende, materassi, lane e oggetti e materiali simili; fanno la spesa giornaliera, cucinano e servono i pasti."
CP-2021;5;83110;8311;8.3.1.1.0;Braccianti agricoli;Le professioni classificate in questa unità eseguono lavori manuali non qualificati in agricoltura, vangano il terreno, mantengono pulite le colture, le diserbano manualmente dalle piante infestanti, spostano attrezzi, sementi e prodotti agricoli, caricano e scaricano i mezzi che li trasportano, provvedono a raccogliere i prodotti delle colture, portano acqua e cibo sui campi.
CP-2021;5;83120;8312;8.3.1.2.0;Personale non qualificato addetto alla manutenzione del verde;"Le professioni classificate in questa unità eseguono lavori manuali non qualificati nella cura di piante, fiori o alberi in parchi pubblici o giardini privati; vangano e irrigano il terreno, mantengono pulite le aiuole, le diserbano manualmente dalle piante infestanti, spostano attrezzi, caricano e scaricano i mezzi che li trasportano."
CP-2021;5;83210;8321;8.3.2.1.0;Personale forestale non qualificato;Le professioni classificate in questa unità svolgono attività manuali non qualificate di scavo del terreno nelle operazioni di rimboschimento e di disboscamento, di pulizia del sottobosco, di taglio della legna, di ripulitura dei tronchi dai rami, di carico del legname sui mezzi di trasporto, di scarico e di stivatura dello stesso.
CP-2021;5;83220;8322;8.3.2.2.0;Personale non qualificato addetto alla cura degli animali;Le professioni classificate in questa unità svolgono attività manuali non qualificate di cura degli animali, mantengono puliti i luoghi di allevamento, alimentano manualmente le mangiatoie, accompagnano al pascolo il bestiame, lo custodiscono nei luoghi di ricovero, raccolgono manualmente e conservano i prodotti dell’allevamento.
CP-2021;5;83230;8323;8.3.2.3.0;Personale non qualificato addetto alla pesca ed alla caccia;"Le professioni classificate in questa unità svolgono attività manuali non qualificate di supporto alla pesca in acque interne, costiere o in alto mare e alle attività di ricerca, cattura e abbattimento di selvaggina; stendono e ritirano reti, vagliano e selezionano il pescato, abbattono pesci di grandi dimensioni; fungono da battitori nella caccia, tengono e curano i cani, raccolgono e preparano la selvaggina."
CP-2021;5;84110;8411;8.4.1.1.0;Manovali ed altro personale non qualificato delle miniere e delle cave;Le professioni classificate in questa unità svolgono compiti semplici e routinari di supporto alle attività di miniere e cave, caricano e scaricano materiali e attrezzature, li movimentano manualmente, puliscono e lubrificano macchine e attrezzature da estrazione, mantengono sgombra da impedimenti l’area di lavoro.
CP-2021;5;84210;8421;8.4.2.1.0;Manovali e personale non qualificato dell’edilizia civile e professioni assimilate;Le professioni classificate in questa unità svolgono lavori manuali non qualificati nell’edilizia civile, caricano e scaricano materiali e attrezzature, li movimentano manualmente, puliscono e preparano i cantieri, porgono le attrezzature e il materiale da costruzione, mantengono sgombra da impedimenti l’area di lavoro, rimuovono macerie e residui.
CP-2021;5;84220;8422;8.4.2.2.0;Manovali e personale non qualificato della costruzione e manutenzione di strade, dighe e altre opere pubbliche;"Le professioni classificate in questa unità svolgono lavori manuali non qualificati nei cantieri stradali e autostradali, nei lavori di costruzione di dighe, gallerie o di altre grandi opere; caricano e scaricano materiali e attrezzature, li movimentano manualmente, puliscono e preparano i cantieri, scavano e puntellano trincee, porgono attrezzature e materiali da costruzione, mantengono sgombra da impedimenti l’area di lavoro, rimuovono macerie e residui."
CP-2021;5;84310;8431;8.4.3.1.0;Personale non qualificato delle attività industriali e professioni assimilate;Le professioni classificate in questa unità svolgono lavori manuali non qualificati presso le imprese industriali, porgono utensili e materiali, aiutano a sostenere parti da montare o da lavorare, mantengono in ordine, puliti e lubrificati gli utensili e le attrezzature, sgombra e pulita l'area di lavoro, scaricano e caricano, imballano manualmente materiali e prodotti, smontano e demoliscono oggetti, macchine e attrezzature.
CP-2021;5;91110;9111;9.1.1.1.0;Ufficiali delle forze armate;Le professioni di questa unità garantiscono l'integrità territoriale e politica della nazione e la sua sicurezza in tempo di pace e di guerra. Sono compresi in questa unità i membri delle Forze Armate con il grado uguale o superiore a quello di Sottotenente (o Guardiamarina nel caso della marina militare)
CP-2021;5;92110;9211;9.2.1.1.0;Sergenti, sovraintendenti e marescialli delle forze armate;Le professioni di questa unità garantiscono l'integrità territoriale e politica della nazione e la sua sicurezza in tempo di pace e di guerra. Sono compresi in questa unità i membri delle Forze Armate con il grado compreso fra Sergente (o Vicebrigadiere nel caso dell'arma dei carabinieri) e Primo Maresciallo Luogotenente (o M.A.s. UPS Luogotenente nel caso dell'arma dei carabinieri).
CP-2021;5;93110;9311;9.3.1.1.0;Truppa delle forze armate;Le professioni di questa unità garantiscono l'integrità territoriale e politica della nazione e la sua sicurezza in tempo di pace e di guerra. Sono compresi in questa unità i membri delle Forze Armate con grado uguale o inferiore a Caporalmaggiore Capo Scelto (nel caso dell'esercito), Sottocapo di 1° Classe Scelto ( per la marina militare), 1° Aviere Capo Scelto (nel caso dell'Aeronautica Militare) e Appuntato Scelto (per l'arma dei carabinieri).
